{
"type": "FeatureCollection",
"name": "07b_osm_water_points",
"crs": { "type": "name", "properties": { "name": "urn:ogc:def:crs:OGC:1.3:CRS84" } },
"features": [
{ "type": "Feature", "properties": { "source_type": "water", "osm_type": "way", "osm_id": 23784045, "name": "ទន្លេស្រែពក", "man_made": null, "tower_type": null, "mobile_phone": null, "operator": null, "waterway": "river", "natural": null, "lat": 13.4671953, "lon": 106.9188433 }, "geometry": { "type": "Point", "coordinates": [ 106.9188433, 13.4671953 ] } },
{ "type": "Feature", "properties": { "source_type": "water", "osm_type": "way", "osm_id": 32749022, "name": null, "man_made": null, "tower_type": null, "mobile_phone": null, "operator": null, "waterway": null, "natural": "water", "lat": 12.3251583, "lon": 105.7489685 }, "geometry": { "type": "Point", "coordinates": [ 105.7489685, 12.3251583 ] } },
{ "type": "Feature", "properties": { "source_type": "water", "osm_type": "way", "osm_id": 32750013, "name": null, "man_made": null, "tower_type": null, "mobile_phone": null, "operator": null, "waterway": "river", "natural": null, "lat": 14.3430939, "lon": 106.3397198 }, "geometry": { "type": "Point", "coordinates": [ 106.3397198, 14.3430939 ] } },
{ "type": "Feature", "properties": { "source_type": "water", "osm_type": "way", "osm_id": 32751298, "name": "បឹងខ្នាយរមាស", "man_made": null, "tower_type": null, "mobile_phone": null, "operator": null, "waterway": null, "natural": "water", "lat": 12.5367777, "lon": 105.9725459 }, "geometry": { "type": "Point", "coordinates": [ 105.9725459, 12.5367777 ] } },
{ "type": "Feature", "properties": { "source_type": "water", "osm_type": "way", "osm_id": 36074929, "name": "Suối Đắk Glong", "man_made": null, "tower_type": null, "mobile_phone": null, "operator": null, "waterway": "stream", "natural": null, "lat": 11.9197489, "lon": 107.7582192 }, "geometry": { "type": "Point", "coordinates": [ 107.7582192, 11.9197489 ] } },
{ "type": "Feature", "properties": { "source_type": "water", "osm_type": "way", "osm_id": 36778749, "name": null, "man_made": null, "tower_type": null, "mobile_phone": null, "operator": null, "waterway": "river", "natural": null, "lat": 13.9437588, "lon": 105.941642 }, "geometry": { "type": "Point", "coordinates": [ 105.941642, 13.9437588 ] } },
{ "type": "Feature", "properties": { "source_type": "water", "osm_type": "way", "osm_id": 40664096, "name": "ទន្លេកុង", "man_made": null, "tower_type": null, "mobile_phone": null, "operator": null, "waterway": "river", "natural": null, "lat": 14.313809, "lon": 106.3545556 }, "geometry": { "type": "Point", "coordinates": [ 106.3545556, 14.313809 ] } },
{ "type": "Feature", "properties": { "source_type": "water", "osm_type": "way", "osm_id": 40664097, "name": "ទន្លេកុង", "man_made": null, "tower_type": null, "mobile_phone": null, "operator": null, "waterway": "river", "natural": null, "lat": 13.6446351, "lon": 106.1017022 }, "geometry": { "type": "Point", "coordinates": [ 106.1017022, 13.6446351 ] } },
{ "type": "Feature", "properties": { "source_type": "water", "osm_type": "way", "osm_id": 52783976, "name": "ទន្លេសាន", "man_made": null, "tower_type": null, "mobile_phone": null, "operator": null, "waterway": "river", "natural": null, "lat": 13.5519244, "lon": 106.2634833 }, "geometry": { "type": "Point", "coordinates": [ 106.2634833, 13.5519244 ] } },
{ "type": "Feature", "properties": { "source_type": "water", "osm_type": "way", "osm_id": 52784167, "name": "ទន្លេសាន", "man_made": null, "tower_type": null, "mobile_phone": null, "operator": null, "waterway": "river", "natural": null, "lat": 14.0612016, "lon": 107.0689955 }, "geometry": { "type": "Point", "coordinates": [ 107.0689955, 14.0612016 ] } },
{ "type": "Feature", "properties": { "source_type": "water", "osm_type": "way", "osm_id": 52784384, "name": "ទន្លេស្រែពក", "man_made": null, "tower_type": null, "mobile_phone": null, "operator": null, "waterway": "river", "natural": null, "lat": 13.451741, "lon": 106.7134697 }, "geometry": { "type": "Point", "coordinates": [ 106.7134697, 13.451741 ] } },
{ "type": "Feature", "properties": { "source_type": "water", "osm_type": "way", "osm_id": 52784395, "name": "ទន្លេសាន", "man_made": null, "tower_type": null, "mobile_phone": null, "operator": null, "waterway": "river", "natural": null, "lat": 13.5449986, "lon": 105.9829661 }, "geometry": { "type": "Point", "coordinates": [ 105.9829661, 13.5449986 ] } },
{ "type": "Feature", "properties": { "source_type": "water", "osm_type": "way", "osm_id": 52786853, "name": "ទន្លេសាន", "man_made": null, "tower_type": null, "mobile_phone": null, "operator": null, "waterway": "river", "natural": null, "lat": 13.7461038, "lon": 106.5868392 }, "geometry": { "type": "Point", "coordinates": [ 106.5868392, 13.7461038 ] } },
{ "type": "Feature", "properties": { "source_type": "water", "osm_type": "way", "osm_id": 52787750, "name": "ទន្លេសាន", "man_made": null, "tower_type": null, "mobile_phone": null, "operator": null, "waterway": "river", "natural": null, "lat": 13.8322044, "lon": 107.3750134 }, "geometry": { "type": "Point", "coordinates": [ 107.3750134, 13.8322044 ] } },
{ "type": "Feature", "properties": { "source_type": "water", "osm_type": "way", "osm_id": 52787755, "name": null, "man_made": null, "tower_type": null, "mobile_phone": null, "operator": null, "waterway": "river", "natural": null, "lat": 14.2342844, "lon": 107.2440661 }, "geometry": { "type": "Point", "coordinates": [ 107.2440661, 14.2342844 ] } },
{ "type": "Feature", "properties": { "source_type": "water", "osm_type": "way", "osm_id": 52787772, "name": "Sông Sê San", "man_made": null, "tower_type": null, "mobile_phone": null, "operator": null, "waterway": "river", "natural": null, "lat": 14.016734, "lon": 107.5704375 }, "geometry": { "type": "Point", "coordinates": [ 107.5704375, 14.016734 ] } },
{ "type": "Feature", "properties": { "source_type": "water", "osm_type": "way", "osm_id": 52787780, "name": "Sông Sa Thầy", "man_made": null, "tower_type": null, "mobile_phone": null, "operator": null, "waterway": "river", "natural": null, "lat": 14.0754258, "lon": 107.4471327 }, "geometry": { "type": "Point", "coordinates": [ 107.4471327, 14.0754258 ] } },
{ "type": "Feature", "properties": { "source_type": "water", "osm_type": "way", "osm_id": 52789102, "name": "Sông Sa Thầy", "man_made": null, "tower_type": null, "mobile_phone": null, "operator": null, "waterway": "river", "natural": null, "lat": 14.2353372, "lon": 107.4756325 }, "geometry": { "type": "Point", "coordinates": [ 107.4756325, 14.2353372 ] } },
{ "type": "Feature", "properties": { "source_type": "water", "osm_type": "way", "osm_id": 52789791, "name": "Sông Ia Grai", "man_made": null, "tower_type": null, "mobile_phone": null, "operator": null, "waterway": "river", "natural": null, "lat": 13.9722296, "lon": 107.7137664 }, "geometry": { "type": "Point", "coordinates": [ 107.7137664, 13.9722296 ] } },
{ "type": "Feature", "properties": { "source_type": "water", "osm_type": "way", "osm_id": 52813722, "name": "ព្រែកដ្រាំង", "man_made": null, "tower_type": null, "mobile_phone": null, "operator": null, "waterway": "river", "natural": null, "lat": 13.5478979, "lon": 107.4903097 }, "geometry": { "type": "Point", "coordinates": [ 107.4903097, 13.5478979 ] } },
{ "type": "Feature", "properties": { "source_type": "water", "osm_type": "way", "osm_id": 52813771, "name": "ព្រែកដាក់ដាំ / Sông Đắk Đăm", "man_made": null, "tower_type": null, "mobile_phone": null, "operator": null, "waterway": "river", "natural": null, "lat": 12.8937873, "lon": 107.5133931 }, "geometry": { "type": "Point", "coordinates": [ 107.5133931, 12.8937873 ] } },
{ "type": "Feature", "properties": { "source_type": "water", "osm_type": "way", "osm_id": 52813778, "name": "ទន្លេស្រែពក", "man_made": null, "tower_type": null, "mobile_phone": null, "operator": null, "waterway": "river", "natural": null, "lat": 13.1471307, "lon": 107.4259695 }, "geometry": { "type": "Point", "coordinates": [ 107.4259695, 13.1471307 ] } },
{ "type": "Feature", "properties": { "source_type": "water", "osm_type": "way", "osm_id": 52825332, "name": "Sông Sê San", "man_made": null, "tower_type": null, "mobile_phone": null, "operator": null, "waterway": "river", "natural": null, "lat": 14.2145824, "lon": 107.77501 }, "geometry": { "type": "Point", "coordinates": [ 107.77501, 14.2145824 ] } },
{ "type": "Feature", "properties": { "source_type": "water", "osm_type": "way", "osm_id": 52879711, "name": "ទន្លេស្រែពក", "man_made": null, "tower_type": null, "mobile_phone": null, "operator": null, "waterway": null, "natural": "water", "lat": 13.4343318, "lon": 106.8483208 }, "geometry": { "type": "Point", "coordinates": [ 106.8483208, 13.4343318 ] } },
{ "type": "Feature", "properties": { "source_type": "water", "osm_type": "way", "osm_id": 52923588, "name": "ទន្លេសាន", "man_made": null, "tower_type": null, "mobile_phone": null, "operator": null, "waterway": null, "natural": "water", "lat": 13.6995884, "lon": 106.5209237 }, "geometry": { "type": "Point", "coordinates": [ 106.5209237, 13.6995884 ] } },
{ "type": "Feature", "properties": { "source_type": "water", "osm_type": "way", "osm_id": 52923590, "name": null, "man_made": null, "tower_type": null, "mobile_phone": null, "operator": null, "waterway": "river", "natural": null, "lat": 14.1765357, "lon": 106.8693567 }, "geometry": { "type": "Point", "coordinates": [ 106.8693567, 14.1765357 ] } },
{ "type": "Feature", "properties": { "source_type": "water", "osm_type": "way", "osm_id": 53571969, "name": null, "man_made": null, "tower_type": null, "mobile_phone": null, "operator": null, "waterway": null, "natural": "water", "lat": 13.967891, "lon": 106.8165257 }, "geometry": { "type": "Point", "coordinates": [ 106.8165257, 13.967891 ] } },
{ "type": "Feature", "properties": { "source_type": "water", "osm_type": "way", "osm_id": 53749104, "name": "ទន្លេសាន", "man_made": null, "tower_type": null, "mobile_phone": null, "operator": null, "waterway": null, "natural": "water", "lat": 14.0093484, "lon": 106.9011798 }, "geometry": { "type": "Point", "coordinates": [ 106.9011798, 14.0093484 ] } },
{ "type": "Feature", "properties": { "source_type": "water", "osm_type": "way", "osm_id": 61511777, "name": "Sông Bé", "man_made": null, "tower_type": null, "mobile_phone": null, "operator": null, "waterway": "river", "natural": null, "lat": 11.8241347, "lon": 106.756194 }, "geometry": { "type": "Point", "coordinates": [ 106.756194, 11.8241347 ] } },
{ "type": "Feature", "properties": { "source_type": "water", "osm_type": "way", "osm_id": 85949722, "name": "បឹងយក្សឡោម", "man_made": null, "tower_type": null, "mobile_phone": null, "operator": null, "waterway": null, "natural": "water", "lat": 13.7298528, "lon": 107.0151106 }, "geometry": { "type": "Point", "coordinates": [ 107.0151106, 13.7298528 ] } },
{ "type": "Feature", "properties": { "source_type": "water", "osm_type": "way", "osm_id": 86106458, "name": "Mekong", "man_made": null, "tower_type": null, "mobile_phone": null, "operator": null, "waterway": "river", "natural": null, "lat": 14.1238942, "lon": 106.5411937 }, "geometry": { "type": "Point", "coordinates": [ 106.5411937, 14.1238942 ] } },
{ "type": "Feature", "properties": { "source_type": "water", "osm_type": "way", "osm_id": 96322364, "name": null, "man_made": null, "tower_type": null, "mobile_phone": null, "operator": null, "waterway": null, "natural": "water", "lat": 13.7786185, "lon": 107.0017155 }, "geometry": { "type": "Point", "coordinates": [ 107.0017155, 13.7786185 ] } },
{ "type": "Feature", "properties": { "source_type": "water", "osm_type": "way", "osm_id": 109785489, "name": null, "man_made": null, "tower_type": null, "mobile_phone": null, "operator": null, "waterway": null, "natural": "water", "lat": 13.8872005, "lon": 106.9611151 }, "geometry": { "type": "Point", "coordinates": [ 106.9611151, 13.8872005 ] } },
{ "type": "Feature", "properties": { "source_type": "water", "osm_type": "way", "osm_id": 138108957, "name": "Hồ Nông Trường 8", "man_made": null, "tower_type": null, "mobile_phone": null, "operator": null, "waterway": null, "natural": "water", "lat": 11.7777014, "lon": 106.958067 }, "geometry": { "type": "Point", "coordinates": [ 106.958067, 11.7777014 ] } },
{ "type": "Feature", "properties": { "source_type": "water", "osm_type": "way", "osm_id": 138108974, "name": null, "man_made": null, "tower_type": null, "mobile_phone": null, "operator": null, "waterway": null, "natural": "water", "lat": 11.8455044, "lon": 106.9915362 }, "geometry": { "type": "Point", "coordinates": [ 106.9915362, 11.8455044 ] } },
{ "type": "Feature", "properties": { "source_type": "water", "osm_type": "way", "osm_id": 138108976, "name": "Hồ Đắk Tol", "man_made": null, "tower_type": null, "mobile_phone": null, "operator": null, "waterway": null, "natural": "water", "lat": 11.8130774, "lon": 106.9710475 }, "geometry": { "type": "Point", "coordinates": [ 106.9710475, 11.8130774 ] } },
{ "type": "Feature", "properties": { "source_type": "water", "osm_type": "way", "osm_id": 138108978, "name": null, "man_made": null, "tower_type": null, "mobile_phone": null, "operator": null, "waterway": null, "natural": "water", "lat": 11.8455219, "lon": 106.9919022 }, "geometry": { "type": "Point", "coordinates": [ 106.9919022, 11.8455219 ] } },
{ "type": "Feature", "properties": { "source_type": "water", "osm_type": "way", "osm_id": 138108985, "name": null, "man_made": null, "tower_type": null, "mobile_phone": null, "operator": null, "waterway": null, "natural": "water", "lat": 11.7760289, "lon": 106.9509775 }, "geometry": { "type": "Point", "coordinates": [ 106.9509775, 11.7760289 ] } },
{ "type": "Feature", "properties": { "source_type": "water", "osm_type": "way", "osm_id": 138956556, "name": "Sông Đắk Glun", "man_made": null, "tower_type": null, "mobile_phone": null, "operator": null, "waterway": "river", "natural": null, "lat": 12.0485412, "lon": 107.3207304 }, "geometry": { "type": "Point", "coordinates": [ 107.3207304, 12.0485412 ] } },
{ "type": "Feature", "properties": { "source_type": "water", "osm_type": "way", "osm_id": 138956557, "name": "Suối Đắk Mai", "man_made": null, "tower_type": null, "mobile_phone": null, "operator": null, "waterway": "stream", "natural": null, "lat": 12.086403, "lon": 107.198217 }, "geometry": { "type": "Point", "coordinates": [ 107.198217, 12.086403 ] } },
{ "type": "Feature", "properties": { "source_type": "water", "osm_type": "way", "osm_id": 138956559, "name": "Sông Đắk Huýt / ព្រែកដាក់ហួត", "man_made": null, "tower_type": null, "mobile_phone": null, "operator": null, "waterway": "river", "natural": null, "lat": 12.303278, "lon": 107.2306784 }, "geometry": { "type": "Point", "coordinates": [ 107.2306784, 12.303278 ] } },
{ "type": "Feature", "properties": { "source_type": "water", "osm_type": "way", "osm_id": 138956560, "name": "Suối Đắk Ké", "man_made": null, "tower_type": null, "mobile_phone": null, "operator": null, "waterway": "river", "natural": null, "lat": 12.0642559, "lon": 107.2172103 }, "geometry": { "type": "Point", "coordinates": [ 107.2172103, 12.0642559 ] } },
{ "type": "Feature", "properties": { "source_type": "water", "osm_type": "way", "osm_id": 138956584, "name": null, "man_made": null, "tower_type": null, "mobile_phone": null, "operator": null, "waterway": null, "natural": "water", "lat": 11.9590933, "lon": 107.0065281 }, "geometry": { "type": "Point", "coordinates": [ 107.0065281, 11.9590933 ] } },
{ "type": "Feature", "properties": { "source_type": "water", "osm_type": "way", "osm_id": 138956598, "name": "Hồ Lộc Quang", "man_made": null, "tower_type": null, "mobile_phone": null, "operator": null, "waterway": null, "natural": "water", "lat": 11.8226769, "lon": 106.6881841 }, "geometry": { "type": "Point", "coordinates": [ 106.6881841, 11.8226769 ] } },
{ "type": "Feature", "properties": { "source_type": "water", "osm_type": "way", "osm_id": 138956629, "name": null, "man_made": null, "tower_type": null, "mobile_phone": null, "operator": null, "waterway": null, "natural": "water", "lat": 11.8840814, "lon": 107.3070717 }, "geometry": { "type": "Point", "coordinates": [ 107.3070717, 11.8840814 ] } },
{ "type": "Feature", "properties": { "source_type": "water", "osm_type": "way", "osm_id": 138960290, "name": "Sông Đắk R'Lấp", "man_made": null, "tower_type": null, "mobile_phone": null, "operator": null, "waterway": "river", "natural": null, "lat": 11.9223546, "lon": 107.3101472 }, "geometry": { "type": "Point", "coordinates": [ 107.3101472, 11.9223546 ] } },
{ "type": "Feature", "properties": { "source_type": "water", "osm_type": "way", "osm_id": 138960291, "name": "Hồ Cầu Trắng", "man_made": null, "tower_type": null, "mobile_phone": null, "operator": null, "waterway": null, "natural": "water", "lat": 11.8866346, "lon": 106.6979601 }, "geometry": { "type": "Point", "coordinates": [ 106.6979601, 11.8866346 ] } },
{ "type": "Feature", "properties": { "source_type": "water", "osm_type": "way", "osm_id": 138960292, "name": "Hồ Tà Tê", "man_made": null, "tower_type": null, "mobile_phone": null, "operator": null, "waterway": null, "natural": "water", "lat": 11.825461, "lon": 106.5166416 }, "geometry": { "type": "Point", "coordinates": [ 106.5166416, 11.825461 ] } },
{ "type": "Feature", "properties": { "source_type": "water", "osm_type": "way", "osm_id": 138960293, "name": "Hồ Rừng Cấm", "man_made": null, "tower_type": null, "mobile_phone": null, "operator": null, "waterway": null, "natural": "water", "lat": 11.8686237, "lon": 106.6033165 }, "geometry": { "type": "Point", "coordinates": [ 106.6033165, 11.8686237 ] } },
{ "type": "Feature", "properties": { "source_type": "water", "osm_type": "way", "osm_id": 141724694, "name": "Hồ Đăk Ning", "man_made": null, "tower_type": null, "mobile_phone": null, "operator": null, "waterway": null, "natural": "water", "lat": 11.957689, "lon": 107.7356132 }, "geometry": { "type": "Point", "coordinates": [ 107.7356132, 11.957689 ] } },
{ "type": "Feature", "properties": { "source_type": "water", "osm_type": "way", "osm_id": 141724734, "name": "Hồ Đắk Peur", "man_made": null, "tower_type": null, "mobile_phone": null, "operator": null, "waterway": null, "natural": "water", "lat": 12.415157, "lon": 107.5627771 }, "geometry": { "type": "Point", "coordinates": [ 107.5627771, 12.415157 ] } },
{ "type": "Feature", "properties": { "source_type": "water", "osm_type": "way", "osm_id": 141724852, "name": null, "man_made": null, "tower_type": null, "mobile_phone": null, "operator": null, "waterway": null, "natural": "water", "lat": 12.4141891, "lon": 107.679969 }, "geometry": { "type": "Point", "coordinates": [ 107.679969, 12.4141891 ] } },
{ "type": "Feature", "properties": { "source_type": "water", "osm_type": "way", "osm_id": 141724898, "name": "Hồ Núi Lửa", "man_made": null, "tower_type": null, "mobile_phone": null, "operator": null, "waterway": null, "natural": "water", "lat": 12.3945235, "lon": 107.577621 }, "geometry": { "type": "Point", "coordinates": [ 107.577621, 12.3945235 ] } },
{ "type": "Feature", "properties": { "source_type": "water", "osm_type": "way", "osm_id": 141724919, "name": "Hồ Đắk R'Tang", "man_made": null, "tower_type": null, "mobile_phone": null, "operator": null, "waterway": null, "natural": "water", "lat": 12.0107073, "lon": 107.5202537 }, "geometry": { "type": "Point", "coordinates": [ 107.5202537, 12.0107073 ] } },
{ "type": "Feature", "properties": { "source_type": "water", "osm_type": "way", "osm_id": 141783370, "name": "Sông Sê San", "man_made": null, "tower_type": null, "mobile_phone": null, "operator": null, "waterway": null, "natural": "water", "lat": 14.0851844, "lon": 107.6529161 }, "geometry": { "type": "Point", "coordinates": [ 107.6529161, 14.0851844 ] } },
{ "type": "Feature", "properties": { "source_type": "water", "osm_type": "way", "osm_id": 141783678, "name": null, "man_made": null, "tower_type": null, "mobile_phone": null, "operator": null, "waterway": null, "natural": "water", "lat": 13.9486699, "lon": 107.6525057 }, "geometry": { "type": "Point", "coordinates": [ 107.6525057, 13.9486699 ] } },
{ "type": "Feature", "properties": { "source_type": "water", "osm_type": "way", "osm_id": 141783679, "name": null, "man_made": null, "tower_type": null, "mobile_phone": null, "operator": null, "waterway": null, "natural": "water", "lat": 13.9347355, "lon": 107.6844445 }, "geometry": { "type": "Point", "coordinates": [ 107.6844445, 13.9347355 ] } },
{ "type": "Feature", "properties": { "source_type": "water", "osm_type": "way", "osm_id": 141783681, "name": null, "man_made": null, "tower_type": null, "mobile_phone": null, "operator": null, "waterway": null, "natural": "water", "lat": 13.9134827, "lon": 107.7025459 }, "geometry": { "type": "Point", "coordinates": [ 107.7025459, 13.9134827 ] } },
{ "type": "Feature", "properties": { "source_type": "water", "osm_type": "way", "osm_id": 141783689, "name": null, "man_made": null, "tower_type": null, "mobile_phone": null, "operator": null, "waterway": null, "natural": "water", "lat": 13.7808959, "lon": 107.6561374 }, "geometry": { "type": "Point", "coordinates": [ 107.6561374, 13.7808959 ] } },
{ "type": "Feature", "properties": { "source_type": "water", "osm_type": "way", "osm_id": 141783711, "name": null, "man_made": null, "tower_type": null, "mobile_phone": null, "operator": null, "waterway": null, "natural": "water", "lat": 13.9759769, "lon": 107.6397691 }, "geometry": { "type": "Point", "coordinates": [ 107.6397691, 13.9759769 ] } },
{ "type": "Feature", "properties": { "source_type": "water", "osm_type": "way", "osm_id": 151699609, "name": "Suối Ia Mơr", "man_made": null, "tower_type": null, "mobile_phone": null, "operator": null, "waterway": "river", "natural": null, "lat": 13.4391549, "lon": 107.7219806 }, "geometry": { "type": "Point", "coordinates": [ 107.7219806, 13.4391549 ] } },
{ "type": "Feature", "properties": { "source_type": "water", "osm_type": "way", "osm_id": 159448270, "name": null, "man_made": null, "tower_type": null, "mobile_phone": null, "operator": null, "waterway": "river", "natural": null, "lat": 14.1685769, "lon": 107.4875095 }, "geometry": { "type": "Point", "coordinates": [ 107.4875095, 14.1685769 ] } },
{ "type": "Feature", "properties": { "source_type": "water", "osm_type": "way", "osm_id": 159448277, "name": null, "man_made": null, "tower_type": null, "mobile_phone": null, "operator": null, "waterway": null, "natural": "water", "lat": 14.0436249, "lon": 107.6517304 }, "geometry": { "type": "Point", "coordinates": [ 107.6517304, 14.0436249 ] } },
{ "type": "Feature", "properties": { "source_type": "water", "osm_type": "way", "osm_id": 159453002, "name": null, "man_made": null, "tower_type": null, "mobile_phone": null, "operator": null, "waterway": null, "natural": "water", "lat": 13.9943251, "lon": 107.5661766 }, "geometry": { "type": "Point", "coordinates": [ 107.5661766, 13.9943251 ] } },
{ "type": "Feature", "properties": { "source_type": "water", "osm_type": "way", "osm_id": 159453008, "name": null, "man_made": null, "tower_type": null, "mobile_phone": null, "operator": null, "waterway": null, "natural": "water", "lat": 13.9902175, "lon": 107.5576702 }, "geometry": { "type": "Point", "coordinates": [ 107.5576702, 13.9902175 ] } },
{ "type": "Feature", "properties": { "source_type": "water", "osm_type": "way", "osm_id": 159454316, "name": null, "man_made": null, "tower_type": null, "mobile_phone": null, "operator": null, "waterway": null, "natural": "water", "lat": 13.9636699, "lon": 107.6453578 }, "geometry": { "type": "Point", "coordinates": [ 107.6453578, 13.9636699 ] } },
{ "type": "Feature", "properties": { "source_type": "water", "osm_type": "way", "osm_id": 159454317, "name": null, "man_made": null, "tower_type": null, "mobile_phone": null, "operator": null, "waterway": null, "natural": "water", "lat": 13.964522, "lon": 107.6329865 }, "geometry": { "type": "Point", "coordinates": [ 107.6329865, 13.964522 ] } },
{ "type": "Feature", "properties": { "source_type": "water", "osm_type": "way", "osm_id": 159454318, "name": null, "man_made": null, "tower_type": null, "mobile_phone": null, "operator": null, "waterway": null, "natural": "water", "lat": 13.9523713, "lon": 107.643171 }, "geometry": { "type": "Point", "coordinates": [ 107.643171, 13.9523713 ] } },
{ "type": "Feature", "properties": { "source_type": "water", "osm_type": "way", "osm_id": 161135881, "name": "Suối Đắk Klau", "man_made": null, "tower_type": null, "mobile_phone": null, "operator": null, "waterway": "stream", "natural": null, "lat": 12.587744, "lon": 107.6790238 }, "geometry": { "type": "Point", "coordinates": [ 107.6790238, 12.587744 ] } },
{ "type": "Feature", "properties": { "source_type": "water", "osm_type": "way", "osm_id": 161919025, "name": "ເຊປຽນ", "man_made": null, "tower_type": null, "mobile_phone": null, "operator": null, "waterway": "river", "natural": null, "lat": 14.4801516, "lon": 106.338654 }, "geometry": { "type": "Point", "coordinates": [ 106.338654, 14.4801516 ] } },
{ "type": "Feature", "properties": { "source_type": "water", "osm_type": "way", "osm_id": 161938709, "name": "Hồ Thanh Hà", "man_made": null, "tower_type": null, "mobile_phone": null, "operator": null, "waterway": null, "natural": "water", "lat": 12.4046337, "lon": 107.6330145 }, "geometry": { "type": "Point", "coordinates": [ 107.6330145, 12.4046337 ] } },
{ "type": "Feature", "properties": { "source_type": "water", "osm_type": "way", "osm_id": 162532491, "name": null, "man_made": null, "tower_type": null, "mobile_phone": null, "operator": null, "waterway": null, "natural": "water", "lat": 12.4514495, "lon": 107.5897114 }, "geometry": { "type": "Point", "coordinates": [ 107.5897114, 12.4514495 ] } },
{ "type": "Feature", "properties": { "source_type": "water", "osm_type": "way", "osm_id": 162532492, "name": null, "man_made": null, "tower_type": null, "mobile_phone": null, "operator": null, "waterway": null, "natural": "water", "lat": 12.4296232, "lon": 107.5753861 }, "geometry": { "type": "Point", "coordinates": [ 107.5753861, 12.4296232 ] } },
{ "type": "Feature", "properties": { "source_type": "water", "osm_type": "way", "osm_id": 162532493, "name": "Hồ Bu Đắk", "man_made": null, "tower_type": null, "mobile_phone": null, "operator": null, "waterway": null, "natural": "water", "lat": 12.4148762, "lon": 107.598173 }, "geometry": { "type": "Point", "coordinates": [ 107.598173, 12.4148762 ] } },
{ "type": "Feature", "properties": { "source_type": "water", "osm_type": "way", "osm_id": 162532496, "name": null, "man_made": null, "tower_type": null, "mobile_phone": null, "operator": null, "waterway": null, "natural": "water", "lat": 12.4405163, "lon": 107.5849463 }, "geometry": { "type": "Point", "coordinates": [ 107.5849463, 12.4405163 ] } },
{ "type": "Feature", "properties": { "source_type": "water", "osm_type": "way", "osm_id": 162532497, "name": "Hồ Tây", "man_made": null, "tower_type": null, "mobile_phone": null, "operator": null, "waterway": null, "natural": "water", "lat": 12.4302791, "lon": 107.592761 }, "geometry": { "type": "Point", "coordinates": [ 107.592761, 12.4302791 ] } },
{ "type": "Feature", "properties": { "source_type": "water", "osm_type": "way", "osm_id": 162941912, "name": null, "man_made": null, "tower_type": null, "mobile_phone": null, "operator": null, "waterway": "river", "natural": null, "lat": 13.25541, "lon": 106.0362623 }, "geometry": { "type": "Point", "coordinates": [ 106.0362623, 13.25541 ] } },
{ "type": "Feature", "properties": { "source_type": "water", "osm_type": "way", "osm_id": 162945572, "name": null, "man_made": null, "tower_type": null, "mobile_phone": null, "operator": null, "waterway": null, "natural": "water", "lat": 13.4339764, "lon": 106.1418655 }, "geometry": { "type": "Point", "coordinates": [ 106.1418655, 13.4339764 ] } },
{ "type": "Feature", "properties": { "source_type": "water", "osm_type": "way", "osm_id": 162946075, "name": null, "man_made": null, "tower_type": null, "mobile_phone": null, "operator": null, "waterway": null, "natural": "water", "lat": 13.4059818, "lon": 106.1106167 }, "geometry": { "type": "Point", "coordinates": [ 106.1106167, 13.4059818 ] } },
{ "type": "Feature", "properties": { "source_type": "water", "osm_type": "way", "osm_id": 162947744, "name": null, "man_made": null, "tower_type": null, "mobile_phone": null, "operator": null, "waterway": null, "natural": "water", "lat": 13.448554, "lon": 106.1365998 }, "geometry": { "type": "Point", "coordinates": [ 106.1365998, 13.448554 ] } },
{ "type": "Feature", "properties": { "source_type": "water", "osm_type": "way", "osm_id": 162948701, "name": null, "man_made": null, "tower_type": null, "mobile_phone": null, "operator": null, "waterway": "stream", "natural": null, "lat": 13.4935883, "lon": 106.1161973 }, "geometry": { "type": "Point", "coordinates": [ 106.1161973, 13.4935883 ] } },
{ "type": "Feature", "properties": { "source_type": "water", "osm_type": "way", "osm_id": 162948735, "name": null, "man_made": null, "tower_type": null, "mobile_phone": null, "operator": null, "waterway": "canal", "natural": null, "lat": 13.5040103, "lon": 106.0955603 }, "geometry": { "type": "Point", "coordinates": [ 106.0955603, 13.5040103 ] } },
{ "type": "Feature", "properties": { "source_type": "water", "osm_type": "way", "osm_id": 162948738, "name": null, "man_made": null, "tower_type": null, "mobile_phone": null, "operator": null, "waterway": "stream", "natural": null, "lat": 13.4876857, "lon": 106.1060873 }, "geometry": { "type": "Point", "coordinates": [ 106.1060873, 13.4876857 ] } },
{ "type": "Feature", "properties": { "source_type": "water", "osm_type": "way", "osm_id": 163046013, "name": null, "man_made": null, "tower_type": null, "mobile_phone": null, "operator": null, "waterway": null, "natural": "water", "lat": 13.1036425, "lon": 106.0974401 }, "geometry": { "type": "Point", "coordinates": [ 106.0974401, 13.1036425 ] } },
{ "type": "Feature", "properties": { "source_type": "water", "osm_type": "way", "osm_id": 163057821, "name": "ទន្លេស្រែពក", "man_made": null, "tower_type": null, "mobile_phone": null, "operator": null, "waterway": "river", "natural": null, "lat": 13.4871228, "lon": 106.3616078 }, "geometry": { "type": "Point", "coordinates": [ 106.3616078, 13.4871228 ] } },
{ "type": "Feature", "properties": { "source_type": "water", "osm_type": "way", "osm_id": 163057824, "name": "ទន្លេស្រែពក", "man_made": null, "tower_type": null, "mobile_phone": null, "operator": null, "waterway": "river", "natural": null, "lat": 13.3905429, "lon": 107.0920276 }, "geometry": { "type": "Point", "coordinates": [ 107.0920276, 13.3905429 ] } },
{ "type": "Feature", "properties": { "source_type": "water", "osm_type": "way", "osm_id": 163062913, "name": null, "man_made": null, "tower_type": null, "mobile_phone": null, "operator": null, "waterway": "stream", "natural": null, "lat": 13.5159839, "lon": 105.9976152 }, "geometry": { "type": "Point", "coordinates": [ 105.9976152, 13.5159839 ] } },
{ "type": "Feature", "properties": { "source_type": "water", "osm_type": "way", "osm_id": 163062924, "name": null, "man_made": null, "tower_type": null, "mobile_phone": null, "operator": null, "waterway": "stream", "natural": null, "lat": 13.5325292, "lon": 105.9860539 }, "geometry": { "type": "Point", "coordinates": [ 105.9860539, 13.5325292 ] } },
{ "type": "Feature", "properties": { "source_type": "water", "osm_type": "way", "osm_id": 163063974, "name": null, "man_made": null, "tower_type": null, "mobile_phone": null, "operator": null, "waterway": "river", "natural": null, "lat": 13.5300884, "lon": 106.0636217 }, "geometry": { "type": "Point", "coordinates": [ 106.0636217, 13.5300884 ] } },
{ "type": "Feature", "properties": { "source_type": "water", "osm_type": "way", "osm_id": 163762895, "name": null, "man_made": null, "tower_type": null, "mobile_phone": null, "operator": null, "waterway": "river", "natural": null, "lat": 13.5306864, "lon": 106.162636 }, "geometry": { "type": "Point", "coordinates": [ 106.162636, 13.5306864 ] } },
{ "type": "Feature", "properties": { "source_type": "water", "osm_type": "way", "osm_id": 163763733, "name": null, "man_made": null, "tower_type": null, "mobile_phone": null, "operator": null, "waterway": "stream", "natural": null, "lat": 13.6248351, "lon": 106.0390985 }, "geometry": { "type": "Point", "coordinates": [ 106.0390985, 13.6248351 ] } },
{ "type": "Feature", "properties": { "source_type": "water", "osm_type": "way", "osm_id": 163763741, "name": null, "man_made": null, "tower_type": null, "mobile_phone": null, "operator": null, "waterway": "stream", "natural": null, "lat": 13.6663914, "lon": 106.0420266 }, "geometry": { "type": "Point", "coordinates": [ 106.0420266, 13.6663914 ] } },
{ "type": "Feature", "properties": { "source_type": "water", "osm_type": "way", "osm_id": 163763749, "name": null, "man_made": null, "tower_type": null, "mobile_phone": null, "operator": null, "waterway": "river", "natural": null, "lat": 13.6743151, "lon": 106.0653753 }, "geometry": { "type": "Point", "coordinates": [ 106.0653753, 13.6743151 ] } },
{ "type": "Feature", "properties": { "source_type": "water", "osm_type": "way", "osm_id": 163763912, "name": null, "man_made": null, "tower_type": null, "mobile_phone": null, "operator": null, "waterway": "stream", "natural": null, "lat": 13.6686203, "lon": 106.0551604 }, "geometry": { "type": "Point", "coordinates": [ 106.0551604, 13.6686203 ] } },
{ "type": "Feature", "properties": { "source_type": "water", "osm_type": "way", "osm_id": 163764039, "name": null, "man_made": null, "tower_type": null, "mobile_phone": null, "operator": null, "waterway": "river", "natural": null, "lat": 13.7912591, "lon": 105.9574913 }, "geometry": { "type": "Point", "coordinates": [ 105.9574913, 13.7912591 ] } },
{ "type": "Feature", "properties": { "source_type": "water", "osm_type": "way", "osm_id": 163764041, "name": null, "man_made": null, "tower_type": null, "mobile_phone": null, "operator": null, "waterway": "river", "natural": null, "lat": 13.8247321, "lon": 105.823402 }, "geometry": { "type": "Point", "coordinates": [ 105.823402, 13.8247321 ] } },
{ "type": "Feature", "properties": { "source_type": "water", "osm_type": "way", "osm_id": 163764042, "name": null, "man_made": null, "tower_type": null, "mobile_phone": null, "operator": null, "waterway": "river", "natural": null, "lat": 13.8049828, "lon": 105.9739334 }, "geometry": { "type": "Point", "coordinates": [ 105.9739334, 13.8049828 ] } },
{ "type": "Feature", "properties": { "source_type": "water", "osm_type": "way", "osm_id": 163764099, "name": null, "man_made": null, "tower_type": null, "mobile_phone": null, "operator": null, "waterway": "river", "natural": null, "lat": 13.6394092, "lon": 106.0207789 }, "geometry": { "type": "Point", "coordinates": [ 106.0207789, 13.6394092 ] } },
{ "type": "Feature", "properties": { "source_type": "water", "osm_type": "way", "osm_id": 163764114, "name": null, "man_made": null, "tower_type": null, "mobile_phone": null, "operator": null, "waterway": "river", "natural": null, "lat": 13.8740515, "lon": 106.017755 }, "geometry": { "type": "Point", "coordinates": [ 106.017755, 13.8740515 ] } },
{ "type": "Feature", "properties": { "source_type": "water", "osm_type": "way", "osm_id": 163764115, "name": null, "man_made": null, "tower_type": null, "mobile_phone": null, "operator": null, "waterway": "stream", "natural": null, "lat": 13.8444076, "lon": 105.99783 }, "geometry": { "type": "Point", "coordinates": [ 105.99783, 13.8444076 ] } },
{ "type": "Feature", "properties": { "source_type": "water", "osm_type": "way", "osm_id": 163767243, "name": null, "man_made": null, "tower_type": null, "mobile_phone": null, "operator": null, "waterway": "river", "natural": null, "lat": 13.8961177, "lon": 106.3039648 }, "geometry": { "type": "Point", "coordinates": [ 106.3039648, 13.8961177 ] } },
{ "type": "Feature", "properties": { "source_type": "water", "osm_type": "way", "osm_id": 163767853, "name": null, "man_made": null, "tower_type": null, "mobile_phone": null, "operator": null, "waterway": "river", "natural": null, "lat": 13.8382041, "lon": 106.2376962 }, "geometry": { "type": "Point", "coordinates": [ 106.2376962, 13.8382041 ] } },
{ "type": "Feature", "properties": { "source_type": "water", "osm_type": "way", "osm_id": 163768511, "name": null, "man_made": null, "tower_type": null, "mobile_phone": null, "operator": null, "waterway": "stream", "natural": null, "lat": 13.7924572, "lon": 106.2390318 }, "geometry": { "type": "Point", "coordinates": [ 106.2390318, 13.7924572 ] } },
{ "type": "Feature", "properties": { "source_type": "water", "osm_type": "way", "osm_id": 163768512, "name": null, "man_made": null, "tower_type": null, "mobile_phone": null, "operator": null, "waterway": "stream", "natural": null, "lat": 13.7830259, "lon": 106.2465419 }, "geometry": { "type": "Point", "coordinates": [ 106.2465419, 13.7830259 ] } },
{ "type": "Feature", "properties": { "source_type": "water", "osm_type": "way", "osm_id": 163768513, "name": null, "man_made": null, "tower_type": null, "mobile_phone": null, "operator": null, "waterway": "stream", "natural": null, "lat": 13.7886697, "lon": 106.2394663 }, "geometry": { "type": "Point", "coordinates": [ 106.2394663, 13.7886697 ] } },
{ "type": "Feature", "properties": { "source_type": "water", "osm_type": "way", "osm_id": 163768515, "name": null, "man_made": null, "tower_type": null, "mobile_phone": null, "operator": null, "waterway": "stream", "natural": null, "lat": 13.7842322, "lon": 106.2468482 }, "geometry": { "type": "Point", "coordinates": [ 106.2468482, 13.7842322 ] } },
{ "type": "Feature", "properties": { "source_type": "water", "osm_type": "way", "osm_id": 163768518, "name": null, "man_made": null, "tower_type": null, "mobile_phone": null, "operator": null, "waterway": "stream", "natural": null, "lat": 13.7845904, "lon": 106.2508519 }, "geometry": { "type": "Point", "coordinates": [ 106.2508519, 13.7845904 ] } },
{ "type": "Feature", "properties": { "source_type": "water", "osm_type": "way", "osm_id": 163772518, "name": null, "man_made": null, "tower_type": null, "mobile_phone": null, "operator": null, "waterway": "stream", "natural": null, "lat": 13.7581263, "lon": 106.1594173 }, "geometry": { "type": "Point", "coordinates": [ 106.1594173, 13.7581263 ] } },
{ "type": "Feature", "properties": { "source_type": "water", "osm_type": "way", "osm_id": 163772520, "name": null, "man_made": null, "tower_type": null, "mobile_phone": null, "operator": null, "waterway": "stream", "natural": null, "lat": 13.7668103, "lon": 106.2628457 }, "geometry": { "type": "Point", "coordinates": [ 106.2628457, 13.7668103 ] } },
{ "type": "Feature", "properties": { "source_type": "water", "osm_type": "way", "osm_id": 163772522, "name": null, "man_made": null, "tower_type": null, "mobile_phone": null, "operator": null, "waterway": "stream", "natural": null, "lat": 13.7402708, "lon": 106.2302648 }, "geometry": { "type": "Point", "coordinates": [ 106.2302648, 13.7402708 ] } },
{ "type": "Feature", "properties": { "source_type": "water", "osm_type": "way", "osm_id": 163772526, "name": null, "man_made": null, "tower_type": null, "mobile_phone": null, "operator": null, "waterway": "stream", "natural": null, "lat": 13.7818395, "lon": 106.2731389 }, "geometry": { "type": "Point", "coordinates": [ 106.2731389, 13.7818395 ] } },
{ "type": "Feature", "properties": { "source_type": "water", "osm_type": "way", "osm_id": 163772530, "name": null, "man_made": null, "tower_type": null, "mobile_phone": null, "operator": null, "waterway": "river", "natural": null, "lat": 13.7511255, "lon": 106.1798034 }, "geometry": { "type": "Point", "coordinates": [ 106.1798034, 13.7511255 ] } },
{ "type": "Feature", "properties": { "source_type": "water", "osm_type": "way", "osm_id": 163772536, "name": null, "man_made": null, "tower_type": null, "mobile_phone": null, "operator": null, "waterway": "stream", "natural": null, "lat": 13.7869107, "lon": 106.2541806 }, "geometry": { "type": "Point", "coordinates": [ 106.2541806, 13.7869107 ] } },
{ "type": "Feature", "properties": { "source_type": "water", "osm_type": "way", "osm_id": 163772994, "name": null, "man_made": null, "tower_type": null, "mobile_phone": null, "operator": null, "waterway": null, "natural": "water", "lat": 13.583249, "lon": 106.0365357 }, "geometry": { "type": "Point", "coordinates": [ 106.0365357, 13.583249 ] } },
{ "type": "Feature", "properties": { "source_type": "water", "osm_type": "way", "osm_id": 163773204, "name": null, "man_made": null, "tower_type": null, "mobile_phone": null, "operator": null, "waterway": "river", "natural": null, "lat": 13.5759138, "lon": 106.174053 }, "geometry": { "type": "Point", "coordinates": [ 106.174053, 13.5759138 ] } },
{ "type": "Feature", "properties": { "source_type": "water", "osm_type": "way", "osm_id": 163786007, "name": null, "man_made": null, "tower_type": null, "mobile_phone": null, "operator": null, "waterway": "stream", "natural": null, "lat": 13.8554485, "lon": 106.0943518 }, "geometry": { "type": "Point", "coordinates": [ 106.0943518, 13.8554485 ] } },
{ "type": "Feature", "properties": { "source_type": "water", "osm_type": "way", "osm_id": 163786520, "name": null, "man_made": null, "tower_type": null, "mobile_phone": null, "operator": null, "waterway": "stream", "natural": null, "lat": 13.7963014, "lon": 106.0629233 }, "geometry": { "type": "Point", "coordinates": [ 106.0629233, 13.7963014 ] } },
{ "type": "Feature", "properties": { "source_type": "water", "osm_type": "way", "osm_id": 163786522, "name": null, "man_made": null, "tower_type": null, "mobile_phone": null, "operator": null, "waterway": "stream", "natural": null, "lat": 13.8108885, "lon": 106.043186 }, "geometry": { "type": "Point", "coordinates": [ 106.043186, 13.8108885 ] } },
{ "type": "Feature", "properties": { "source_type": "water", "osm_type": "way", "osm_id": 163787766, "name": null, "man_made": null, "tower_type": null, "mobile_phone": null, "operator": null, "waterway": "river", "natural": null, "lat": 12.9733301, "lon": 106.4699221 }, "geometry": { "type": "Point", "coordinates": [ 106.4699221, 12.9733301 ] } },
{ "type": "Feature", "properties": { "source_type": "water", "osm_type": "way", "osm_id": 163787768, "name": null, "man_made": null, "tower_type": null, "mobile_phone": null, "operator": null, "waterway": "river", "natural": null, "lat": 13.0636593, "lon": 106.0462707 }, "geometry": { "type": "Point", "coordinates": [ 106.0462707, 13.0636593 ] } },
{ "type": "Feature", "properties": { "source_type": "water", "osm_type": "way", "osm_id": 163787990, "name": null, "man_made": null, "tower_type": null, "mobile_phone": null, "operator": null, "waterway": "stream", "natural": null, "lat": 12.9882287, "lon": 106.2441848 }, "geometry": { "type": "Point", "coordinates": [ 106.2441848, 12.9882287 ] } },
{ "type": "Feature", "properties": { "source_type": "water", "osm_type": "way", "osm_id": 163792303, "name": null, "man_made": null, "tower_type": null, "mobile_phone": null, "operator": null, "waterway": null, "natural": "water", "lat": 11.8520405, "lon": 105.7649358 }, "geometry": { "type": "Point", "coordinates": [ 105.7649358, 11.8520405 ] } },
{ "type": "Feature", "properties": { "source_type": "water", "osm_type": "way", "osm_id": 163792906, "name": null, "man_made": null, "tower_type": null, "mobile_phone": null, "operator": null, "waterway": null, "natural": "water", "lat": 11.8737172, "lon": 105.7380976 }, "geometry": { "type": "Point", "coordinates": [ 105.7380976, 11.8737172 ] } },
{ "type": "Feature", "properties": { "source_type": "water", "osm_type": "way", "osm_id": 163792913, "name": null, "man_made": null, "tower_type": null, "mobile_phone": null, "operator": null, "waterway": null, "natural": "water", "lat": 11.8571454, "lon": 105.739528 }, "geometry": { "type": "Point", "coordinates": [ 105.739528, 11.8571454 ] } },
{ "type": "Feature", "properties": { "source_type": "water", "osm_type": "way", "osm_id": 163890857, "name": null, "man_made": null, "tower_type": null, "mobile_phone": null, "operator": null, "waterway": "stream", "natural": null, "lat": 13.3609574, "lon": 106.0999344 }, "geometry": { "type": "Point", "coordinates": [ 106.0999344, 13.3609574 ] } },
{ "type": "Feature", "properties": { "source_type": "water", "osm_type": "way", "osm_id": 163890862, "name": null, "man_made": null, "tower_type": null, "mobile_phone": null, "operator": null, "waterway": "stream", "natural": null, "lat": 13.4322549, "lon": 106.1115094 }, "geometry": { "type": "Point", "coordinates": [ 106.1115094, 13.4322549 ] } },
{ "type": "Feature", "properties": { "source_type": "water", "osm_type": "way", "osm_id": 163890863, "name": null, "man_made": null, "tower_type": null, "mobile_phone": null, "operator": null, "waterway": "stream", "natural": null, "lat": 13.3102943, "lon": 106.0646727 }, "geometry": { "type": "Point", "coordinates": [ 106.0646727, 13.3102943 ] } },
{ "type": "Feature", "properties": { "source_type": "water", "osm_type": "way", "osm_id": 163890907, "name": null, "man_made": null, "tower_type": null, "mobile_phone": null, "operator": null, "waterway": "stream", "natural": null, "lat": 13.2750443, "lon": 106.0447487 }, "geometry": { "type": "Point", "coordinates": [ 106.0447487, 13.2750443 ] } },
{ "type": "Feature", "properties": { "source_type": "water", "osm_type": "way", "osm_id": 163890909, "name": null, "man_made": null, "tower_type": null, "mobile_phone": null, "operator": null, "waterway": "stream", "natural": null, "lat": 13.2656327, "lon": 106.018819 }, "geometry": { "type": "Point", "coordinates": [ 106.018819, 13.2656327 ] } },
{ "type": "Feature", "properties": { "source_type": "water", "osm_type": "way", "osm_id": 163891033, "name": null, "man_made": null, "tower_type": null, "mobile_phone": null, "operator": null, "waterway": "river", "natural": null, "lat": 13.2219086, "lon": 105.9972149 }, "geometry": { "type": "Point", "coordinates": [ 105.9972149, 13.2219086 ] } },
{ "type": "Feature", "properties": { "source_type": "water", "osm_type": "way", "osm_id": 163894421, "name": "ព្រែកឆ្លូង", "man_made": null, "tower_type": null, "mobile_phone": null, "operator": null, "waterway": "stream", "natural": null, "lat": 12.1680637, "lon": 106.8545765 }, "geometry": { "type": "Point", "coordinates": [ 106.8545765, 12.1680637 ] } },
{ "type": "Feature", "properties": { "source_type": "water", "osm_type": "way", "osm_id": 163894424, "name": null, "man_made": null, "tower_type": null, "mobile_phone": null, "operator": null, "waterway": "river", "natural": null, "lat": 13.5979172, "lon": 106.3000132 }, "geometry": { "type": "Point", "coordinates": [ 106.3000132, 13.5979172 ] } },
{ "type": "Feature", "properties": { "source_type": "water", "osm_type": "way", "osm_id": 163894428, "name": null, "man_made": null, "tower_type": null, "mobile_phone": null, "operator": null, "waterway": "stream", "natural": null, "lat": 12.6319417, "lon": 106.863906 }, "geometry": { "type": "Point", "coordinates": [ 106.863906, 12.6319417 ] } },
{ "type": "Feature", "properties": { "source_type": "water", "osm_type": "way", "osm_id": 163901434, "name": null, "man_made": null, "tower_type": null, "mobile_phone": null, "operator": null, "waterway": "stream", "natural": null, "lat": 11.9993135, "lon": 106.0679828 }, "geometry": { "type": "Point", "coordinates": [ 106.0679828, 11.9993135 ] } },
{ "type": "Feature", "properties": { "source_type": "water", "osm_type": "way", "osm_id": 163901436, "name": null, "man_made": null, "tower_type": null, "mobile_phone": null, "operator": null, "waterway": "stream", "natural": null, "lat": 12.0071372, "lon": 106.0626934 }, "geometry": { "type": "Point", "coordinates": [ 106.0626934, 12.0071372 ] } },
{ "type": "Feature", "properties": { "source_type": "water", "osm_type": "way", "osm_id": 163901437, "name": null, "man_made": null, "tower_type": null, "mobile_phone": null, "operator": null, "waterway": "stream", "natural": null, "lat": 12.0192195, "lon": 106.0420565 }, "geometry": { "type": "Point", "coordinates": [ 106.0420565, 12.0192195 ] } },
{ "type": "Feature", "properties": { "source_type": "water", "osm_type": "way", "osm_id": 163902863, "name": null, "man_made": null, "tower_type": null, "mobile_phone": null, "operator": null, "waterway": "canal", "natural": null, "lat": 11.9557217, "lon": 106.0565512 }, "geometry": { "type": "Point", "coordinates": [ 106.0565512, 11.9557217 ] } },
{ "type": "Feature", "properties": { "source_type": "water", "osm_type": "way", "osm_id": 163902869, "name": null, "man_made": null, "tower_type": null, "mobile_phone": null, "operator": null, "waterway": "stream", "natural": null, "lat": 11.9679018, "lon": 106.0408173 }, "geometry": { "type": "Point", "coordinates": [ 106.0408173, 11.9679018 ] } },
{ "type": "Feature", "properties": { "source_type": "water", "osm_type": "way", "osm_id": 163902884, "name": null, "man_made": null, "tower_type": null, "mobile_phone": null, "operator": null, "waterway": "stream", "natural": null, "lat": 11.897735, "lon": 106.0869594 }, "geometry": { "type": "Point", "coordinates": [ 106.0869594, 11.897735 ] } },
{ "type": "Feature", "properties": { "source_type": "water", "osm_type": "way", "osm_id": 163903218, "name": null, "man_made": null, "tower_type": null, "mobile_phone": null, "operator": null, "waterway": "stream", "natural": null, "lat": 11.9671622, "lon": 106.0241448 }, "geometry": { "type": "Point", "coordinates": [ 106.0241448, 11.9671622 ] } },
{ "type": "Feature", "properties": { "source_type": "water", "osm_type": "way", "osm_id": 163903369, "name": null, "man_made": null, "tower_type": null, "mobile_phone": null, "operator": null, "waterway": "stream", "natural": null, "lat": 11.9458446, "lon": 106.0239999 }, "geometry": { "type": "Point", "coordinates": [ 106.0239999, 11.9458446 ] } },
{ "type": "Feature", "properties": { "source_type": "water", "osm_type": "way", "osm_id": 163903815, "name": null, "man_made": null, "tower_type": null, "mobile_phone": null, "operator": null, "waterway": "stream", "natural": null, "lat": 11.9351202, "lon": 106.0128768 }, "geometry": { "type": "Point", "coordinates": [ 106.0128768, 11.9351202 ] } },
{ "type": "Feature", "properties": { "source_type": "water", "osm_type": "way", "osm_id": 163920714, "name": null, "man_made": null, "tower_type": null, "mobile_phone": null, "operator": null, "waterway": null, "natural": "water", "lat": 11.8101662, "lon": 106.1250932 }, "geometry": { "type": "Point", "coordinates": [ 106.1250932, 11.8101662 ] } },
{ "type": "Feature", "properties": { "source_type": "water", "osm_type": "way", "osm_id": 163920718, "name": null, "man_made": null, "tower_type": null, "mobile_phone": null, "operator": null, "waterway": null, "natural": "water", "lat": 11.8102291, "lon": 106.1244432 }, "geometry": { "type": "Point", "coordinates": [ 106.1244432, 11.8102291 ] } },
{ "type": "Feature", "properties": { "source_type": "water", "osm_type": "way", "osm_id": 163922965, "name": null, "man_made": null, "tower_type": null, "mobile_phone": null, "operator": null, "waterway": "stream", "natural": null, "lat": 11.8039438, "lon": 106.1958699 }, "geometry": { "type": "Point", "coordinates": [ 106.1958699, 11.8039438 ] } },
{ "type": "Feature", "properties": { "source_type": "water", "osm_type": "way", "osm_id": 163924503, "name": null, "man_made": null, "tower_type": null, "mobile_phone": null, "operator": null, "waterway": "stream", "natural": null, "lat": 11.807798, "lon": 106.1925075 }, "geometry": { "type": "Point", "coordinates": [ 106.1925075, 11.807798 ] } },
{ "type": "Feature", "properties": { "source_type": "water", "osm_type": "way", "osm_id": 163924513, "name": null, "man_made": null, "tower_type": null, "mobile_phone": null, "operator": null, "waterway": "stream", "natural": null, "lat": 11.8486292, "lon": 106.208959 }, "geometry": { "type": "Point", "coordinates": [ 106.208959, 11.8486292 ] } },
{ "type": "Feature", "properties": { "source_type": "water", "osm_type": "way", "osm_id": 163924561, "name": null, "man_made": null, "tower_type": null, "mobile_phone": null, "operator": null, "waterway": "stream", "natural": null, "lat": 11.8173954, "lon": 106.1825233 }, "geometry": { "type": "Point", "coordinates": [ 106.1825233, 11.8173954 ] } },
{ "type": "Feature", "properties": { "source_type": "water", "osm_type": "way", "osm_id": 163924569, "name": null, "man_made": null, "tower_type": null, "mobile_phone": null, "operator": null, "waterway": "canal", "natural": null, "lat": 11.8509829, "lon": 106.1858835 }, "geometry": { "type": "Point", "coordinates": [ 106.1858835, 11.8509829 ] } },
{ "type": "Feature", "properties": { "source_type": "water", "osm_type": "way", "osm_id": 163926294, "name": null, "man_made": null, "tower_type": null, "mobile_phone": null, "operator": null, "waterway": "stream", "natural": null, "lat": 11.8360001, "lon": 106.1973086 }, "geometry": { "type": "Point", "coordinates": [ 106.1973086, 11.8360001 ] } },
{ "type": "Feature", "properties": { "source_type": "water", "osm_type": "way", "osm_id": 163926903, "name": null, "man_made": null, "tower_type": null, "mobile_phone": null, "operator": null, "waterway": "stream", "natural": null, "lat": 11.9314233, "lon": 106.1002559 }, "geometry": { "type": "Point", "coordinates": [ 106.1002559, 11.9314233 ] } },
{ "type": "Feature", "properties": { "source_type": "water", "osm_type": "way", "osm_id": 163926905, "name": null, "man_made": null, "tower_type": null, "mobile_phone": null, "operator": null, "waterway": "stream", "natural": null, "lat": 11.9323378, "lon": 106.1013757 }, "geometry": { "type": "Point", "coordinates": [ 106.1013757, 11.9323378 ] } },
{ "type": "Feature", "properties": { "source_type": "water", "osm_type": "way", "osm_id": 164018903, "name": null, "man_made": null, "tower_type": null, "mobile_phone": null, "operator": null, "waterway": "stream", "natural": null, "lat": 11.8418733, "lon": 106.2087753 }, "geometry": { "type": "Point", "coordinates": [ 106.2087753, 11.8418733 ] } },
{ "type": "Feature", "properties": { "source_type": "water", "osm_type": "way", "osm_id": 164024466, "name": null, "man_made": null, "tower_type": null, "mobile_phone": null, "operator": null, "waterway": "stream", "natural": null, "lat": 11.904217, "lon": 106.2060307 }, "geometry": { "type": "Point", "coordinates": [ 106.2060307, 11.904217 ] } },
{ "type": "Feature", "properties": { "source_type": "water", "osm_type": "way", "osm_id": 164024467, "name": null, "man_made": null, "tower_type": null, "mobile_phone": null, "operator": null, "waterway": null, "natural": "water", "lat": 11.9405047, "lon": 106.2193414 }, "geometry": { "type": "Point", "coordinates": [ 106.2193414, 11.9405047 ] } },
{ "type": "Feature", "properties": { "source_type": "water", "osm_type": "way", "osm_id": 164024887, "name": null, "man_made": null, "tower_type": null, "mobile_phone": null, "operator": null, "waterway": "canal", "natural": null, "lat": 11.9426482, "lon": 106.2138405 }, "geometry": { "type": "Point", "coordinates": [ 106.2138405, 11.9426482 ] } },
{ "type": "Feature", "properties": { "source_type": "water", "osm_type": "way", "osm_id": 164031922, "name": null, "man_made": null, "tower_type": null, "mobile_phone": null, "operator": null, "waterway": "canal", "natural": null, "lat": 11.9355298, "lon": 106.1821624 }, "geometry": { "type": "Point", "coordinates": [ 106.1821624, 11.9355298 ] } },
{ "type": "Feature", "properties": { "source_type": "water", "osm_type": "way", "osm_id": 164033892, "name": null, "man_made": null, "tower_type": null, "mobile_phone": null, "operator": null, "waterway": "stream", "natural": null, "lat": 11.9684055, "lon": 106.153899 }, "geometry": { "type": "Point", "coordinates": [ 106.153899, 11.9684055 ] } },
{ "type": "Feature", "properties": { "source_type": "water", "osm_type": "way", "osm_id": 164034557, "name": null, "man_made": null, "tower_type": null, "mobile_phone": null, "operator": null, "waterway": "stream", "natural": null, "lat": 11.9754796, "lon": 106.1366577 }, "geometry": { "type": "Point", "coordinates": [ 106.1366577, 11.9754796 ] } },
{ "type": "Feature", "properties": { "source_type": "water", "osm_type": "way", "osm_id": 164418092, "name": null, "man_made": null, "tower_type": null, "mobile_phone": null, "operator": null, "waterway": "stream", "natural": null, "lat": 12.0209362, "lon": 106.0066833 }, "geometry": { "type": "Point", "coordinates": [ 106.0066833, 12.0209362 ] } },
{ "type": "Feature", "properties": { "source_type": "water", "osm_type": "way", "osm_id": 164418415, "name": null, "man_made": null, "tower_type": null, "mobile_phone": null, "operator": null, "waterway": null, "natural": "water", "lat": 11.9161902, "lon": 105.8459406 }, "geometry": { "type": "Point", "coordinates": [ 105.8459406, 11.9161902 ] } },
{ "type": "Feature", "properties": { "source_type": "water", "osm_type": "way", "osm_id": 164418419, "name": null, "man_made": null, "tower_type": null, "mobile_phone": null, "operator": null, "waterway": "stream", "natural": null, "lat": 11.9751858, "lon": 105.9359695 }, "geometry": { "type": "Point", "coordinates": [ 105.9359695, 11.9751858 ] } },
{ "type": "Feature", "properties": { "source_type": "water", "osm_type": "way", "osm_id": 164418426, "name": null, "man_made": null, "tower_type": null, "mobile_phone": null, "operator": null, "waterway": "stream", "natural": null, "lat": 11.9803969, "lon": 105.9235355 }, "geometry": { "type": "Point", "coordinates": [ 105.9235355, 11.9803969 ] } },
{ "type": "Feature", "properties": { "source_type": "water", "osm_type": "way", "osm_id": 164418720, "name": null, "man_made": null, "tower_type": null, "mobile_phone": null, "operator": null, "waterway": null, "natural": "water", "lat": 11.8807047, "lon": 105.8083579 }, "geometry": { "type": "Point", "coordinates": [ 105.8083579, 11.8807047 ] } },
{ "type": "Feature", "properties": { "source_type": "water", "osm_type": "way", "osm_id": 164419179, "name": null, "man_made": null, "tower_type": null, "mobile_phone": null, "operator": null, "waterway": "stream", "natural": null, "lat": 12.0006724, "lon": 105.7874041 }, "geometry": { "type": "Point", "coordinates": [ 105.7874041, 12.0006724 ] } },
{ "type": "Feature", "properties": { "source_type": "water", "osm_type": "way", "osm_id": 164419180, "name": null, "man_made": null, "tower_type": null, "mobile_phone": null, "operator": null, "waterway": "stream", "natural": null, "lat": 11.9847307, "lon": 105.8194973 }, "geometry": { "type": "Point", "coordinates": [ 105.8194973, 11.9847307 ] } },
{ "type": "Feature", "properties": { "source_type": "water", "osm_type": "way", "osm_id": 164419267, "name": null, "man_made": null, "tower_type": null, "mobile_phone": null, "operator": null, "waterway": "stream", "natural": null, "lat": 11.9926496, "lon": 105.7766948 }, "geometry": { "type": "Point", "coordinates": [ 105.7766948, 11.9926496 ] } },
{ "type": "Feature", "properties": { "source_type": "water", "osm_type": "way", "osm_id": 164419290, "name": null, "man_made": null, "tower_type": null, "mobile_phone": null, "operator": null, "waterway": null, "natural": "water", "lat": 12.3742532, "lon": 107.5659706 }, "geometry": { "type": "Point", "coordinates": [ 107.5659706, 12.3742532 ] } },
{ "type": "Feature", "properties": { "source_type": "water", "osm_type": "way", "osm_id": 164419291, "name": null, "man_made": null, "tower_type": null, "mobile_phone": null, "operator": null, "waterway": null, "natural": "water", "lat": 12.2302135, "lon": 107.4488779 }, "geometry": { "type": "Point", "coordinates": [ 107.4488779, 12.2302135 ] } },
{ "type": "Feature", "properties": { "source_type": "water", "osm_type": "way", "osm_id": 164419292, "name": null, "man_made": null, "tower_type": null, "mobile_phone": null, "operator": null, "waterway": null, "natural": "water", "lat": 12.2414589, "lon": 107.4490162 }, "geometry": { "type": "Point", "coordinates": [ 107.4490162, 12.2414589 ] } },
{ "type": "Feature", "properties": { "source_type": "water", "osm_type": "way", "osm_id": 164419293, "name": "Hồ Đắk Búk So", "man_made": null, "tower_type": null, "mobile_phone": null, "operator": null, "waterway": null, "natural": "water", "lat": 12.2204688, "lon": 107.4708524 }, "geometry": { "type": "Point", "coordinates": [ 107.4708524, 12.2204688 ] } },
{ "type": "Feature", "properties": { "source_type": "water", "osm_type": "way", "osm_id": 164419294, "name": "Hồ Đăk B'lung", "man_made": null, "tower_type": null, "mobile_phone": null, "operator": null, "waterway": null, "natural": "water", "lat": 12.2195662, "lon": 107.4350534 }, "geometry": { "type": "Point", "coordinates": [ 107.4350534, 12.2195662 ] } },
{ "type": "Feature", "properties": { "source_type": "water", "osm_type": "way", "osm_id": 164419434, "name": "Hồ Đắk R'Tih", "man_made": null, "tower_type": null, "mobile_phone": null, "operator": null, "waterway": null, "natural": "water", "lat": 12.1352232, "lon": 107.4800512 }, "geometry": { "type": "Point", "coordinates": [ 107.4800512, 12.1352232 ] } },
{ "type": "Feature", "properties": { "source_type": "water", "osm_type": "way", "osm_id": 164419435, "name": null, "man_made": null, "tower_type": null, "mobile_phone": null, "operator": null, "waterway": null, "natural": "water", "lat": 12.106965, "lon": 107.5020748 }, "geometry": { "type": "Point", "coordinates": [ 107.5020748, 12.106965 ] } },
{ "type": "Feature", "properties": { "source_type": "water", "osm_type": "way", "osm_id": 164420260, "name": "Hồ Bong Nhoal", "man_made": null, "tower_type": null, "mobile_phone": null, "operator": null, "waterway": null, "natural": "water", "lat": 12.203001, "lon": 107.5746111 }, "geometry": { "type": "Point", "coordinates": [ 107.5746111, 12.203001 ] } },
{ "type": "Feature", "properties": { "source_type": "water", "osm_type": "way", "osm_id": 164420261, "name": null, "man_made": null, "tower_type": null, "mobile_phone": null, "operator": null, "waterway": null, "natural": "water", "lat": 12.2040233, "lon": 107.5451659 }, "geometry": { "type": "Point", "coordinates": [ 107.5451659, 12.2040233 ] } },
{ "type": "Feature", "properties": { "source_type": "water", "osm_type": "way", "osm_id": 164434654, "name": null, "man_made": null, "tower_type": null, "mobile_phone": null, "operator": null, "waterway": null, "natural": "water", "lat": 11.8273084, "lon": 105.8437895 }, "geometry": { "type": "Point", "coordinates": [ 105.8437895, 11.8273084 ] } },
{ "type": "Feature", "properties": { "source_type": "water", "osm_type": "way", "osm_id": 164434688, "name": null, "man_made": null, "tower_type": null, "mobile_phone": null, "operator": null, "waterway": null, "natural": "water", "lat": 11.8256021, "lon": 105.8425374 }, "geometry": { "type": "Point", "coordinates": [ 105.8425374, 11.8256021 ] } },
{ "type": "Feature", "properties": { "source_type": "water", "osm_type": "way", "osm_id": 164434854, "name": null, "man_made": null, "tower_type": null, "mobile_phone": null, "operator": null, "waterway": "canal", "natural": null, "lat": 11.8401315, "lon": 105.8320922 }, "geometry": { "type": "Point", "coordinates": [ 105.8320922, 11.8401315 ] } },
{ "type": "Feature", "properties": { "source_type": "water", "osm_type": "way", "osm_id": 164557415, "name": null, "man_made": null, "tower_type": null, "mobile_phone": null, "operator": null, "waterway": "stream", "natural": null, "lat": 11.8922754, "lon": 105.8589951 }, "geometry": { "type": "Point", "coordinates": [ 105.8589951, 11.8922754 ] } },
{ "type": "Feature", "properties": { "source_type": "water", "osm_type": "way", "osm_id": 164558638, "name": null, "man_made": null, "tower_type": null, "mobile_phone": null, "operator": null, "waterway": "stream", "natural": null, "lat": 11.8394314, "lon": 105.8276667 }, "geometry": { "type": "Point", "coordinates": [ 105.8276667, 11.8394314 ] } },
{ "type": "Feature", "properties": { "source_type": "water", "osm_type": "way", "osm_id": 164558639, "name": null, "man_made": null, "tower_type": null, "mobile_phone": null, "operator": null, "waterway": "stream", "natural": null, "lat": 11.8789629, "lon": 105.832824 }, "geometry": { "type": "Point", "coordinates": [ 105.832824, 11.8789629 ] } },
{ "type": "Feature", "properties": { "source_type": "water", "osm_type": "way", "osm_id": 164558640, "name": null, "man_made": null, "tower_type": null, "mobile_phone": null, "operator": null, "waterway": "stream", "natural": null, "lat": 11.8940869, "lon": 105.8477942 }, "geometry": { "type": "Point", "coordinates": [ 105.8477942, 11.8940869 ] } },
{ "type": "Feature", "properties": { "source_type": "water", "osm_type": "way", "osm_id": 164558641, "name": null, "man_made": null, "tower_type": null, "mobile_phone": null, "operator": null, "waterway": "stream", "natural": null, "lat": 11.8323187, "lon": 105.7995901 }, "geometry": { "type": "Point", "coordinates": [ 105.7995901, 11.8323187 ] } },
{ "type": "Feature", "properties": { "source_type": "water", "osm_type": "way", "osm_id": 164558642, "name": null, "man_made": null, "tower_type": null, "mobile_phone": null, "operator": null, "waterway": "stream", "natural": null, "lat": 11.854185, "lon": 105.802998 }, "geometry": { "type": "Point", "coordinates": [ 105.802998, 11.854185 ] } },
{ "type": "Feature", "properties": { "source_type": "water", "osm_type": "way", "osm_id": 164558643, "name": null, "man_made": null, "tower_type": null, "mobile_phone": null, "operator": null, "waterway": "stream", "natural": null, "lat": 11.8704675, "lon": 105.820554 }, "geometry": { "type": "Point", "coordinates": [ 105.820554, 11.8704675 ] } },
{ "type": "Feature", "properties": { "source_type": "water", "osm_type": "way", "osm_id": 164558644, "name": null, "man_made": null, "tower_type": null, "mobile_phone": null, "operator": null, "waterway": null, "natural": "water", "lat": 11.8643215, "lon": 105.8345333 }, "geometry": { "type": "Point", "coordinates": [ 105.8345333, 11.8643215 ] } },
{ "type": "Feature", "properties": { "source_type": "water", "osm_type": "way", "osm_id": 164558645, "name": null, "man_made": null, "tower_type": null, "mobile_phone": null, "operator": null, "waterway": null, "natural": "water", "lat": 11.8595511, "lon": 105.8314185 }, "geometry": { "type": "Point", "coordinates": [ 105.8314185, 11.8595511 ] } },
{ "type": "Feature", "properties": { "source_type": "water", "osm_type": "way", "osm_id": 164558646, "name": null, "man_made": null, "tower_type": null, "mobile_phone": null, "operator": null, "waterway": null, "natural": "water", "lat": 11.8458476, "lon": 105.8235009 }, "geometry": { "type": "Point", "coordinates": [ 105.8235009, 11.8458476 ] } },
{ "type": "Feature", "properties": { "source_type": "water", "osm_type": "way", "osm_id": 164558647, "name": null, "man_made": null, "tower_type": null, "mobile_phone": null, "operator": null, "waterway": "stream", "natural": null, "lat": 11.8996997, "lon": 105.8481429 }, "geometry": { "type": "Point", "coordinates": [ 105.8481429, 11.8996997 ] } },
{ "type": "Feature", "properties": { "source_type": "water", "osm_type": "way", "osm_id": 164558648, "name": null, "man_made": null, "tower_type": null, "mobile_phone": null, "operator": null, "waterway": "stream", "natural": null, "lat": 11.9107311, "lon": 105.8482126 }, "geometry": { "type": "Point", "coordinates": [ 105.8482126, 11.9107311 ] } },
{ "type": "Feature", "properties": { "source_type": "water", "osm_type": "way", "osm_id": 164558649, "name": null, "man_made": null, "tower_type": null, "mobile_phone": null, "operator": null, "waterway": "canal", "natural": null, "lat": 11.8616599, "lon": 105.8094606 }, "geometry": { "type": "Point", "coordinates": [ 105.8094606, 11.8616599 ] } },
{ "type": "Feature", "properties": { "source_type": "water", "osm_type": "way", "osm_id": 164558650, "name": null, "man_made": null, "tower_type": null, "mobile_phone": null, "operator": null, "waterway": "stream", "natural": null, "lat": 11.9046056, "lon": 105.8449242 }, "geometry": { "type": "Point", "coordinates": [ 105.8449242, 11.9046056 ] } },
{ "type": "Feature", "properties": { "source_type": "water", "osm_type": "way", "osm_id": 164558931, "name": null, "man_made": null, "tower_type": null, "mobile_phone": null, "operator": null, "waterway": "stream", "natural": null, "lat": 11.8505462, "lon": 105.8478478 }, "geometry": { "type": "Point", "coordinates": [ 105.8478478, 11.8505462 ] } },
{ "type": "Feature", "properties": { "source_type": "water", "osm_type": "way", "osm_id": 164558934, "name": null, "man_made": null, "tower_type": null, "mobile_phone": null, "operator": null, "waterway": "stream", "natural": null, "lat": 11.8984432, "lon": 105.8796929 }, "geometry": { "type": "Point", "coordinates": [ 105.8796929, 11.8984432 ] } },
{ "type": "Feature", "properties": { "source_type": "water", "osm_type": "way", "osm_id": 164558943, "name": null, "man_made": null, "tower_type": null, "mobile_phone": null, "operator": null, "waterway": "stream", "natural": null, "lat": 11.9284673, "lon": 105.8774286 }, "geometry": { "type": "Point", "coordinates": [ 105.8774286, 11.9284673 ] } },
{ "type": "Feature", "properties": { "source_type": "water", "osm_type": "way", "osm_id": 164559198, "name": null, "man_made": null, "tower_type": null, "mobile_phone": null, "operator": null, "waterway": null, "natural": "water", "lat": 11.8224151, "lon": 105.812293 }, "geometry": { "type": "Point", "coordinates": [ 105.812293, 11.8224151 ] } },
{ "type": "Feature", "properties": { "source_type": "water", "osm_type": "way", "osm_id": 164559206, "name": null, "man_made": null, "tower_type": null, "mobile_phone": null, "operator": null, "waterway": "stream", "natural": null, "lat": 11.8217219, "lon": 105.8057125 }, "geometry": { "type": "Point", "coordinates": [ 105.8057125, 11.8217219 ] } },
{ "type": "Feature", "properties": { "source_type": "water", "osm_type": "way", "osm_id": 164559210, "name": null, "man_made": null, "tower_type": null, "mobile_phone": null, "operator": null, "waterway": null, "natural": "water", "lat": 11.8360451, "lon": 105.81768 }, "geometry": { "type": "Point", "coordinates": [ 105.81768, 11.8360451 ] } },
{ "type": "Feature", "properties": { "source_type": "water", "osm_type": "way", "osm_id": 164559215, "name": null, "man_made": null, "tower_type": null, "mobile_phone": null, "operator": null, "waterway": "stream", "natural": null, "lat": 11.8198843, "lon": 105.8212478 }, "geometry": { "type": "Point", "coordinates": [ 105.8212478, 11.8198843 ] } },
{ "type": "Feature", "properties": { "source_type": "water", "osm_type": "way", "osm_id": 164559224, "name": null, "man_made": null, "tower_type": null, "mobile_phone": null, "operator": null, "waterway": "stream", "natural": null, "lat": 11.8643641, "lon": 105.8311227 }, "geometry": { "type": "Point", "coordinates": [ 105.8311227, 11.8643641 ] } },
{ "type": "Feature", "properties": { "source_type": "water", "osm_type": "way", "osm_id": 164559482, "name": null, "man_made": null, "tower_type": null, "mobile_phone": null, "operator": null, "waterway": null, "natural": "water", "lat": 11.7989449, "lon": 105.7417885 }, "geometry": { "type": "Point", "coordinates": [ 105.7417885, 11.7989449 ] } },
{ "type": "Feature", "properties": { "source_type": "water", "osm_type": "way", "osm_id": 164559486, "name": null, "man_made": null, "tower_type": null, "mobile_phone": null, "operator": null, "waterway": null, "natural": "water", "lat": 11.7992627, "lon": 105.7457876 }, "geometry": { "type": "Point", "coordinates": [ 105.7457876, 11.7992627 ] } },
{ "type": "Feature", "properties": { "source_type": "water", "osm_type": "way", "osm_id": 164559725, "name": null, "man_made": null, "tower_type": null, "mobile_phone": null, "operator": null, "waterway": null, "natural": "water", "lat": 11.8214119, "lon": 105.7379637 }, "geometry": { "type": "Point", "coordinates": [ 105.7379637, 11.8214119 ] } },
{ "type": "Feature", "properties": { "source_type": "water", "osm_type": "way", "osm_id": 164559726, "name": null, "man_made": null, "tower_type": null, "mobile_phone": null, "operator": null, "waterway": "canal", "natural": null, "lat": 11.8143198, "lon": 105.720996 }, "geometry": { "type": "Point", "coordinates": [ 105.720996, 11.8143198 ] } },
{ "type": "Feature", "properties": { "source_type": "water", "osm_type": "way", "osm_id": 164559728, "name": null, "man_made": null, "tower_type": null, "mobile_phone": null, "operator": null, "waterway": null, "natural": "water", "lat": 11.8136989, "lon": 105.7343174 }, "geometry": { "type": "Point", "coordinates": [ 105.7343174, 11.8136989 ] } },
{ "type": "Feature", "properties": { "source_type": "water", "osm_type": "way", "osm_id": 164657725, "name": null, "man_made": null, "tower_type": null, "mobile_phone": null, "operator": null, "waterway": "canal", "natural": null, "lat": 11.714729, "lon": 105.8173184 }, "geometry": { "type": "Point", "coordinates": [ 105.8173184, 11.714729 ] } },
{ "type": "Feature", "properties": { "source_type": "water", "osm_type": "way", "osm_id": 164657806, "name": null, "man_made": null, "tower_type": null, "mobile_phone": null, "operator": null, "waterway": "stream", "natural": null, "lat": 11.8010075, "lon": 105.8225439 }, "geometry": { "type": "Point", "coordinates": [ 105.8225439, 11.8010075 ] } },
{ "type": "Feature", "properties": { "source_type": "water", "osm_type": "way", "osm_id": 164657811, "name": null, "man_made": null, "tower_type": null, "mobile_phone": null, "operator": null, "waterway": "stream", "natural": null, "lat": 11.7884259, "lon": 105.8243786 }, "geometry": { "type": "Point", "coordinates": [ 105.8243786, 11.7884259 ] } },
{ "type": "Feature", "properties": { "source_type": "water", "osm_type": "way", "osm_id": 164658388, "name": null, "man_made": null, "tower_type": null, "mobile_phone": null, "operator": null, "waterway": null, "natural": "water", "lat": 11.7854282, "lon": 105.7642617 }, "geometry": { "type": "Point", "coordinates": [ 105.7642617, 11.7854282 ] } },
{ "type": "Feature", "properties": { "source_type": "water", "osm_type": "way", "osm_id": 164658389, "name": null, "man_made": null, "tower_type": null, "mobile_phone": null, "operator": null, "waterway": "stream", "natural": null, "lat": 11.7930305, "lon": 105.7918455 }, "geometry": { "type": "Point", "coordinates": [ 105.7918455, 11.7930305 ] } },
{ "type": "Feature", "properties": { "source_type": "water", "osm_type": "way", "osm_id": 164658392, "name": null, "man_made": null, "tower_type": null, "mobile_phone": null, "operator": null, "waterway": "canal", "natural": null, "lat": 11.7867065, "lon": 105.7705469 }, "geometry": { "type": "Point", "coordinates": [ 105.7705469, 11.7867065 ] } },
{ "type": "Feature", "properties": { "source_type": "water", "osm_type": "way", "osm_id": 164658394, "name": null, "man_made": null, "tower_type": null, "mobile_phone": null, "operator": null, "waterway": "stream", "natural": null, "lat": 11.7659657, "lon": 105.7658188 }, "geometry": { "type": "Point", "coordinates": [ 105.7658188, 11.7659657 ] } },
{ "type": "Feature", "properties": { "source_type": "water", "osm_type": "way", "osm_id": 164774366, "name": null, "man_made": null, "tower_type": null, "mobile_phone": null, "operator": null, "waterway": "stream", "natural": null, "lat": 11.8587891, "lon": 105.8698975 }, "geometry": { "type": "Point", "coordinates": [ 105.8698975, 11.8587891 ] } },
{ "type": "Feature", "properties": { "source_type": "water", "osm_type": "way", "osm_id": 164775256, "name": null, "man_made": null, "tower_type": null, "mobile_phone": null, "operator": null, "waterway": "stream", "natural": null, "lat": 11.8216889, "lon": 106.0204231 }, "geometry": { "type": "Point", "coordinates": [ 106.0204231, 11.8216889 ] } },
{ "type": "Feature", "properties": { "source_type": "water", "osm_type": "way", "osm_id": 164775346, "name": null, "man_made": null, "tower_type": null, "mobile_phone": null, "operator": null, "waterway": "stream", "natural": null, "lat": 11.8082904, "lon": 106.024305 }, "geometry": { "type": "Point", "coordinates": [ 106.024305, 11.8082904 ] } },
{ "type": "Feature", "properties": { "source_type": "water", "osm_type": "way", "osm_id": 164775351, "name": "ព្រែកជរ", "man_made": null, "tower_type": null, "mobile_phone": null, "operator": null, "waterway": "stream", "natural": null, "lat": 11.7875164, "lon": 106.0255227 }, "geometry": { "type": "Point", "coordinates": [ 106.0255227, 11.7875164 ] } },
{ "type": "Feature", "properties": { "source_type": "water", "osm_type": "way", "osm_id": 164776864, "name": null, "man_made": null, "tower_type": null, "mobile_phone": null, "operator": null, "waterway": "stream", "natural": null, "lat": 11.7699705, "lon": 106.1131165 }, "geometry": { "type": "Point", "coordinates": [ 106.1131165, 11.7699705 ] } },
{ "type": "Feature", "properties": { "source_type": "water", "osm_type": "way", "osm_id": 164776977, "name": null, "man_made": null, "tower_type": null, "mobile_phone": null, "operator": null, "waterway": "stream", "natural": null, "lat": 11.8209656, "lon": 106.0316816 }, "geometry": { "type": "Point", "coordinates": [ 106.0316816, 11.8209656 ] } },
{ "type": "Feature", "properties": { "source_type": "water", "osm_type": "way", "osm_id": 164777426, "name": null, "man_made": null, "tower_type": null, "mobile_phone": null, "operator": null, "waterway": "stream", "natural": null, "lat": 11.7341847, "lon": 105.98134 }, "geometry": { "type": "Point", "coordinates": [ 105.98134, 11.7341847 ] } },
{ "type": "Feature", "properties": { "source_type": "water", "osm_type": "way", "osm_id": 164777431, "name": "Suối Chor", "man_made": null, "tower_type": null, "mobile_phone": null, "operator": null, "waterway": "stream", "natural": null, "lat": 11.730335, "lon": 106.0366267 }, "geometry": { "type": "Point", "coordinates": [ 106.0366267, 11.730335 ] } },
{ "type": "Feature", "properties": { "source_type": "water", "osm_type": "way", "osm_id": 164784905, "name": null, "man_made": null, "tower_type": null, "mobile_phone": null, "operator": null, "waterway": null, "natural": "water", "lat": 11.7761679, "lon": 105.9339527 }, "geometry": { "type": "Point", "coordinates": [ 105.9339527, 11.7761679 ] } },
{ "type": "Feature", "properties": { "source_type": "water", "osm_type": "way", "osm_id": 164784908, "name": null, "man_made": null, "tower_type": null, "mobile_phone": null, "operator": null, "waterway": "canal", "natural": null, "lat": 11.7822701, "lon": 105.9506105 }, "geometry": { "type": "Point", "coordinates": [ 105.9506105, 11.7822701 ] } },
{ "type": "Feature", "properties": { "source_type": "water", "osm_type": "way", "osm_id": 164786333, "name": null, "man_made": null, "tower_type": null, "mobile_phone": null, "operator": null, "waterway": null, "natural": "water", "lat": 11.7673347, "lon": 105.9263138 }, "geometry": { "type": "Point", "coordinates": [ 105.9263138, 11.7673347 ] } },
{ "type": "Feature", "properties": { "source_type": "water", "osm_type": "way", "osm_id": 164786335, "name": null, "man_made": null, "tower_type": null, "mobile_phone": null, "operator": null, "waterway": null, "natural": "water", "lat": 11.7891336, "lon": 105.8882505 }, "geometry": { "type": "Point", "coordinates": [ 105.8882505, 11.7891336 ] } },
{ "type": "Feature", "properties": { "source_type": "water", "osm_type": "way", "osm_id": 164786338, "name": "ស្ទឹងតូច", "man_made": null, "tower_type": null, "mobile_phone": null, "operator": null, "waterway": "stream", "natural": null, "lat": 11.7501583, "lon": 105.872741 }, "geometry": { "type": "Point", "coordinates": [ 105.872741, 11.7501583 ] } },
{ "type": "Feature", "properties": { "source_type": "water", "osm_type": "way", "osm_id": 164788204, "name": null, "man_made": null, "tower_type": null, "mobile_phone": null, "operator": null, "waterway": null, "natural": "water", "lat": 11.790777, "lon": 105.7726282 }, "geometry": { "type": "Point", "coordinates": [ 105.7726282, 11.790777 ] } },
{ "type": "Feature", "properties": { "source_type": "water", "osm_type": "way", "osm_id": 164788328, "name": null, "man_made": null, "tower_type": null, "mobile_phone": null, "operator": null, "waterway": null, "natural": "water", "lat": 11.7967583, "lon": 105.7794785 }, "geometry": { "type": "Point", "coordinates": [ 105.7794785, 11.7967583 ] } },
{ "type": "Feature", "properties": { "source_type": "water", "osm_type": "way", "osm_id": 164788331, "name": null, "man_made": null, "tower_type": null, "mobile_phone": null, "operator": null, "waterway": null, "natural": "water", "lat": 11.7997249, "lon": 105.785079 }, "geometry": { "type": "Point", "coordinates": [ 105.785079, 11.7997249 ] } },
{ "type": "Feature", "properties": { "source_type": "water", "osm_type": "way", "osm_id": 164788333, "name": null, "man_made": null, "tower_type": null, "mobile_phone": null, "operator": null, "waterway": null, "natural": "water", "lat": 11.7925049, "lon": 105.7829493 }, "geometry": { "type": "Point", "coordinates": [ 105.7829493, 11.7925049 ] } },
{ "type": "Feature", "properties": { "source_type": "water", "osm_type": "way", "osm_id": 164788819, "name": null, "man_made": null, "tower_type": null, "mobile_phone": null, "operator": null, "waterway": "stream", "natural": null, "lat": 11.7818433, "lon": 105.8015018 }, "geometry": { "type": "Point", "coordinates": [ 105.8015018, 11.7818433 ] } },
{ "type": "Feature", "properties": { "source_type": "water", "osm_type": "way", "osm_id": 164788822, "name": null, "man_made": null, "tower_type": null, "mobile_phone": null, "operator": null, "waterway": null, "natural": "water", "lat": 11.7744658, "lon": 105.7558676 }, "geometry": { "type": "Point", "coordinates": [ 105.7558676, 11.7744658 ] } },
{ "type": "Feature", "properties": { "source_type": "water", "osm_type": "way", "osm_id": 164788826, "name": null, "man_made": null, "tower_type": null, "mobile_phone": null, "operator": null, "waterway": null, "natural": "water", "lat": 11.7712572, "lon": 105.7942661 }, "geometry": { "type": "Point", "coordinates": [ 105.7942661, 11.7712572 ] } },
{ "type": "Feature", "properties": { "source_type": "water", "osm_type": "way", "osm_id": 164788828, "name": null, "man_made": null, "tower_type": null, "mobile_phone": null, "operator": null, "waterway": null, "natural": "water", "lat": 11.7793135, "lon": 105.7579511 }, "geometry": { "type": "Point", "coordinates": [ 105.7579511, 11.7793135 ] } },
{ "type": "Feature", "properties": { "source_type": "water", "osm_type": "way", "osm_id": 164788830, "name": null, "man_made": null, "tower_type": null, "mobile_phone": null, "operator": null, "waterway": null, "natural": "water", "lat": 11.7786303, "lon": 105.753622 }, "geometry": { "type": "Point", "coordinates": [ 105.753622, 11.7786303 ] } },
{ "type": "Feature", "properties": { "source_type": "water", "osm_type": "way", "osm_id": 164788836, "name": null, "man_made": null, "tower_type": null, "mobile_phone": null, "operator": null, "waterway": null, "natural": "water", "lat": 11.7722602, "lon": 105.7509827 }, "geometry": { "type": "Point", "coordinates": [ 105.7509827, 11.7722602 ] } },
{ "type": "Feature", "properties": { "source_type": "water", "osm_type": "way", "osm_id": 164790175, "name": null, "man_made": null, "tower_type": null, "mobile_phone": null, "operator": null, "waterway": null, "natural": "water", "lat": 11.7949097, "lon": 105.7629647 }, "geometry": { "type": "Point", "coordinates": [ 105.7629647, 11.7949097 ] } },
{ "type": "Feature", "properties": { "source_type": "water", "osm_type": "way", "osm_id": 164790176, "name": null, "man_made": null, "tower_type": null, "mobile_phone": null, "operator": null, "waterway": null, "natural": "water", "lat": 11.8004288, "lon": 105.7641632 }, "geometry": { "type": "Point", "coordinates": [ 105.7641632, 11.8004288 ] } },
{ "type": "Feature", "properties": { "source_type": "water", "osm_type": "way", "osm_id": 164790177, "name": null, "man_made": null, "tower_type": null, "mobile_phone": null, "operator": null, "waterway": null, "natural": "water", "lat": 11.8108151, "lon": 105.7552582 }, "geometry": { "type": "Point", "coordinates": [ 105.7552582, 11.8108151 ] } },
{ "type": "Feature", "properties": { "source_type": "water", "osm_type": "way", "osm_id": 164790178, "name": null, "man_made": null, "tower_type": null, "mobile_phone": null, "operator": null, "waterway": null, "natural": "water", "lat": 11.7880938, "lon": 105.7475012 }, "geometry": { "type": "Point", "coordinates": [ 105.7475012, 11.7880938 ] } },
{ "type": "Feature", "properties": { "source_type": "water", "osm_type": "way", "osm_id": 164790180, "name": null, "man_made": null, "tower_type": null, "mobile_phone": null, "operator": null, "waterway": null, "natural": "water", "lat": 11.8075026, "lon": 105.7535733 }, "geometry": { "type": "Point", "coordinates": [ 105.7535733, 11.8075026 ] } },
{ "type": "Feature", "properties": { "source_type": "water", "osm_type": "way", "osm_id": 164790181, "name": null, "man_made": null, "tower_type": null, "mobile_phone": null, "operator": null, "waterway": null, "natural": "water", "lat": 11.8078038, "lon": 105.7437381 }, "geometry": { "type": "Point", "coordinates": [ 105.7437381, 11.8078038 ] } },
{ "type": "Feature", "properties": { "source_type": "water", "osm_type": "way", "osm_id": 164790183, "name": null, "man_made": null, "tower_type": null, "mobile_phone": null, "operator": null, "waterway": null, "natural": "water", "lat": 11.8086414, "lon": 105.764047 }, "geometry": { "type": "Point", "coordinates": [ 105.764047, 11.8086414 ] } },
{ "type": "Feature", "properties": { "source_type": "water", "osm_type": "way", "osm_id": 164790184, "name": null, "man_made": null, "tower_type": null, "mobile_phone": null, "operator": null, "waterway": null, "natural": "water", "lat": 11.7956031, "lon": 105.7628435 }, "geometry": { "type": "Point", "coordinates": [ 105.7628435, 11.7956031 ] } },
{ "type": "Feature", "properties": { "source_type": "water", "osm_type": "way", "osm_id": 164790185, "name": null, "man_made": null, "tower_type": null, "mobile_phone": null, "operator": null, "waterway": null, "natural": "water", "lat": 11.8120384, "lon": 105.7636557 }, "geometry": { "type": "Point", "coordinates": [ 105.7636557, 11.8120384 ] } },
{ "type": "Feature", "properties": { "source_type": "water", "osm_type": "way", "osm_id": 164790187, "name": null, "man_made": null, "tower_type": null, "mobile_phone": null, "operator": null, "waterway": null, "natural": "water", "lat": 11.8097977, "lon": 105.7554267 }, "geometry": { "type": "Point", "coordinates": [ 105.7554267, 11.8097977 ] } },
{ "type": "Feature", "properties": { "source_type": "water", "osm_type": "way", "osm_id": 164790702, "name": null, "man_made": null, "tower_type": null, "mobile_phone": null, "operator": null, "waterway": "canal", "natural": null, "lat": 11.8336449, "lon": 105.7625538 }, "geometry": { "type": "Point", "coordinates": [ 105.7625538, 11.8336449 ] } },
{ "type": "Feature", "properties": { "source_type": "water", "osm_type": "way", "osm_id": 164790704, "name": null, "man_made": null, "tower_type": null, "mobile_phone": null, "operator": null, "waterway": null, "natural": "water", "lat": 11.7963959, "lon": 105.7584179 }, "geometry": { "type": "Point", "coordinates": [ 105.7584179, 11.7963959 ] } },
{ "type": "Feature", "properties": { "source_type": "water", "osm_type": "way", "osm_id": 164790706, "name": null, "man_made": null, "tower_type": null, "mobile_phone": null, "operator": null, "waterway": "stream", "natural": null, "lat": 11.8401394, "lon": 105.7336588 }, "geometry": { "type": "Point", "coordinates": [ 105.7336588, 11.8401394 ] } },
{ "type": "Feature", "properties": { "source_type": "water", "osm_type": "way", "osm_id": 164790708, "name": null, "man_made": null, "tower_type": null, "mobile_phone": null, "operator": null, "waterway": null, "natural": "water", "lat": 11.7964275, "lon": 105.756889 }, "geometry": { "type": "Point", "coordinates": [ 105.756889, 11.7964275 ] } },
{ "type": "Feature", "properties": { "source_type": "water", "osm_type": "way", "osm_id": 164790713, "name": null, "man_made": null, "tower_type": null, "mobile_phone": null, "operator": null, "waterway": null, "natural": "water", "lat": 11.8185178, "lon": 105.7737171 }, "geometry": { "type": "Point", "coordinates": [ 105.7737171, 11.8185178 ] } },
{ "type": "Feature", "properties": { "source_type": "water", "osm_type": "way", "osm_id": 164790716, "name": null, "man_made": null, "tower_type": null, "mobile_phone": null, "operator": null, "waterway": null, "natural": "water", "lat": 11.8223823, "lon": 105.7675158 }, "geometry": { "type": "Point", "coordinates": [ 105.7675158, 11.8223823 ] } },
{ "type": "Feature", "properties": { "source_type": "water", "osm_type": "way", "osm_id": 164790719, "name": null, "man_made": null, "tower_type": null, "mobile_phone": null, "operator": null, "waterway": null, "natural": "water", "lat": 11.8153284, "lon": 105.7429039 }, "geometry": { "type": "Point", "coordinates": [ 105.7429039, 11.8153284 ] } },
{ "type": "Feature", "properties": { "source_type": "water", "osm_type": "way", "osm_id": 164790720, "name": null, "man_made": null, "tower_type": null, "mobile_phone": null, "operator": null, "waterway": null, "natural": "water", "lat": 11.8139234, "lon": 105.7436957 }, "geometry": { "type": "Point", "coordinates": [ 105.7436957, 11.8139234 ] } },
{ "type": "Feature", "properties": { "source_type": "water", "osm_type": "way", "osm_id": 164790851, "name": null, "man_made": null, "tower_type": null, "mobile_phone": null, "operator": null, "waterway": null, "natural": "water", "lat": 11.843589, "lon": 105.7686478 }, "geometry": { "type": "Point", "coordinates": [ 105.7686478, 11.843589 ] } },
{ "type": "Feature", "properties": { "source_type": "water", "osm_type": "way", "osm_id": 164791012, "name": null, "man_made": null, "tower_type": null, "mobile_phone": null, "operator": null, "waterway": null, "natural": "water", "lat": 11.8908955, "lon": 105.7505589 }, "geometry": { "type": "Point", "coordinates": [ 105.7505589, 11.8908955 ] } },
{ "type": "Feature", "properties": { "source_type": "water", "osm_type": "way", "osm_id": 164791825, "name": null, "man_made": null, "tower_type": null, "mobile_phone": null, "operator": null, "waterway": null, "natural": "water", "lat": 11.8808995, "lon": 105.7515138 }, "geometry": { "type": "Point", "coordinates": [ 105.7515138, 11.8808995 ] } },
{ "type": "Feature", "properties": { "source_type": "water", "osm_type": "way", "osm_id": 165276455, "name": "Hồ Doãn Văn", "man_made": null, "tower_type": null, "mobile_phone": null, "operator": null, "waterway": null, "natural": "water", "lat": 12.0902988, "lon": 107.4730145 }, "geometry": { "type": "Point", "coordinates": [ 107.4730145, 12.0902988 ] } },
{ "type": "Feature", "properties": { "source_type": "water", "osm_type": "way", "osm_id": 165276458, "name": "Hồ Đắk B'Lao", "man_made": null, "tower_type": null, "mobile_phone": null, "operator": null, "waterway": null, "natural": "water", "lat": 12.005928, "lon": 107.5046762 }, "geometry": { "type": "Point", "coordinates": [ 107.5046762, 12.005928 ] } },
{ "type": "Feature", "properties": { "source_type": "water", "osm_type": "way", "osm_id": 165276463, "name": "Hồ Đắk Ría", "man_made": null, "tower_type": null, "mobile_phone": null, "operator": null, "waterway": null, "natural": "water", "lat": 12.0833746, "lon": 107.4851095 }, "geometry": { "type": "Point", "coordinates": [ 107.4851095, 12.0833746 ] } },
{ "type": "Feature", "properties": { "source_type": "water", "osm_type": "way", "osm_id": 165276472, "name": null, "man_made": null, "tower_type": null, "mobile_phone": null, "operator": null, "waterway": "river", "natural": null, "lat": 12.0839372, "lon": 107.4810641 }, "geometry": { "type": "Point", "coordinates": [ 107.4810641, 12.0839372 ] } },
{ "type": "Feature", "properties": { "source_type": "water", "osm_type": "way", "osm_id": 165276474, "name": null, "man_made": null, "tower_type": null, "mobile_phone": null, "operator": null, "waterway": null, "natural": "water", "lat": 12.0242135, "lon": 107.4980896 }, "geometry": { "type": "Point", "coordinates": [ 107.4980896, 12.0242135 ] } },
{ "type": "Feature", "properties": { "source_type": "water", "osm_type": "way", "osm_id": 165276480, "name": null, "man_made": null, "tower_type": null, "mobile_phone": null, "operator": null, "waterway": null, "natural": "water", "lat": 12.0849275, "lon": 107.4799313 }, "geometry": { "type": "Point", "coordinates": [ 107.4799313, 12.0849275 ] } },
{ "type": "Feature", "properties": { "source_type": "water", "osm_type": "way", "osm_id": 165364792, "name": "Suối Đắk Búk So", "man_made": null, "tower_type": null, "mobile_phone": null, "operator": null, "waterway": "stream", "natural": null, "lat": 12.0200469, "lon": 107.5901304 }, "geometry": { "type": "Point", "coordinates": [ 107.5901304, 12.0200469 ] } },
{ "type": "Feature", "properties": { "source_type": "water", "osm_type": "way", "osm_id": 165365372, "name": "Sông Đắk Huýt", "man_made": null, "tower_type": null, "mobile_phone": null, "operator": null, "waterway": "stream", "natural": null, "lat": 12.2805953, "lon": 107.3321986 }, "geometry": { "type": "Point", "coordinates": [ 107.3321986, 12.2805953 ] } },
{ "type": "Feature", "properties": { "source_type": "water", "osm_type": "way", "osm_id": 165365374, "name": null, "man_made": null, "tower_type": null, "mobile_phone": null, "operator": null, "waterway": null, "natural": "water", "lat": 12.0206173, "lon": 107.6841225 }, "geometry": { "type": "Point", "coordinates": [ 107.6841225, 12.0206173 ] } },
{ "type": "Feature", "properties": { "source_type": "water", "osm_type": "way", "osm_id": 165365375, "name": null, "man_made": null, "tower_type": null, "mobile_phone": null, "operator": null, "waterway": null, "natural": "water", "lat": 12.0280512, "lon": 107.6837257 }, "geometry": { "type": "Point", "coordinates": [ 107.6837257, 12.0280512 ] } },
{ "type": "Feature", "properties": { "source_type": "water", "osm_type": "way", "osm_id": 165365377, "name": null, "man_made": null, "tower_type": null, "mobile_phone": null, "operator": null, "waterway": null, "natural": "water", "lat": 12.0299477, "lon": 107.6831427 }, "geometry": { "type": "Point", "coordinates": [ 107.6831427, 12.0299477 ] } },
{ "type": "Feature", "properties": { "source_type": "water", "osm_type": "way", "osm_id": 165365378, "name": "Suối Đắk Búk So", "man_made": null, "tower_type": null, "mobile_phone": null, "operator": null, "waterway": "stream", "natural": null, "lat": 12.1956491, "lon": 107.5070673 }, "geometry": { "type": "Point", "coordinates": [ 107.5070673, 12.1956491 ] } },
{ "type": "Feature", "properties": { "source_type": "water", "osm_type": "way", "osm_id": 165365379, "name": "Hồ Tân Thanh", "man_made": null, "tower_type": null, "mobile_phone": null, "operator": null, "waterway": null, "natural": "water", "lat": 12.0383527, "lon": 107.6840828 }, "geometry": { "type": "Point", "coordinates": [ 107.6840828, 12.0383527 ] } },
{ "type": "Feature", "properties": { "source_type": "water", "osm_type": "way", "osm_id": 165365380, "name": "Hồ Đại La", "man_made": null, "tower_type": null, "mobile_phone": null, "operator": null, "waterway": null, "natural": "water", "lat": 12.0262508, "lon": 107.6847052 }, "geometry": { "type": "Point", "coordinates": [ 107.6847052, 12.0262508 ] } },
{ "type": "Feature", "properties": { "source_type": "water", "osm_type": "way", "osm_id": 165365383, "name": null, "man_made": null, "tower_type": null, "mobile_phone": null, "operator": null, "waterway": null, "natural": "water", "lat": 12.0292651, "lon": 107.6765301 }, "geometry": { "type": "Point", "coordinates": [ 107.6765301, 12.0292651 ] } },
{ "type": "Feature", "properties": { "source_type": "water", "osm_type": "way", "osm_id": 165365384, "name": "Suối Đắk Búk So", "man_made": null, "tower_type": null, "mobile_phone": null, "operator": null, "waterway": "stream", "natural": null, "lat": 12.0847421, "lon": 107.5779361 }, "geometry": { "type": "Point", "coordinates": [ 107.5779361, 12.0847421 ] } },
{ "type": "Feature", "properties": { "source_type": "water", "osm_type": "way", "osm_id": 165365385, "name": "Suối Đắk Nia", "man_made": null, "tower_type": null, "mobile_phone": null, "operator": null, "waterway": "stream", "natural": null, "lat": 11.9518185, "lon": 107.727257 }, "geometry": { "type": "Point", "coordinates": [ 107.727257, 11.9518185 ] } },
{ "type": "Feature", "properties": { "source_type": "water", "osm_type": "way", "osm_id": 165365386, "name": "Suối Đắk Búk So", "man_made": null, "tower_type": null, "mobile_phone": null, "operator": null, "waterway": "stream", "natural": null, "lat": 12.148049, "lon": 107.5494839 }, "geometry": { "type": "Point", "coordinates": [ 107.5494839, 12.148049 ] } },
{ "type": "Feature", "properties": { "source_type": "water", "osm_type": "way", "osm_id": 165382330, "name": null, "man_made": null, "tower_type": null, "mobile_phone": null, "operator": null, "waterway": null, "natural": "water", "lat": 11.7669149, "lon": 105.7538636 }, "geometry": { "type": "Point", "coordinates": [ 105.7538636, 11.7669149 ] } },
{ "type": "Feature", "properties": { "source_type": "water", "osm_type": "way", "osm_id": 165484368, "name": null, "man_made": null, "tower_type": null, "mobile_phone": null, "operator": null, "waterway": "stream", "natural": null, "lat": 11.8299284, "lon": 106.12102 }, "geometry": { "type": "Point", "coordinates": [ 106.12102, 11.8299284 ] } },
{ "type": "Feature", "properties": { "source_type": "water", "osm_type": "way", "osm_id": 165484627, "name": null, "man_made": null, "tower_type": null, "mobile_phone": null, "operator": null, "waterway": "stream", "natural": null, "lat": 11.8326785, "lon": 106.069586 }, "geometry": { "type": "Point", "coordinates": [ 106.069586, 11.8326785 ] } },
{ "type": "Feature", "properties": { "source_type": "water", "osm_type": "way", "osm_id": 165484917, "name": null, "man_made": null, "tower_type": null, "mobile_phone": null, "operator": null, "waterway": "stream", "natural": null, "lat": 11.83026, "lon": 106.0317668 }, "geometry": { "type": "Point", "coordinates": [ 106.0317668, 11.83026 ] } },
{ "type": "Feature", "properties": { "source_type": "water", "osm_type": "way", "osm_id": 166431547, "name": null, "man_made": null, "tower_type": null, "mobile_phone": null, "operator": null, "waterway": "stream", "natural": null, "lat": 11.9792276, "lon": 106.585187 }, "geometry": { "type": "Point", "coordinates": [ 106.585187, 11.9792276 ] } },
{ "type": "Feature", "properties": { "source_type": "water", "osm_type": "way", "osm_id": 166432233, "name": "Suối Đắk Jer Man / ស្ទឹងជ្រៃមាំង", "man_made": null, "tower_type": null, "mobile_phone": null, "operator": null, "waterway": "stream", "natural": null, "lat": 12.0069948, "lon": 106.7491225 }, "geometry": { "type": "Point", "coordinates": [ 106.7491225, 12.0069948 ] } },
{ "type": "Feature", "properties": { "source_type": "water", "osm_type": "way", "osm_id": 166434163, "name": null, "man_made": null, "tower_type": null, "mobile_phone": null, "operator": null, "waterway": "river", "natural": null, "lat": 11.9709567, "lon": 106.699445 }, "geometry": { "type": "Point", "coordinates": [ 106.699445, 11.9709567 ] } },
{ "type": "Feature", "properties": { "source_type": "water", "osm_type": "way", "osm_id": 166434301, "name": null, "man_made": null, "tower_type": null, "mobile_phone": null, "operator": null, "waterway": "river", "natural": null, "lat": 11.9770044, "lon": 106.6991875 }, "geometry": { "type": "Point", "coordinates": [ 106.6991875, 11.9770044 ] } },
{ "type": "Feature", "properties": { "source_type": "water", "osm_type": "way", "osm_id": 166434302, "name": null, "man_made": null, "tower_type": null, "mobile_phone": null, "operator": null, "waterway": "river", "natural": null, "lat": 11.9837141, "lon": 106.7032068 }, "geometry": { "type": "Point", "coordinates": [ 106.7032068, 11.9837141 ] } },
{ "type": "Feature", "properties": { "source_type": "water", "osm_type": "way", "osm_id": 167023257, "name": null, "man_made": null, "tower_type": null, "mobile_phone": null, "operator": null, "waterway": "stream", "natural": null, "lat": 12.0217826, "lon": 106.4105192 }, "geometry": { "type": "Point", "coordinates": [ 106.4105192, 12.0217826 ] } },
{ "type": "Feature", "properties": { "source_type": "water", "osm_type": "way", "osm_id": 167029739, "name": null, "man_made": null, "tower_type": null, "mobile_phone": null, "operator": null, "waterway": "stream", "natural": null, "lat": 12.0193544, "lon": 106.4376638 }, "geometry": { "type": "Point", "coordinates": [ 106.4376638, 12.0193544 ] } },
{ "type": "Feature", "properties": { "source_type": "water", "osm_type": "way", "osm_id": 167030084, "name": null, "man_made": null, "tower_type": null, "mobile_phone": null, "operator": null, "waterway": null, "natural": "water", "lat": 12.0389429, "lon": 106.4694423 }, "geometry": { "type": "Point", "coordinates": [ 106.4694423, 12.0389429 ] } },
{ "type": "Feature", "properties": { "source_type": "water", "osm_type": "way", "osm_id": 167030710, "name": null, "man_made": null, "tower_type": null, "mobile_phone": null, "operator": null, "waterway": "stream", "natural": null, "lat": 11.9968488, "lon": 106.4609245 }, "geometry": { "type": "Point", "coordinates": [ 106.4609245, 11.9968488 ] } },
{ "type": "Feature", "properties": { "source_type": "water", "osm_type": "way", "osm_id": 167030712, "name": null, "man_made": null, "tower_type": null, "mobile_phone": null, "operator": null, "waterway": "stream", "natural": null, "lat": 11.9978032, "lon": 106.4567081 }, "geometry": { "type": "Point", "coordinates": [ 106.4567081, 11.9978032 ] } },
{ "type": "Feature", "properties": { "source_type": "water", "osm_type": "way", "osm_id": 167030720, "name": null, "man_made": null, "tower_type": null, "mobile_phone": null, "operator": null, "waterway": "stream", "natural": null, "lat": 11.9906058, "lon": 106.456514 }, "geometry": { "type": "Point", "coordinates": [ 106.456514, 11.9906058 ] } },
{ "type": "Feature", "properties": { "source_type": "water", "osm_type": "way", "osm_id": 167030721, "name": null, "man_made": null, "tower_type": null, "mobile_phone": null, "operator": null, "waterway": "stream", "natural": null, "lat": 11.9888942, "lon": 106.4540439 }, "geometry": { "type": "Point", "coordinates": [ 106.4540439, 11.9888942 ] } },
{ "type": "Feature", "properties": { "source_type": "water", "osm_type": "way", "osm_id": 167030724, "name": null, "man_made": null, "tower_type": null, "mobile_phone": null, "operator": null, "waterway": "stream", "natural": null, "lat": 11.990922, "lon": 106.456456 }, "geometry": { "type": "Point", "coordinates": [ 106.456456, 11.990922 ] } },
{ "type": "Feature", "properties": { "source_type": "water", "osm_type": "way", "osm_id": 167030810, "name": null, "man_made": null, "tower_type": null, "mobile_phone": null, "operator": null, "waterway": "stream", "natural": null, "lat": 12.01665, "lon": 106.4539708 }, "geometry": { "type": "Point", "coordinates": [ 106.4539708, 12.01665 ] } },
{ "type": "Feature", "properties": { "source_type": "water", "osm_type": "way", "osm_id": 167034292, "name": null, "man_made": null, "tower_type": null, "mobile_phone": null, "operator": null, "waterway": "stream", "natural": null, "lat": 11.9887877, "lon": 106.4523561 }, "geometry": { "type": "Point", "coordinates": [ 106.4523561, 11.9887877 ] } },
{ "type": "Feature", "properties": { "source_type": "water", "osm_type": "way", "osm_id": 167034293, "name": null, "man_made": null, "tower_type": null, "mobile_phone": null, "operator": null, "waterway": "stream", "natural": null, "lat": 12.0092593, "lon": 106.465447 }, "geometry": { "type": "Point", "coordinates": [ 106.465447, 12.0092593 ] } },
{ "type": "Feature", "properties": { "source_type": "water", "osm_type": "way", "osm_id": 167034294, "name": null, "man_made": null, "tower_type": null, "mobile_phone": null, "operator": null, "waterway": "stream", "natural": null, "lat": 11.9910004, "lon": 106.4536803 }, "geometry": { "type": "Point", "coordinates": [ 106.4536803, 11.9910004 ] } },
{ "type": "Feature", "properties": { "source_type": "water", "osm_type": "way", "osm_id": 167036570, "name": null, "man_made": null, "tower_type": null, "mobile_phone": null, "operator": null, "waterway": null, "natural": "water", "lat": 12.0118674, "lon": 106.4008836 }, "geometry": { "type": "Point", "coordinates": [ 106.4008836, 12.0118674 ] } },
{ "type": "Feature", "properties": { "source_type": "water", "osm_type": "way", "osm_id": 167036575, "name": "ព្រែកឆ្លូង", "man_made": null, "tower_type": null, "mobile_phone": null, "operator": null, "waterway": "river", "natural": null, "lat": 12.1476294, "lon": 106.7084943 }, "geometry": { "type": "Point", "coordinates": [ 106.7084943, 12.1476294 ] } },
{ "type": "Feature", "properties": { "source_type": "water", "osm_type": "way", "osm_id": 167036576, "name": "ព្រែកឆ្លូង", "man_made": null, "tower_type": null, "mobile_phone": null, "operator": null, "waterway": "river", "natural": null, "lat": 12.1786969, "lon": 106.5596847 }, "geometry": { "type": "Point", "coordinates": [ 106.5596847, 12.1786969 ] } },
{ "type": "Feature", "properties": { "source_type": "water", "osm_type": "way", "osm_id": 167036578, "name": null, "man_made": null, "tower_type": null, "mobile_phone": null, "operator": null, "waterway": "canal", "natural": null, "lat": 11.9992245, "lon": 106.4016704 }, "geometry": { "type": "Point", "coordinates": [ 106.4016704, 11.9992245 ] } },
{ "type": "Feature", "properties": { "source_type": "water", "osm_type": "way", "osm_id": 167037564, "name": null, "man_made": null, "tower_type": null, "mobile_phone": null, "operator": null, "waterway": null, "natural": "water", "lat": 11.9759058, "lon": 106.3869638 }, "geometry": { "type": "Point", "coordinates": [ 106.3869638, 11.9759058 ] } },
{ "type": "Feature", "properties": { "source_type": "water", "osm_type": "way", "osm_id": 167037569, "name": null, "man_made": null, "tower_type": null, "mobile_phone": null, "operator": null, "waterway": null, "natural": "water", "lat": 11.9761422, "lon": 106.3871283 }, "geometry": { "type": "Point", "coordinates": [ 106.3871283, 11.9761422 ] } },
{ "type": "Feature", "properties": { "source_type": "water", "osm_type": "way", "osm_id": 167038144, "name": null, "man_made": null, "tower_type": null, "mobile_phone": null, "operator": null, "waterway": "stream", "natural": null, "lat": 11.9798519, "lon": 106.413634 }, "geometry": { "type": "Point", "coordinates": [ 106.413634, 11.9798519 ] } },
{ "type": "Feature", "properties": { "source_type": "water", "osm_type": "way", "osm_id": 167038148, "name": null, "man_made": null, "tower_type": null, "mobile_phone": null, "operator": null, "waterway": "stream", "natural": null, "lat": 11.9979121, "lon": 106.4231469 }, "geometry": { "type": "Point", "coordinates": [ 106.4231469, 11.9979121 ] } },
{ "type": "Feature", "properties": { "source_type": "water", "osm_type": "way", "osm_id": 167041356, "name": null, "man_made": null, "tower_type": null, "mobile_phone": null, "operator": null, "waterway": "stream", "natural": null, "lat": 11.9871619, "lon": 106.4786503 }, "geometry": { "type": "Point", "coordinates": [ 106.4786503, 11.9871619 ] } },
{ "type": "Feature", "properties": { "source_type": "water", "osm_type": "way", "osm_id": 167041361, "name": null, "man_made": null, "tower_type": null, "mobile_phone": null, "operator": null, "waterway": "stream", "natural": null, "lat": 11.9806147, "lon": 106.483982 }, "geometry": { "type": "Point", "coordinates": [ 106.483982, 11.9806147 ] } },
{ "type": "Feature", "properties": { "source_type": "water", "osm_type": "way", "osm_id": 167041785, "name": null, "man_made": null, "tower_type": null, "mobile_phone": null, "operator": null, "waterway": "stream", "natural": null, "lat": 11.992516, "lon": 106.4676596 }, "geometry": { "type": "Point", "coordinates": [ 106.4676596, 11.992516 ] } },
{ "type": "Feature", "properties": { "source_type": "water", "osm_type": "way", "osm_id": 167041786, "name": null, "man_made": null, "tower_type": null, "mobile_phone": null, "operator": null, "waterway": null, "natural": "water", "lat": 11.989593, "lon": 106.4624374 }, "geometry": { "type": "Point", "coordinates": [ 106.4624374, 11.989593 ] } },
{ "type": "Feature", "properties": { "source_type": "water", "osm_type": "way", "osm_id": 167041787, "name": null, "man_made": null, "tower_type": null, "mobile_phone": null, "operator": null, "waterway": "stream", "natural": null, "lat": 11.9875986, "lon": 106.4613058 }, "geometry": { "type": "Point", "coordinates": [ 106.4613058, 11.9875986 ] } },
{ "type": "Feature", "properties": { "source_type": "water", "osm_type": "way", "osm_id": 167043093, "name": null, "man_made": null, "tower_type": null, "mobile_phone": null, "operator": null, "waterway": "stream", "natural": null, "lat": 11.9958214, "lon": 106.4431561 }, "geometry": { "type": "Point", "coordinates": [ 106.4431561, 11.9958214 ] } },
{ "type": "Feature", "properties": { "source_type": "water", "osm_type": "way", "osm_id": 167043880, "name": null, "man_made": null, "tower_type": null, "mobile_phone": null, "operator": null, "waterway": null, "natural": "water", "lat": 12.0058779, "lon": 106.4467503 }, "geometry": { "type": "Point", "coordinates": [ 106.4467503, 12.0058779 ] } },
{ "type": "Feature", "properties": { "source_type": "water", "osm_type": "way", "osm_id": 167145905, "name": "ព្រែកជ្រីវ", "man_made": null, "tower_type": null, "mobile_phone": null, "operator": null, "waterway": "stream", "natural": null, "lat": 11.95999, "lon": 106.2823086 }, "geometry": { "type": "Point", "coordinates": [ 106.2823086, 11.95999 ] } },
{ "type": "Feature", "properties": { "source_type": "water", "osm_type": "way", "osm_id": 167145906, "name": null, "man_made": null, "tower_type": null, "mobile_phone": null, "operator": null, "waterway": "stream", "natural": null, "lat": 11.9574859, "lon": 106.3701379 }, "geometry": { "type": "Point", "coordinates": [ 106.3701379, 11.9574859 ] } },
{ "type": "Feature", "properties": { "source_type": "water", "osm_type": "way", "osm_id": 167145907, "name": null, "man_made": null, "tower_type": null, "mobile_phone": null, "operator": null, "waterway": "stream", "natural": null, "lat": 11.9559543, "lon": 106.3774985 }, "geometry": { "type": "Point", "coordinates": [ 106.3774985, 11.9559543 ] } },
{ "type": "Feature", "properties": { "source_type": "water", "osm_type": "way", "osm_id": 167145911, "name": null, "man_made": null, "tower_type": null, "mobile_phone": null, "operator": null, "waterway": "stream", "natural": null, "lat": 11.9530759, "lon": 106.3680667 }, "geometry": { "type": "Point", "coordinates": [ 106.3680667, 11.9530759 ] } },
{ "type": "Feature", "properties": { "source_type": "water", "osm_type": "way", "osm_id": 167145912, "name": null, "man_made": null, "tower_type": null, "mobile_phone": null, "operator": null, "waterway": "stream", "natural": null, "lat": 11.9792895, "lon": 106.3710195 }, "geometry": { "type": "Point", "coordinates": [ 106.3710195, 11.9792895 ] } },
{ "type": "Feature", "properties": { "source_type": "water", "osm_type": "way", "osm_id": 167145914, "name": null, "man_made": null, "tower_type": null, "mobile_phone": null, "operator": null, "waterway": "stream", "natural": null, "lat": 11.9576565, "lon": 106.3675157 }, "geometry": { "type": "Point", "coordinates": [ 106.3675157, 11.9576565 ] } },
{ "type": "Feature", "properties": { "source_type": "water", "osm_type": "way", "osm_id": 167145915, "name": null, "man_made": null, "tower_type": null, "mobile_phone": null, "operator": null, "waterway": "stream", "natural": null, "lat": 11.9563265, "lon": 106.3696047 }, "geometry": { "type": "Point", "coordinates": [ 106.3696047, 11.9563265 ] } },
{ "type": "Feature", "properties": { "source_type": "water", "osm_type": "way", "osm_id": 167147122, "name": null, "man_made": null, "tower_type": null, "mobile_phone": null, "operator": null, "waterway": "stream", "natural": null, "lat": 12.0248463, "lon": 106.3800403 }, "geometry": { "type": "Point", "coordinates": [ 106.3800403, 12.0248463 ] } },
{ "type": "Feature", "properties": { "source_type": "water", "osm_type": "way", "osm_id": 167147124, "name": null, "man_made": null, "tower_type": null, "mobile_phone": null, "operator": null, "waterway": "canal", "natural": null, "lat": 12.0083516, "lon": 106.3774234 }, "geometry": { "type": "Point", "coordinates": [ 106.3774234, 12.0083516 ] } },
{ "type": "Feature", "properties": { "source_type": "water", "osm_type": "way", "osm_id": 167147125, "name": null, "man_made": null, "tower_type": null, "mobile_phone": null, "operator": null, "waterway": "canal", "natural": null, "lat": 12.0020312, "lon": 106.384293 }, "geometry": { "type": "Point", "coordinates": [ 106.384293, 12.0020312 ] } },
{ "type": "Feature", "properties": { "source_type": "water", "osm_type": "way", "osm_id": 167147126, "name": null, "man_made": null, "tower_type": null, "mobile_phone": null, "operator": null, "waterway": "canal", "natural": null, "lat": 12.017828, "lon": 106.3772078 }, "geometry": { "type": "Point", "coordinates": [ 106.3772078, 12.017828 ] } },
{ "type": "Feature", "properties": { "source_type": "water", "osm_type": "way", "osm_id": 167147129, "name": null, "man_made": null, "tower_type": null, "mobile_phone": null, "operator": null, "waterway": "canal", "natural": null, "lat": 12.0087008, "lon": 106.3775638 }, "geometry": { "type": "Point", "coordinates": [ 106.3775638, 12.0087008 ] } },
{ "type": "Feature", "properties": { "source_type": "water", "osm_type": "way", "osm_id": 167147130, "name": null, "man_made": null, "tower_type": null, "mobile_phone": null, "operator": null, "waterway": null, "natural": "water", "lat": 12.0293531, "lon": 106.3852759 }, "geometry": { "type": "Point", "coordinates": [ 106.3852759, 12.0293531 ] } },
{ "type": "Feature", "properties": { "source_type": "water", "osm_type": "way", "osm_id": 167147135, "name": null, "man_made": null, "tower_type": null, "mobile_phone": null, "operator": null, "waterway": "canal", "natural": null, "lat": 12.0128468, "lon": 106.3767206 }, "geometry": { "type": "Point", "coordinates": [ 106.3767206, 12.0128468 ] } },
{ "type": "Feature", "properties": { "source_type": "water", "osm_type": "way", "osm_id": 167147136, "name": null, "man_made": null, "tower_type": null, "mobile_phone": null, "operator": null, "waterway": "canal", "natural": null, "lat": 12.0153365, "lon": 106.3778006 }, "geometry": { "type": "Point", "coordinates": [ 106.3778006, 12.0153365 ] } },
{ "type": "Feature", "properties": { "source_type": "water", "osm_type": "way", "osm_id": 167147140, "name": null, "man_made": null, "tower_type": null, "mobile_phone": null, "operator": null, "waterway": "canal", "natural": null, "lat": 12.0106221, "lon": 106.3778382 }, "geometry": { "type": "Point", "coordinates": [ 106.3778382, 12.0106221 ] } },
{ "type": "Feature", "properties": { "source_type": "water", "osm_type": "way", "osm_id": 167147710, "name": null, "man_made": null, "tower_type": null, "mobile_phone": null, "operator": null, "waterway": "canal", "natural": null, "lat": 11.99665, "lon": 106.3859388 }, "geometry": { "type": "Point", "coordinates": [ 106.3859388, 11.99665 ] } },
{ "type": "Feature", "properties": { "source_type": "water", "osm_type": "way", "osm_id": 167147712, "name": null, "man_made": null, "tower_type": null, "mobile_phone": null, "operator": null, "waterway": null, "natural": "water", "lat": 12.028534, "lon": 106.4015391 }, "geometry": { "type": "Point", "coordinates": [ 106.4015391, 12.028534 ] } },
{ "type": "Feature", "properties": { "source_type": "water", "osm_type": "way", "osm_id": 167147715, "name": null, "man_made": null, "tower_type": null, "mobile_phone": null, "operator": null, "waterway": "canal", "natural": null, "lat": 12.0038863, "lon": 106.3850655 }, "geometry": { "type": "Point", "coordinates": [ 106.3850655, 12.0038863 ] } },
{ "type": "Feature", "properties": { "source_type": "water", "osm_type": "way", "osm_id": 167147717, "name": null, "man_made": null, "tower_type": null, "mobile_phone": null, "operator": null, "waterway": null, "natural": "water", "lat": 12.0115244, "lon": 106.3970498 }, "geometry": { "type": "Point", "coordinates": [ 106.3970498, 12.0115244 ] } },
{ "type": "Feature", "properties": { "source_type": "water", "osm_type": "way", "osm_id": 167147720, "name": null, "man_made": null, "tower_type": null, "mobile_phone": null, "operator": null, "waterway": "stream", "natural": null, "lat": 12.0209584, "lon": 106.387698 }, "geometry": { "type": "Point", "coordinates": [ 106.387698, 12.0209584 ] } },
{ "type": "Feature", "properties": { "source_type": "water", "osm_type": "way", "osm_id": 167147724, "name": null, "man_made": null, "tower_type": null, "mobile_phone": null, "operator": null, "waterway": "stream", "natural": null, "lat": 12.0227189, "lon": 106.3812372 }, "geometry": { "type": "Point", "coordinates": [ 106.3812372, 12.0227189 ] } },
{ "type": "Feature", "properties": { "source_type": "water", "osm_type": "way", "osm_id": 167147726, "name": null, "man_made": null, "tower_type": null, "mobile_phone": null, "operator": null, "waterway": "canal", "natural": null, "lat": 11.9993642, "lon": 106.3836361 }, "geometry": { "type": "Point", "coordinates": [ 106.3836361, 11.9993642 ] } },
{ "type": "Feature", "properties": { "source_type": "water", "osm_type": "way", "osm_id": 167149099, "name": null, "man_made": null, "tower_type": null, "mobile_phone": null, "operator": null, "waterway": "stream", "natural": null, "lat": 12.0521348, "lon": 106.2863281 }, "geometry": { "type": "Point", "coordinates": [ 106.2863281, 12.0521348 ] } },
{ "type": "Feature", "properties": { "source_type": "water", "osm_type": "way", "osm_id": 167149101, "name": null, "man_made": null, "tower_type": null, "mobile_phone": null, "operator": null, "waterway": "stream", "natural": null, "lat": 12.0505267, "lon": 106.2967989 }, "geometry": { "type": "Point", "coordinates": [ 106.2967989, 12.0505267 ] } },
{ "type": "Feature", "properties": { "source_type": "water", "osm_type": "way", "osm_id": 167160271, "name": "នហ៝ងតេរ", "man_made": null, "tower_type": null, "mobile_phone": null, "operator": null, "waterway": "stream", "natural": null, "lat": 12.4114541, "lon": 106.1805478 }, "geometry": { "type": "Point", "coordinates": [ 106.1805478, 12.4114541 ] } },
{ "type": "Feature", "properties": { "source_type": "water", "osm_type": "way", "osm_id": 167162209, "name": null, "man_made": null, "tower_type": null, "mobile_phone": null, "operator": null, "waterway": null, "natural": "water", "lat": 12.4418233, "lon": 106.0634596 }, "geometry": { "type": "Point", "coordinates": [ 106.0634596, 12.4418233 ] } },
{ "type": "Feature", "properties": { "source_type": "water", "osm_type": "way", "osm_id": 167295289, "name": "នហ៝ងតេរ", "man_made": null, "tower_type": null, "mobile_phone": null, "operator": null, "waterway": "river", "natural": null, "lat": 12.4821535, "lon": 107.0821866 }, "geometry": { "type": "Point", "coordinates": [ 107.0821866, 12.4821535 ] } },
{ "type": "Feature", "properties": { "source_type": "water", "osm_type": "way", "osm_id": 167303137, "name": null, "man_made": null, "tower_type": null, "mobile_phone": null, "operator": null, "waterway": "stream", "natural": null, "lat": 12.5916482, "lon": 106.9521479 }, "geometry": { "type": "Point", "coordinates": [ 106.9521479, 12.5916482 ] } },
{ "type": "Feature", "properties": { "source_type": "water", "osm_type": "way", "osm_id": 167413615, "name": null, "man_made": null, "tower_type": null, "mobile_phone": null, "operator": null, "waterway": "stream", "natural": null, "lat": 12.4897082, "lon": 106.3638812 }, "geometry": { "type": "Point", "coordinates": [ 106.3638812, 12.4897082 ] } },
{ "type": "Feature", "properties": { "source_type": "water", "osm_type": "way", "osm_id": 167413616, "name": null, "man_made": null, "tower_type": null, "mobile_phone": null, "operator": null, "waterway": null, "natural": "water", "lat": 12.5274587, "lon": 106.3796337 }, "geometry": { "type": "Point", "coordinates": [ 106.3796337, 12.5274587 ] } },
{ "type": "Feature", "properties": { "source_type": "water", "osm_type": "way", "osm_id": 167413621, "name": null, "man_made": null, "tower_type": null, "mobile_phone": null, "operator": null, "waterway": null, "natural": "water", "lat": 12.5544473, "lon": 106.4144488 }, "geometry": { "type": "Point", "coordinates": [ 106.4144488, 12.5544473 ] } },
{ "type": "Feature", "properties": { "source_type": "water", "osm_type": "way", "osm_id": 167413624, "name": null, "man_made": null, "tower_type": null, "mobile_phone": null, "operator": null, "waterway": null, "natural": "water", "lat": 12.4839747, "lon": 106.3641049 }, "geometry": { "type": "Point", "coordinates": [ 106.3641049, 12.4839747 ] } },
{ "type": "Feature", "properties": { "source_type": "water", "osm_type": "way", "osm_id": 167419853, "name": null, "man_made": null, "tower_type": null, "mobile_phone": null, "operator": null, "waterway": "stream", "natural": null, "lat": 12.4369003, "lon": 106.3523817 }, "geometry": { "type": "Point", "coordinates": [ 106.3523817, 12.4369003 ] } },
{ "type": "Feature", "properties": { "source_type": "water", "osm_type": "way", "osm_id": 167420221, "name": null, "man_made": null, "tower_type": null, "mobile_phone": null, "operator": null, "waterway": "stream", "natural": null, "lat": 12.3661952, "lon": 106.338038 }, "geometry": { "type": "Point", "coordinates": [ 106.338038, 12.3661952 ] } },
{ "type": "Feature", "properties": { "source_type": "water", "osm_type": "way", "osm_id": 167440342, "name": null, "man_made": null, "tower_type": null, "mobile_phone": null, "operator": null, "waterway": "stream", "natural": null, "lat": 12.4358543, "lon": 106.3368706 }, "geometry": { "type": "Point", "coordinates": [ 106.3368706, 12.4358543 ] } },
{ "type": "Feature", "properties": { "source_type": "water", "osm_type": "way", "osm_id": 167951615, "name": null, "man_made": null, "tower_type": null, "mobile_phone": null, "operator": null, "waterway": "stream", "natural": null, "lat": 12.3895013, "lon": 106.3781746 }, "geometry": { "type": "Point", "coordinates": [ 106.3781746, 12.3895013 ] } },
{ "type": "Feature", "properties": { "source_type": "water", "osm_type": "way", "osm_id": 167952125, "name": null, "man_made": null, "tower_type": null, "mobile_phone": null, "operator": null, "waterway": "stream", "natural": null, "lat": 12.3990184, "lon": 106.3468621 }, "geometry": { "type": "Point", "coordinates": [ 106.3468621, 12.3990184 ] } },
{ "type": "Feature", "properties": { "source_type": "water", "osm_type": "way", "osm_id": 167952127, "name": null, "man_made": null, "tower_type": null, "mobile_phone": null, "operator": null, "waterway": "stream", "natural": null, "lat": 12.3956179, "lon": 106.3347375 }, "geometry": { "type": "Point", "coordinates": [ 106.3347375, 12.3956179 ] } },
{ "type": "Feature", "properties": { "source_type": "water", "osm_type": "way", "osm_id": 167953331, "name": null, "man_made": null, "tower_type": null, "mobile_phone": null, "operator": null, "waterway": "stream", "natural": null, "lat": 12.3744004, "lon": 106.3450275 }, "geometry": { "type": "Point", "coordinates": [ 106.3450275, 12.3744004 ] } },
{ "type": "Feature", "properties": { "source_type": "water", "osm_type": "way", "osm_id": 167953333, "name": null, "man_made": null, "tower_type": null, "mobile_phone": null, "operator": null, "waterway": "stream", "natural": null, "lat": 12.3766682, "lon": 106.3479464 }, "geometry": { "type": "Point", "coordinates": [ 106.3479464, 12.3766682 ] } },
{ "type": "Feature", "properties": { "source_type": "water", "osm_type": "way", "osm_id": 167953334, "name": null, "man_made": null, "tower_type": null, "mobile_phone": null, "operator": null, "waterway": "stream", "natural": null, "lat": 12.3777245, "lon": 106.298767 }, "geometry": { "type": "Point", "coordinates": [ 106.298767, 12.3777245 ] } },
{ "type": "Feature", "properties": { "source_type": "water", "osm_type": "way", "osm_id": 167954293, "name": null, "man_made": null, "tower_type": null, "mobile_phone": null, "operator": null, "waterway": "stream", "natural": null, "lat": 12.4044094, "lon": 106.3559066 }, "geometry": { "type": "Point", "coordinates": [ 106.3559066, 12.4044094 ] } },
{ "type": "Feature", "properties": { "source_type": "water", "osm_type": "way", "osm_id": 167955604, "name": null, "man_made": null, "tower_type": null, "mobile_phone": null, "operator": null, "waterway": null, "natural": "water", "lat": 12.487207, "lon": 106.3609283 }, "geometry": { "type": "Point", "coordinates": [ 106.3609283, 12.487207 ] } },
{ "type": "Feature", "properties": { "source_type": "water", "osm_type": "way", "osm_id": 167955605, "name": null, "man_made": null, "tower_type": null, "mobile_phone": null, "operator": null, "waterway": "stream", "natural": null, "lat": 12.3925908, "lon": 106.3730641 }, "geometry": { "type": "Point", "coordinates": [ 106.3730641, 12.3925908 ] } },
{ "type": "Feature", "properties": { "source_type": "water", "osm_type": "way", "osm_id": 167956205, "name": null, "man_made": null, "tower_type": null, "mobile_phone": null, "operator": null, "waterway": "stream", "natural": null, "lat": 12.557574, "lon": 106.3749399 }, "geometry": { "type": "Point", "coordinates": [ 106.3749399, 12.557574 ] } },
{ "type": "Feature", "properties": { "source_type": "water", "osm_type": "way", "osm_id": 167956206, "name": null, "man_made": null, "tower_type": null, "mobile_phone": null, "operator": null, "waterway": "stream", "natural": null, "lat": 12.5611609, "lon": 106.3706135 }, "geometry": { "type": "Point", "coordinates": [ 106.3706135, 12.5611609 ] } },
{ "type": "Feature", "properties": { "source_type": "water", "osm_type": "way", "osm_id": 167956208, "name": null, "man_made": null, "tower_type": null, "mobile_phone": null, "operator": null, "waterway": "stream", "natural": null, "lat": 12.5604828, "lon": 106.3676926 }, "geometry": { "type": "Point", "coordinates": [ 106.3676926, 12.5604828 ] } },
{ "type": "Feature", "properties": { "source_type": "water", "osm_type": "way", "osm_id": 167956209, "name": null, "man_made": null, "tower_type": null, "mobile_phone": null, "operator": null, "waterway": "stream", "natural": null, "lat": 12.5635642, "lon": 106.3702729 }, "geometry": { "type": "Point", "coordinates": [ 106.3702729, 12.5635642 ] } },
{ "type": "Feature", "properties": { "source_type": "water", "osm_type": "way", "osm_id": 167956213, "name": null, "man_made": null, "tower_type": null, "mobile_phone": null, "operator": null, "waterway": "river", "natural": null, "lat": 12.5534227, "lon": 106.3841342 }, "geometry": { "type": "Point", "coordinates": [ 106.3841342, 12.5534227 ] } },
{ "type": "Feature", "properties": { "source_type": "water", "osm_type": "way", "osm_id": 167957503, "name": null, "man_made": null, "tower_type": null, "mobile_phone": null, "operator": null, "waterway": "stream", "natural": null, "lat": 12.5528277, "lon": 106.3960578 }, "geometry": { "type": "Point", "coordinates": [ 106.3960578, 12.5528277 ] } },
{ "type": "Feature", "properties": { "source_type": "water", "osm_type": "way", "osm_id": 167957505, "name": null, "man_made": null, "tower_type": null, "mobile_phone": null, "operator": null, "waterway": "stream", "natural": null, "lat": 12.5483705, "lon": 106.3923144 }, "geometry": { "type": "Point", "coordinates": [ 106.3923144, 12.5483705 ] } },
{ "type": "Feature", "properties": { "source_type": "water", "osm_type": "way", "osm_id": 167964043, "name": null, "man_made": null, "tower_type": null, "mobile_phone": null, "operator": null, "waterway": null, "natural": "water", "lat": 12.508324, "lon": 106.2343599 }, "geometry": { "type": "Point", "coordinates": [ 106.2343599, 12.508324 ] } },
{ "type": "Feature", "properties": { "source_type": "water", "osm_type": "way", "osm_id": 168084131, "name": null, "man_made": null, "tower_type": null, "mobile_phone": null, "operator": null, "waterway": "river", "natural": null, "lat": 12.3980477, "lon": 106.2813259 }, "geometry": { "type": "Point", "coordinates": [ 106.2813259, 12.3980477 ] } },
{ "type": "Feature", "properties": { "source_type": "water", "osm_type": "way", "osm_id": 168084224, "name": null, "man_made": null, "tower_type": null, "mobile_phone": null, "operator": null, "waterway": null, "natural": "water", "lat": 12.4020757, "lon": 106.2408585 }, "geometry": { "type": "Point", "coordinates": [ 106.2408585, 12.4020757 ] } },
{ "type": "Feature", "properties": { "source_type": "water", "osm_type": "way", "osm_id": 168084935, "name": null, "man_made": null, "tower_type": null, "mobile_phone": null, "operator": null, "waterway": "stream", "natural": null, "lat": 12.4567938, "lon": 106.1580242 }, "geometry": { "type": "Point", "coordinates": [ 106.1580242, 12.4567938 ] } },
{ "type": "Feature", "properties": { "source_type": "water", "osm_type": "way", "osm_id": 168084937, "name": null, "man_made": null, "tower_type": null, "mobile_phone": null, "operator": null, "waterway": "stream", "natural": null, "lat": 12.4532684, "lon": 106.1767623 }, "geometry": { "type": "Point", "coordinates": [ 106.1767623, 12.4532684 ] } },
{ "type": "Feature", "properties": { "source_type": "water", "osm_type": "way", "osm_id": 168085084, "name": null, "man_made": null, "tower_type": null, "mobile_phone": null, "operator": null, "waterway": "stream", "natural": null, "lat": 12.4595149, "lon": 106.194772 }, "geometry": { "type": "Point", "coordinates": [ 106.194772, 12.4595149 ] } },
{ "type": "Feature", "properties": { "source_type": "water", "osm_type": "way", "osm_id": 168086344, "name": null, "man_made": null, "tower_type": null, "mobile_phone": null, "operator": null, "waterway": "river", "natural": null, "lat": 12.5201708, "lon": 106.2690196 }, "geometry": { "type": "Point", "coordinates": [ 106.2690196, 12.5201708 ] } },
{ "type": "Feature", "properties": { "source_type": "water", "osm_type": "way", "osm_id": 168086493, "name": null, "man_made": null, "tower_type": null, "mobile_phone": null, "operator": null, "waterway": "river", "natural": null, "lat": 12.5241139, "lon": 106.2663338 }, "geometry": { "type": "Point", "coordinates": [ 106.2663338, 12.5241139 ] } },
{ "type": "Feature", "properties": { "source_type": "water", "osm_type": "way", "osm_id": 168087412, "name": null, "man_made": null, "tower_type": null, "mobile_phone": null, "operator": null, "waterway": "canal", "natural": null, "lat": 12.5009971, "lon": 106.2610288 }, "geometry": { "type": "Point", "coordinates": [ 106.2610288, 12.5009971 ] } },
{ "type": "Feature", "properties": { "source_type": "water", "osm_type": "way", "osm_id": 168087413, "name": null, "man_made": null, "tower_type": null, "mobile_phone": null, "operator": null, "waterway": "canal", "natural": null, "lat": 12.505674, "lon": 106.2576063 }, "geometry": { "type": "Point", "coordinates": [ 106.2576063, 12.505674 ] } },
{ "type": "Feature", "properties": { "source_type": "water", "osm_type": "way", "osm_id": 168108528, "name": null, "man_made": null, "tower_type": null, "mobile_phone": null, "operator": null, "waterway": null, "natural": "water", "lat": 12.5496816, "lon": 106.0454073 }, "geometry": { "type": "Point", "coordinates": [ 106.0454073, 12.5496816 ] } },
{ "type": "Feature", "properties": { "source_type": "water", "osm_type": "way", "osm_id": 168229306, "name": null, "man_made": null, "tower_type": null, "mobile_phone": null, "operator": null, "waterway": "stream", "natural": null, "lat": 12.572111, "lon": 106.1547573 }, "geometry": { "type": "Point", "coordinates": [ 106.1547573, 12.572111 ] } },
{ "type": "Feature", "properties": { "source_type": "water", "osm_type": "way", "osm_id": 168230938, "name": null, "man_made": null, "tower_type": null, "mobile_phone": null, "operator": null, "waterway": "stream", "natural": null, "lat": 12.5377357, "lon": 106.0291467 }, "geometry": { "type": "Point", "coordinates": [ 106.0291467, 12.5377357 ] } },
{ "type": "Feature", "properties": { "source_type": "water", "osm_type": "way", "osm_id": 168230999, "name": null, "man_made": null, "tower_type": null, "mobile_phone": null, "operator": null, "waterway": "stream", "natural": null, "lat": 12.5221894, "lon": 106.0195226 }, "geometry": { "type": "Point", "coordinates": [ 106.0195226, 12.5221894 ] } },
{ "type": "Feature", "properties": { "source_type": "water", "osm_type": "way", "osm_id": 168240165, "name": null, "man_made": null, "tower_type": null, "mobile_phone": null, "operator": null, "waterway": "stream", "natural": null, "lat": 12.5030131, "lon": 106.0218008 }, "geometry": { "type": "Point", "coordinates": [ 106.0218008, 12.5030131 ] } },
{ "type": "Feature", "properties": { "source_type": "water", "osm_type": "way", "osm_id": 168240541, "name": null, "man_made": null, "tower_type": null, "mobile_phone": null, "operator": null, "waterway": "stream", "natural": null, "lat": 12.5092382, "lon": 106.0284226 }, "geometry": { "type": "Point", "coordinates": [ 106.0284226, 12.5092382 ] } },
{ "type": "Feature", "properties": { "source_type": "water", "osm_type": "way", "osm_id": 168242221, "name": null, "man_made": null, "tower_type": null, "mobile_phone": null, "operator": null, "waterway": "stream", "natural": null, "lat": 12.5363319, "lon": 106.0302371 }, "geometry": { "type": "Point", "coordinates": [ 106.0302371, 12.5363319 ] } },
{ "type": "Feature", "properties": { "source_type": "water", "osm_type": "way", "osm_id": 168242222, "name": null, "man_made": null, "tower_type": null, "mobile_phone": null, "operator": null, "waterway": "stream", "natural": null, "lat": 12.5385118, "lon": 106.0434322 }, "geometry": { "type": "Point", "coordinates": [ 106.0434322, 12.5385118 ] } },
{ "type": "Feature", "properties": { "source_type": "water", "osm_type": "way", "osm_id": 168242224, "name": null, "man_made": null, "tower_type": null, "mobile_phone": null, "operator": null, "waterway": "stream", "natural": null, "lat": 12.5357337, "lon": 106.035014 }, "geometry": { "type": "Point", "coordinates": [ 106.035014, 12.5357337 ] } },
{ "type": "Feature", "properties": { "source_type": "water", "osm_type": "way", "osm_id": 168242225, "name": null, "man_made": null, "tower_type": null, "mobile_phone": null, "operator": null, "waterway": "stream", "natural": null, "lat": 12.5349483, "lon": 106.0339746 }, "geometry": { "type": "Point", "coordinates": [ 106.0339746, 12.5349483 ] } },
{ "type": "Feature", "properties": { "source_type": "water", "osm_type": "way", "osm_id": 168242226, "name": null, "man_made": null, "tower_type": null, "mobile_phone": null, "operator": null, "waterway": null, "natural": "water", "lat": 12.5335123, "lon": 106.0216272 }, "geometry": { "type": "Point", "coordinates": [ 106.0216272, 12.5335123 ] } },
{ "type": "Feature", "properties": { "source_type": "water", "osm_type": "way", "osm_id": 168242227, "name": null, "man_made": null, "tower_type": null, "mobile_phone": null, "operator": null, "waterway": "stream", "natural": null, "lat": 12.5313784, "lon": 106.0223192 }, "geometry": { "type": "Point", "coordinates": [ 106.0223192, 12.5313784 ] } },
{ "type": "Feature", "properties": { "source_type": "water", "osm_type": "way", "osm_id": 168371798, "name": "Prek Kampi", "man_made": null, "tower_type": null, "mobile_phone": null, "operator": null, "waterway": "river", "natural": null, "lat": 12.6960886, "lon": 106.2834526 }, "geometry": { "type": "Point", "coordinates": [ 106.2834526, 12.6960886 ] } },
{ "type": "Feature", "properties": { "source_type": "water", "osm_type": "way", "osm_id": 168382050, "name": null, "man_made": null, "tower_type": null, "mobile_phone": null, "operator": null, "waterway": "stream", "natural": null, "lat": 12.5717725, "lon": 106.0247952 }, "geometry": { "type": "Point", "coordinates": [ 106.0247952, 12.5717725 ] } },
{ "type": "Feature", "properties": { "source_type": "water", "osm_type": "way", "osm_id": 168382052, "name": null, "man_made": null, "tower_type": null, "mobile_phone": null, "operator": null, "waterway": null, "natural": "water", "lat": 12.5909369, "lon": 106.0313346 }, "geometry": { "type": "Point", "coordinates": [ 106.0313346, 12.5909369 ] } },
{ "type": "Feature", "properties": { "source_type": "water", "osm_type": "way", "osm_id": 168382825, "name": null, "man_made": null, "tower_type": null, "mobile_phone": null, "operator": null, "waterway": "stream", "natural": null, "lat": 12.5251775, "lon": 106.0158905 }, "geometry": { "type": "Point", "coordinates": [ 106.0158905, 12.5251775 ] } },
{ "type": "Feature", "properties": { "source_type": "water", "osm_type": "way", "osm_id": 168382826, "name": "Boeung Kratie", "man_made": null, "tower_type": null, "mobile_phone": null, "operator": null, "waterway": null, "natural": "water", "lat": 12.4760184, "lon": 106.0317064 }, "geometry": { "type": "Point", "coordinates": [ 106.0317064, 12.4760184 ] } },
{ "type": "Feature", "properties": { "source_type": "water", "osm_type": "way", "osm_id": 168384332, "name": null, "man_made": null, "tower_type": null, "mobile_phone": null, "operator": null, "waterway": "drain", "natural": null, "lat": 12.4687027, "lon": 106.0518866 }, "geometry": { "type": "Point", "coordinates": [ 106.0518866, 12.4687027 ] } },
{ "type": "Feature", "properties": { "source_type": "water", "osm_type": "way", "osm_id": 168384333, "name": null, "man_made": null, "tower_type": null, "mobile_phone": null, "operator": null, "waterway": "stream", "natural": null, "lat": 12.4656394, "lon": 106.0533877 }, "geometry": { "type": "Point", "coordinates": [ 106.0533877, 12.4656394 ] } },
{ "type": "Feature", "properties": { "source_type": "water", "osm_type": "way", "osm_id": 168384334, "name": null, "man_made": null, "tower_type": null, "mobile_phone": null, "operator": null, "waterway": "drain", "natural": null, "lat": 12.4691008, "lon": 106.0533725 }, "geometry": { "type": "Point", "coordinates": [ 106.0533725, 12.4691008 ] } },
{ "type": "Feature", "properties": { "source_type": "water", "osm_type": "way", "osm_id": 168384337, "name": null, "man_made": null, "tower_type": null, "mobile_phone": null, "operator": null, "waterway": null, "natural": "water", "lat": 12.4699503, "lon": 106.0481583 }, "geometry": { "type": "Point", "coordinates": [ 106.0481583, 12.4699503 ] } },
{ "type": "Feature", "properties": { "source_type": "water", "osm_type": "way", "osm_id": 168384338, "name": null, "man_made": null, "tower_type": null, "mobile_phone": null, "operator": null, "waterway": null, "natural": "water", "lat": 12.4771199, "lon": 106.0522352 }, "geometry": { "type": "Point", "coordinates": [ 106.0522352, 12.4771199 ] } },
{ "type": "Feature", "properties": { "source_type": "water", "osm_type": "way", "osm_id": 168384344, "name": null, "man_made": null, "tower_type": null, "mobile_phone": null, "operator": null, "waterway": "stream", "natural": null, "lat": 12.4658036, "lon": 106.0469945 }, "geometry": { "type": "Point", "coordinates": [ 106.0469945, 12.4658036 ] } },
{ "type": "Feature", "properties": { "source_type": "water", "osm_type": "way", "osm_id": 168384346, "name": null, "man_made": null, "tower_type": null, "mobile_phone": null, "operator": null, "waterway": null, "natural": "water", "lat": 12.4690048, "lon": 106.0480071 }, "geometry": { "type": "Point", "coordinates": [ 106.0480071, 12.4690048 ] } },
{ "type": "Feature", "properties": { "source_type": "water", "osm_type": "way", "osm_id": 168384351, "name": null, "man_made": null, "tower_type": null, "mobile_phone": null, "operator": null, "waterway": null, "natural": "water", "lat": 12.4633286, "lon": 106.0490335 }, "geometry": { "type": "Point", "coordinates": [ 106.0490335, 12.4633286 ] } },
{ "type": "Feature", "properties": { "source_type": "water", "osm_type": "way", "osm_id": 168384432, "name": null, "man_made": null, "tower_type": null, "mobile_phone": null, "operator": null, "waterway": null, "natural": "water", "lat": 12.495066, "lon": 106.0501862 }, "geometry": { "type": "Point", "coordinates": [ 106.0501862, 12.495066 ] } },
{ "type": "Feature", "properties": { "source_type": "water", "osm_type": "way", "osm_id": 168385026, "name": null, "man_made": null, "tower_type": null, "mobile_phone": null, "operator": null, "waterway": null, "natural": "water", "lat": 12.5014323, "lon": 106.0351942 }, "geometry": { "type": "Point", "coordinates": [ 106.0351942, 12.5014323 ] } },
{ "type": "Feature", "properties": { "source_type": "water", "osm_type": "way", "osm_id": 168385066, "name": null, "man_made": null, "tower_type": null, "mobile_phone": null, "operator": null, "waterway": "stream", "natural": null, "lat": 12.4966035, "lon": 106.0245066 }, "geometry": { "type": "Point", "coordinates": [ 106.0245066, 12.4966035 ] } },
{ "type": "Feature", "properties": { "source_type": "water", "osm_type": "way", "osm_id": 168385308, "name": null, "man_made": null, "tower_type": null, "mobile_phone": null, "operator": null, "waterway": null, "natural": "water", "lat": 12.503019, "lon": 106.0294994 }, "geometry": { "type": "Point", "coordinates": [ 106.0294994, 12.503019 ] } },
{ "type": "Feature", "properties": { "source_type": "water", "osm_type": "way", "osm_id": 168385310, "name": null, "man_made": null, "tower_type": null, "mobile_phone": null, "operator": null, "waterway": "stream", "natural": null, "lat": 12.5028082, "lon": 106.0308968 }, "geometry": { "type": "Point", "coordinates": [ 106.0308968, 12.5028082 ] } },
{ "type": "Feature", "properties": { "source_type": "water", "osm_type": "way", "osm_id": 168385313, "name": null, "man_made": null, "tower_type": null, "mobile_phone": null, "operator": null, "waterway": null, "natural": "water", "lat": 12.5022637, "lon": 106.0300632 }, "geometry": { "type": "Point", "coordinates": [ 106.0300632, 12.5022637 ] } },
{ "type": "Feature", "properties": { "source_type": "water", "osm_type": "way", "osm_id": 168385315, "name": null, "man_made": null, "tower_type": null, "mobile_phone": null, "operator": null, "waterway": null, "natural": "water", "lat": 12.4991521, "lon": 106.0251325 }, "geometry": { "type": "Point", "coordinates": [ 106.0251325, 12.4991521 ] } },
{ "type": "Feature", "properties": { "source_type": "water", "osm_type": "way", "osm_id": 168385320, "name": null, "man_made": null, "tower_type": null, "mobile_phone": null, "operator": null, "waterway": null, "natural": "water", "lat": 12.4991591, "lon": 106.02481 }, "geometry": { "type": "Point", "coordinates": [ 106.02481, 12.4991591 ] } },
{ "type": "Feature", "properties": { "source_type": "water", "osm_type": "way", "osm_id": 168385514, "name": null, "man_made": null, "tower_type": null, "mobile_phone": null, "operator": null, "waterway": null, "natural": "water", "lat": 12.5057201, "lon": 106.0559245 }, "geometry": { "type": "Point", "coordinates": [ 106.0559245, 12.5057201 ] } },
{ "type": "Feature", "properties": { "source_type": "water", "osm_type": "way", "osm_id": 168385516, "name": null, "man_made": null, "tower_type": null, "mobile_phone": null, "operator": null, "waterway": null, "natural": "water", "lat": 12.4998662, "lon": 106.0507899 }, "geometry": { "type": "Point", "coordinates": [ 106.0507899, 12.4998662 ] } },
{ "type": "Feature", "properties": { "source_type": "water", "osm_type": "way", "osm_id": 168385520, "name": null, "man_made": null, "tower_type": null, "mobile_phone": null, "operator": null, "waterway": null, "natural": "water", "lat": 12.4993843, "lon": 106.0506164 }, "geometry": { "type": "Point", "coordinates": [ 106.0506164, 12.4993843 ] } },
{ "type": "Feature", "properties": { "source_type": "water", "osm_type": "way", "osm_id": 168385522, "name": null, "man_made": null, "tower_type": null, "mobile_phone": null, "operator": null, "waterway": null, "natural": "water", "lat": 12.5175433, "lon": 106.0706905 }, "geometry": { "type": "Point", "coordinates": [ 106.0706905, 12.5175433 ] } },
{ "type": "Feature", "properties": { "source_type": "water", "osm_type": "way", "osm_id": 168385524, "name": null, "man_made": null, "tower_type": null, "mobile_phone": null, "operator": null, "waterway": null, "natural": "water", "lat": 12.5054504, "lon": 106.0548453 }, "geometry": { "type": "Point", "coordinates": [ 106.0548453, 12.5054504 ] } },
{ "type": "Feature", "properties": { "source_type": "water", "osm_type": "way", "osm_id": 168385525, "name": null, "man_made": null, "tower_type": null, "mobile_phone": null, "operator": null, "waterway": null, "natural": "water", "lat": 12.5128844, "lon": 106.0706315 }, "geometry": { "type": "Point", "coordinates": [ 106.0706315, 12.5128844 ] } },
{ "type": "Feature", "properties": { "source_type": "water", "osm_type": "way", "osm_id": 168385528, "name": null, "man_made": null, "tower_type": null, "mobile_phone": null, "operator": null, "waterway": null, "natural": "water", "lat": 12.5118208, "lon": 106.0709902 }, "geometry": { "type": "Point", "coordinates": [ 106.0709902, 12.5118208 ] } },
{ "type": "Feature", "properties": { "source_type": "water", "osm_type": "way", "osm_id": 168385530, "name": null, "man_made": null, "tower_type": null, "mobile_phone": null, "operator": null, "waterway": null, "natural": "water", "lat": 12.5058567, "lon": 106.0556241 }, "geometry": { "type": "Point", "coordinates": [ 106.0556241, 12.5058567 ] } },
{ "type": "Feature", "properties": { "source_type": "water", "osm_type": "way", "osm_id": 168385689, "name": null, "man_made": null, "tower_type": null, "mobile_phone": null, "operator": null, "waterway": null, "natural": "water", "lat": 12.4962316, "lon": 106.0687996 }, "geometry": { "type": "Point", "coordinates": [ 106.0687996, 12.4962316 ] } },
{ "type": "Feature", "properties": { "source_type": "water", "osm_type": "way", "osm_id": 168385815, "name": null, "man_made": null, "tower_type": null, "mobile_phone": null, "operator": null, "waterway": null, "natural": "water", "lat": 12.5395721, "lon": 106.0629122 }, "geometry": { "type": "Point", "coordinates": [ 106.0629122, 12.5395721 ] } },
{ "type": "Feature", "properties": { "source_type": "water", "osm_type": "way", "osm_id": 168386195, "name": null, "man_made": null, "tower_type": null, "mobile_phone": null, "operator": null, "waterway": null, "natural": "water", "lat": 12.5289838, "lon": 106.0501458 }, "geometry": { "type": "Point", "coordinates": [ 106.0501458, 12.5289838 ] } },
{ "type": "Feature", "properties": { "source_type": "water", "osm_type": "way", "osm_id": 168386197, "name": null, "man_made": null, "tower_type": null, "mobile_phone": null, "operator": null, "waterway": null, "natural": "water", "lat": 12.5425256, "lon": 106.0590783 }, "geometry": { "type": "Point", "coordinates": [ 106.0590783, 12.5425256 ] } },
{ "type": "Feature", "properties": { "source_type": "water", "osm_type": "way", "osm_id": 168386203, "name": null, "man_made": null, "tower_type": null, "mobile_phone": null, "operator": null, "waterway": null, "natural": "water", "lat": 12.536625, "lon": 106.0725949 }, "geometry": { "type": "Point", "coordinates": [ 106.0725949, 12.536625 ] } },
{ "type": "Feature", "properties": { "source_type": "water", "osm_type": "way", "osm_id": 168386210, "name": null, "man_made": null, "tower_type": null, "mobile_phone": null, "operator": null, "waterway": null, "natural": "water", "lat": 12.5319714, "lon": 106.0554164 }, "geometry": { "type": "Point", "coordinates": [ 106.0554164, 12.5319714 ] } },
{ "type": "Feature", "properties": { "source_type": "water", "osm_type": "way", "osm_id": 168386444, "name": null, "man_made": null, "tower_type": null, "mobile_phone": null, "operator": null, "waterway": null, "natural": "water", "lat": 12.5978005, "lon": 106.0314403 }, "geometry": { "type": "Point", "coordinates": [ 106.0314403, 12.5978005 ] } },
{ "type": "Feature", "properties": { "source_type": "water", "osm_type": "way", "osm_id": 168386550, "name": null, "man_made": null, "tower_type": null, "mobile_phone": null, "operator": null, "waterway": null, "natural": "water", "lat": 12.6135676, "lon": 106.0481985 }, "geometry": { "type": "Point", "coordinates": [ 106.0481985, 12.6135676 ] } },
{ "type": "Feature", "properties": { "source_type": "water", "osm_type": "way", "osm_id": 168386564, "name": null, "man_made": null, "tower_type": null, "mobile_phone": null, "operator": null, "waterway": null, "natural": "water", "lat": 12.6181384, "lon": 106.0436932 }, "geometry": { "type": "Point", "coordinates": [ 106.0436932, 12.6181384 ] } },
{ "type": "Feature", "properties": { "source_type": "water", "osm_type": "way", "osm_id": 168386656, "name": null, "man_made": null, "tower_type": null, "mobile_phone": null, "operator": null, "waterway": null, "natural": "water", "lat": 12.6411394, "lon": 106.0199646 }, "geometry": { "type": "Point", "coordinates": [ 106.0199646, 12.6411394 ] } },
{ "type": "Feature", "properties": { "source_type": "water", "osm_type": "way", "osm_id": 168386774, "name": null, "man_made": null, "tower_type": null, "mobile_phone": null, "operator": null, "waterway": "river", "natural": null, "lat": 12.6623674, "lon": 106.0183136 }, "geometry": { "type": "Point", "coordinates": [ 106.0183136, 12.6623674 ] } },
{ "type": "Feature", "properties": { "source_type": "water", "osm_type": "way", "osm_id": 168400302, "name": null, "man_made": null, "tower_type": null, "mobile_phone": null, "operator": null, "waterway": null, "natural": "water", "lat": 12.6140345, "lon": 106.172583 }, "geometry": { "type": "Point", "coordinates": [ 106.172583, 12.6140345 ] } },
{ "type": "Feature", "properties": { "source_type": "water", "osm_type": "way", "osm_id": 168400817, "name": null, "man_made": null, "tower_type": null, "mobile_phone": null, "operator": null, "waterway": null, "natural": "water", "lat": 12.6308756, "lon": 106.1352538 }, "geometry": { "type": "Point", "coordinates": [ 106.1352538, 12.6308756 ] } },
{ "type": "Feature", "properties": { "source_type": "water", "osm_type": "way", "osm_id": 168401411, "name": null, "man_made": null, "tower_type": null, "mobile_phone": null, "operator": null, "waterway": "stream", "natural": null, "lat": 12.7408917, "lon": 106.326827 }, "geometry": { "type": "Point", "coordinates": [ 106.326827, 12.7408917 ] } },
{ "type": "Feature", "properties": { "source_type": "water", "osm_type": "way", "osm_id": 168405468, "name": null, "man_made": null, "tower_type": null, "mobile_phone": null, "operator": null, "waterway": "canal", "natural": null, "lat": 12.6824455, "lon": 106.1163888 }, "geometry": { "type": "Point", "coordinates": [ 106.1163888, 12.6824455 ] } },
{ "type": "Feature", "properties": { "source_type": "water", "osm_type": "way", "osm_id": 168524420, "name": null, "man_made": null, "tower_type": null, "mobile_phone": null, "operator": null, "waterway": "stream", "natural": null, "lat": 12.4450406, "lon": 106.0933385 }, "geometry": { "type": "Point", "coordinates": [ 106.0933385, 12.4450406 ] } },
{ "type": "Feature", "properties": { "source_type": "water", "osm_type": "way", "osm_id": 168524421, "name": null, "man_made": null, "tower_type": null, "mobile_phone": null, "operator": null, "waterway": "stream", "natural": null, "lat": 12.4433617, "lon": 106.1000667 }, "geometry": { "type": "Point", "coordinates": [ 106.1000667, 12.4433617 ] } },
{ "type": "Feature", "properties": { "source_type": "water", "osm_type": "way", "osm_id": 168524425, "name": null, "man_made": null, "tower_type": null, "mobile_phone": null, "operator": null, "waterway": "stream", "natural": null, "lat": 12.4439327, "lon": 106.0982389 }, "geometry": { "type": "Point", "coordinates": [ 106.0982389, 12.4439327 ] } },
{ "type": "Feature", "properties": { "source_type": "water", "osm_type": "way", "osm_id": 168524426, "name": null, "man_made": null, "tower_type": null, "mobile_phone": null, "operator": null, "waterway": "canal", "natural": null, "lat": 12.4399669, "lon": 106.1096826 }, "geometry": { "type": "Point", "coordinates": [ 106.1096826, 12.4399669 ] } },
{ "type": "Feature", "properties": { "source_type": "water", "osm_type": "way", "osm_id": 168524427, "name": null, "man_made": null, "tower_type": null, "mobile_phone": null, "operator": null, "waterway": "stream", "natural": null, "lat": 12.4443383, "lon": 106.0978916 }, "geometry": { "type": "Point", "coordinates": [ 106.0978916, 12.4443383 ] } },
{ "type": "Feature", "properties": { "source_type": "water", "osm_type": "way", "osm_id": 168524428, "name": null, "man_made": null, "tower_type": null, "mobile_phone": null, "operator": null, "waterway": "stream", "natural": null, "lat": 12.4434311, "lon": 106.0979881 }, "geometry": { "type": "Point", "coordinates": [ 106.0979881, 12.4434311 ] } },
{ "type": "Feature", "properties": { "source_type": "water", "osm_type": "way", "osm_id": 168524429, "name": null, "man_made": null, "tower_type": null, "mobile_phone": null, "operator": null, "waterway": "stream", "natural": null, "lat": 12.4457684, "lon": 106.0923476 }, "geometry": { "type": "Point", "coordinates": [ 106.0923476, 12.4457684 ] } },
{ "type": "Feature", "properties": { "source_type": "water", "osm_type": "way", "osm_id": 168524718, "name": null, "man_made": null, "tower_type": null, "mobile_phone": null, "operator": null, "waterway": "stream", "natural": null, "lat": 12.4444264, "lon": 106.0966081 }, "geometry": { "type": "Point", "coordinates": [ 106.0966081, 12.4444264 ] } },
{ "type": "Feature", "properties": { "source_type": "water", "osm_type": "way", "osm_id": 168524720, "name": null, "man_made": null, "tower_type": null, "mobile_phone": null, "operator": null, "waterway": null, "natural": "water", "lat": 12.4447705, "lon": 106.0953538 }, "geometry": { "type": "Point", "coordinates": [ 106.0953538, 12.4447705 ] } },
{ "type": "Feature", "properties": { "source_type": "water", "osm_type": "way", "osm_id": 168524721, "name": null, "man_made": null, "tower_type": null, "mobile_phone": null, "operator": null, "waterway": "stream", "natural": null, "lat": 12.4442262, "lon": 106.0935429 }, "geometry": { "type": "Point", "coordinates": [ 106.0935429, 12.4442262 ] } },
{ "type": "Feature", "properties": { "source_type": "water", "osm_type": "way", "osm_id": 168524722, "name": null, "man_made": null, "tower_type": null, "mobile_phone": null, "operator": null, "waterway": null, "natural": "water", "lat": 12.4441456, "lon": 106.0963157 }, "geometry": { "type": "Point", "coordinates": [ 106.0963157, 12.4441456 ] } },
{ "type": "Feature", "properties": { "source_type": "water", "osm_type": "way", "osm_id": 168524853, "name": null, "man_made": null, "tower_type": null, "mobile_phone": null, "operator": null, "waterway": null, "natural": "water", "lat": 12.4464783, "lon": 106.0988062 }, "geometry": { "type": "Point", "coordinates": [ 106.0988062, 12.4464783 ] } },
{ "type": "Feature", "properties": { "source_type": "water", "osm_type": "way", "osm_id": 168524859, "name": null, "man_made": null, "tower_type": null, "mobile_phone": null, "operator": null, "waterway": null, "natural": "water", "lat": 12.4420808, "lon": 106.1025384 }, "geometry": { "type": "Point", "coordinates": [ 106.1025384, 12.4420808 ] } },
{ "type": "Feature", "properties": { "source_type": "water", "osm_type": "way", "osm_id": 168525000, "name": null, "man_made": null, "tower_type": null, "mobile_phone": null, "operator": null, "waterway": null, "natural": "water", "lat": 12.4403667, "lon": 106.0906394 }, "geometry": { "type": "Point", "coordinates": [ 106.0906394, 12.4403667 ] } },
{ "type": "Feature", "properties": { "source_type": "water", "osm_type": "way", "osm_id": 168525001, "name": null, "man_made": null, "tower_type": null, "mobile_phone": null, "operator": null, "waterway": null, "natural": "water", "lat": 12.4396019, "lon": 106.0380749 }, "geometry": { "type": "Point", "coordinates": [ 106.0380749, 12.4396019 ] } },
{ "type": "Feature", "properties": { "source_type": "water", "osm_type": "way", "osm_id": 168525091, "name": null, "man_made": null, "tower_type": null, "mobile_phone": null, "operator": null, "waterway": null, "natural": "water", "lat": 12.4382461, "lon": 106.0315527 }, "geometry": { "type": "Point", "coordinates": [ 106.0315527, 12.4382461 ] } },
{ "type": "Feature", "properties": { "source_type": "water", "osm_type": "way", "osm_id": 168525340, "name": null, "man_made": null, "tower_type": null, "mobile_phone": null, "operator": null, "waterway": "stream", "natural": null, "lat": 12.4279666, "lon": 106.0474793 }, "geometry": { "type": "Point", "coordinates": [ 106.0474793, 12.4279666 ] } },
{ "type": "Feature", "properties": { "source_type": "water", "osm_type": "way", "osm_id": 168525341, "name": null, "man_made": null, "tower_type": null, "mobile_phone": null, "operator": null, "waterway": null, "natural": "water", "lat": 12.4295304, "lon": 106.0413123 }, "geometry": { "type": "Point", "coordinates": [ 106.0413123, 12.4295304 ] } },
{ "type": "Feature", "properties": { "source_type": "water", "osm_type": "way", "osm_id": 168525343, "name": null, "man_made": null, "tower_type": null, "mobile_phone": null, "operator": null, "waterway": null, "natural": "water", "lat": 12.4198898, "lon": 106.0439123 }, "geometry": { "type": "Point", "coordinates": [ 106.0439123, 12.4198898 ] } },
{ "type": "Feature", "properties": { "source_type": "water", "osm_type": "way", "osm_id": 168525581, "name": null, "man_made": null, "tower_type": null, "mobile_phone": null, "operator": null, "waterway": null, "natural": "water", "lat": 12.4169836, "lon": 106.0381972 }, "geometry": { "type": "Point", "coordinates": [ 106.0381972, 12.4169836 ] } },
{ "type": "Feature", "properties": { "source_type": "water", "osm_type": "way", "osm_id": 168525682, "name": null, "man_made": null, "tower_type": null, "mobile_phone": null, "operator": null, "waterway": null, "natural": "water", "lat": 12.4285406, "lon": 106.0375822 }, "geometry": { "type": "Point", "coordinates": [ 106.0375822, 12.4285406 ] } },
{ "type": "Feature", "properties": { "source_type": "water", "osm_type": "way", "osm_id": 168525683, "name": null, "man_made": null, "tower_type": null, "mobile_phone": null, "operator": null, "waterway": null, "natural": "water", "lat": 12.4239841, "lon": 106.0429806 }, "geometry": { "type": "Point", "coordinates": [ 106.0429806, 12.4239841 ] } },
{ "type": "Feature", "properties": { "source_type": "water", "osm_type": "way", "osm_id": 168525997, "name": null, "man_made": null, "tower_type": null, "mobile_phone": null, "operator": null, "waterway": "stream", "natural": null, "lat": 12.4228735, "lon": 106.0488625 }, "geometry": { "type": "Point", "coordinates": [ 106.0488625, 12.4228735 ] } },
{ "type": "Feature", "properties": { "source_type": "water", "osm_type": "way", "osm_id": 168525998, "name": null, "man_made": null, "tower_type": null, "mobile_phone": null, "operator": null, "waterway": null, "natural": "water", "lat": 12.4180996, "lon": 106.0534332 }, "geometry": { "type": "Point", "coordinates": [ 106.0534332, 12.4180996 ] } },
{ "type": "Feature", "properties": { "source_type": "water", "osm_type": "way", "osm_id": 176336411, "name": null, "man_made": null, "tower_type": null, "mobile_phone": null, "operator": null, "waterway": "stream", "natural": null, "lat": 12.5627208, "lon": 106.3725205 }, "geometry": { "type": "Point", "coordinates": [ 106.3725205, 12.5627208 ] } },
{ "type": "Feature", "properties": { "source_type": "water", "osm_type": "way", "osm_id": 180927949, "name": "Boeung Kan Seng", "man_made": null, "tower_type": null, "mobile_phone": null, "operator": null, "waterway": null, "natural": "water", "lat": 13.7499349, "lon": 106.9840363 }, "geometry": { "type": "Point", "coordinates": [ 106.9840363, 13.7499349 ] } },
{ "type": "Feature", "properties": { "source_type": "water", "osm_type": "way", "osm_id": 180927962, "name": "Boeung Kam San", "man_made": null, "tower_type": null, "mobile_phone": null, "operator": null, "waterway": null, "natural": "water", "lat": 13.753791, "lon": 106.9887498 }, "geometry": { "type": "Point", "coordinates": [ 106.9887498, 13.753791 ] } },
{ "type": "Feature", "properties": { "source_type": "water", "osm_type": "way", "osm_id": 181163819, "name": null, "man_made": null, "tower_type": null, "mobile_phone": null, "operator": null, "waterway": null, "natural": "water", "lat": 13.8846685, "lon": 107.7034991 }, "geometry": { "type": "Point", "coordinates": [ 107.7034991, 13.8846685 ] } },
{ "type": "Feature", "properties": { "source_type": "water", "osm_type": "way", "osm_id": 185031797, "name": null, "man_made": null, "tower_type": null, "mobile_phone": null, "operator": null, "waterway": null, "natural": "water", "lat": 13.9839101, "lon": 107.5891045 }, "geometry": { "type": "Point", "coordinates": [ 107.5891045, 13.9839101 ] } },
{ "type": "Feature", "properties": { "source_type": "water", "osm_type": "way", "osm_id": 185031798, "name": null, "man_made": null, "tower_type": null, "mobile_phone": null, "operator": null, "waterway": null, "natural": "water", "lat": 13.9761877, "lon": 107.5897413 }, "geometry": { "type": "Point", "coordinates": [ 107.5897413, 13.9761877 ] } },
{ "type": "Feature", "properties": { "source_type": "water", "osm_type": "way", "osm_id": 204555315, "name": null, "man_made": null, "tower_type": null, "mobile_phone": null, "operator": null, "waterway": "river", "natural": null, "lat": 13.5647809, "lon": 105.9278216 }, "geometry": { "type": "Point", "coordinates": [ 105.9278216, 13.5647809 ] } },
{ "type": "Feature", "properties": { "source_type": "water", "osm_type": "way", "osm_id": 211733930, "name": null, "man_made": null, "tower_type": null, "mobile_phone": null, "operator": null, "waterway": null, "natural": "water", "lat": 13.2721806, "lon": 107.6774319 }, "geometry": { "type": "Point", "coordinates": [ 107.6774319, 13.2721806 ] } },
{ "type": "Feature", "properties": { "source_type": "water", "osm_type": "way", "osm_id": 211733931, "name": null, "man_made": null, "tower_type": null, "mobile_phone": null, "operator": null, "waterway": null, "natural": "water", "lat": 13.2889872, "lon": 107.6568588 }, "geometry": { "type": "Point", "coordinates": [ 107.6568588, 13.2889872 ] } },
{ "type": "Feature", "properties": { "source_type": "water", "osm_type": "way", "osm_id": 232202864, "name": null, "man_made": null, "tower_type": null, "mobile_phone": null, "operator": null, "waterway": "river", "natural": null, "lat": 14.4834143, "lon": 106.8108417 }, "geometry": { "type": "Point", "coordinates": [ 106.8108417, 14.4834143 ] } },
{ "type": "Feature", "properties": { "source_type": "water", "osm_type": "way", "osm_id": 232202865, "name": "ນຳ້ກົງ", "man_made": null, "tower_type": null, "mobile_phone": null, "operator": null, "waterway": "river", "natural": null, "lat": 14.5520175, "lon": 106.7241567 }, "geometry": { "type": "Point", "coordinates": [ 106.7241567, 14.5520175 ] } },
{ "type": "Feature", "properties": { "source_type": "water", "osm_type": "way", "osm_id": 232220682, "name": null, "man_made": null, "tower_type": null, "mobile_phone": null, "operator": null, "waterway": "river", "natural": null, "lat": 14.4827078, "lon": 105.8473549 }, "geometry": { "type": "Point", "coordinates": [ 105.8473549, 14.4827078 ] } },
{ "type": "Feature", "properties": { "source_type": "water", "osm_type": "way", "osm_id": 244229616, "name": null, "man_made": null, "tower_type": null, "mobile_phone": null, "operator": null, "waterway": null, "natural": "water", "lat": 11.943217, "lon": 106.2139253 }, "geometry": { "type": "Point", "coordinates": [ 106.2139253, 11.943217 ] } },
{ "type": "Feature", "properties": { "source_type": "water", "osm_type": "way", "osm_id": 244229617, "name": null, "man_made": null, "tower_type": null, "mobile_phone": null, "operator": null, "waterway": null, "natural": "water", "lat": 11.9429228, "lon": 106.2138257 }, "geometry": { "type": "Point", "coordinates": [ 106.2138257, 11.9429228 ] } },
{ "type": "Feature", "properties": { "source_type": "water", "osm_type": "way", "osm_id": 244333869, "name": null, "man_made": null, "tower_type": null, "mobile_phone": null, "operator": null, "waterway": "stream", "natural": null, "lat": 11.8114531, "lon": 106.9749551 }, "geometry": { "type": "Point", "coordinates": [ 106.9749551, 11.8114531 ] } },
{ "type": "Feature", "properties": { "source_type": "water", "osm_type": "way", "osm_id": 244333870, "name": null, "man_made": null, "tower_type": null, "mobile_phone": null, "operator": null, "waterway": "stream", "natural": null, "lat": 11.8118409, "lon": 106.9751977 }, "geometry": { "type": "Point", "coordinates": [ 106.9751977, 11.8118409 ] } },
{ "type": "Feature", "properties": { "source_type": "water", "osm_type": "way", "osm_id": 244333871, "name": null, "man_made": null, "tower_type": null, "mobile_phone": null, "operator": null, "waterway": "stream", "natural": null, "lat": 11.8107965, "lon": 106.9780406 }, "geometry": { "type": "Point", "coordinates": [ 106.9780406, 11.8107965 ] } },
{ "type": "Feature", "properties": { "source_type": "water", "osm_type": "way", "osm_id": 244333879, "name": null, "man_made": null, "tower_type": null, "mobile_phone": null, "operator": null, "waterway": null, "natural": "water", "lat": 11.8100429, "lon": 106.9734529 }, "geometry": { "type": "Point", "coordinates": [ 106.9734529, 11.8100429 ] } },
{ "type": "Feature", "properties": { "source_type": "water", "osm_type": "way", "osm_id": 244742101, "name": null, "man_made": null, "tower_type": null, "mobile_phone": null, "operator": null, "waterway": null, "natural": "water", "lat": 12.0892119, "lon": 107.1579383 }, "geometry": { "type": "Point", "coordinates": [ 107.1579383, 12.0892119 ] } },
{ "type": "Feature", "properties": { "source_type": "water", "osm_type": "way", "osm_id": 245686423, "name": null, "man_made": null, "tower_type": null, "mobile_phone": null, "operator": null, "waterway": "river", "natural": null, "lat": 12.5608432, "lon": 107.4344243 }, "geometry": { "type": "Point", "coordinates": [ 107.4344243, 12.5608432 ] } },
{ "type": "Feature", "properties": { "source_type": "water", "osm_type": "way", "osm_id": 251436995, "name": null, "man_made": null, "tower_type": null, "mobile_phone": null, "operator": null, "waterway": null, "natural": "water", "lat": 13.7467555, "lon": 106.9913135 }, "geometry": { "type": "Point", "coordinates": [ 106.9913135, 13.7467555 ] } },
{ "type": "Feature", "properties": { "source_type": "water", "osm_type": "way", "osm_id": 251436996, "name": null, "man_made": null, "tower_type": null, "mobile_phone": null, "operator": null, "waterway": null, "natural": "water", "lat": 13.7465975, "lon": 106.9918161 }, "geometry": { "type": "Point", "coordinates": [ 106.9918161, 13.7465975 ] } },
{ "type": "Feature", "properties": { "source_type": "water", "osm_type": "way", "osm_id": 251436997, "name": null, "man_made": null, "tower_type": null, "mobile_phone": null, "operator": null, "waterway": null, "natural": "water", "lat": 13.7459623, "lon": 106.9918525 }, "geometry": { "type": "Point", "coordinates": [ 106.9918525, 13.7459623 ] } },
{ "type": "Feature", "properties": { "source_type": "water", "osm_type": "way", "osm_id": 257194996, "name": null, "man_made": null, "tower_type": null, "mobile_phone": null, "operator": null, "waterway": "stream", "natural": null, "lat": 12.4088389, "lon": 107.3073644 }, "geometry": { "type": "Point", "coordinates": [ 107.3073644, 12.4088389 ] } },
{ "type": "Feature", "properties": { "source_type": "water", "osm_type": "way", "osm_id": 257202158, "name": null, "man_made": null, "tower_type": null, "mobile_phone": null, "operator": null, "waterway": "stream", "natural": null, "lat": 13.7587873, "lon": 106.9312172 }, "geometry": { "type": "Point", "coordinates": [ 106.9312172, 13.7587873 ] } },
{ "type": "Feature", "properties": { "source_type": "water", "osm_type": "way", "osm_id": 257762505, "name": null, "man_made": null, "tower_type": null, "mobile_phone": null, "operator": null, "waterway": "stream", "natural": null, "lat": 12.5728771, "lon": 107.204191 }, "geometry": { "type": "Point", "coordinates": [ 107.204191, 12.5728771 ] } },
{ "type": "Feature", "properties": { "source_type": "water", "osm_type": "way", "osm_id": 257775791, "name": null, "man_made": null, "tower_type": null, "mobile_phone": null, "operator": null, "waterway": null, "natural": "water", "lat": 12.4593884, "lon": 107.1781565 }, "geometry": { "type": "Point", "coordinates": [ 107.1781565, 12.4593884 ] } },
{ "type": "Feature", "properties": { "source_type": "water", "osm_type": "way", "osm_id": 257776074, "name": null, "man_made": null, "tower_type": null, "mobile_phone": null, "operator": null, "waterway": null, "natural": "water", "lat": 12.4617125, "lon": 107.1820478 }, "geometry": { "type": "Point", "coordinates": [ 107.1820478, 12.4617125 ] } },
{ "type": "Feature", "properties": { "source_type": "water", "osm_type": "way", "osm_id": 258071642, "name": null, "man_made": null, "tower_type": null, "mobile_phone": null, "operator": null, "waterway": "stream", "natural": null, "lat": 12.8450091, "lon": 105.9942958 }, "geometry": { "type": "Point", "coordinates": [ 105.9942958, 12.8450091 ] } },
{ "type": "Feature", "properties": { "source_type": "water", "osm_type": "way", "osm_id": 259213493, "name": "ទន្លេសាន", "man_made": null, "tower_type": null, "mobile_phone": null, "operator": null, "waterway": null, "natural": "water", "lat": 13.936811, "lon": 106.799247 }, "geometry": { "type": "Point", "coordinates": [ 106.799247, 13.936811 ] } },
{ "type": "Feature", "properties": { "source_type": "water", "osm_type": "way", "osm_id": 261805724, "name": null, "man_made": null, "tower_type": null, "mobile_phone": null, "operator": null, "waterway": "stream", "natural": null, "lat": 12.6928779, "lon": 106.017644 }, "geometry": { "type": "Point", "coordinates": [ 106.017644, 12.6928779 ] } },
{ "type": "Feature", "properties": { "source_type": "water", "osm_type": "way", "osm_id": 264573940, "name": null, "man_made": null, "tower_type": null, "mobile_phone": null, "operator": null, "waterway": "stream", "natural": null, "lat": 13.9863728, "lon": 106.6152933 }, "geometry": { "type": "Point", "coordinates": [ 106.6152933, 13.9863728 ] } },
{ "type": "Feature", "properties": { "source_type": "water", "osm_type": "way", "osm_id": 266123705, "name": null, "man_made": null, "tower_type": null, "mobile_phone": null, "operator": null, "waterway": null, "natural": "water", "lat": 13.5334116, "lon": 105.9319641 }, "geometry": { "type": "Point", "coordinates": [ 105.9319641, 13.5334116 ] } },
{ "type": "Feature", "properties": { "source_type": "water", "osm_type": "way", "osm_id": 275173761, "name": "Houay Dokpho", "man_made": null, "tower_type": null, "mobile_phone": null, "operator": null, "waterway": "river", "natural": null, "lat": 14.4758871, "lon": 105.8770865 }, "geometry": { "type": "Point", "coordinates": [ 105.8770865, 14.4758871 ] } },
{ "type": "Feature", "properties": { "source_type": "water", "osm_type": "way", "osm_id": 275173764, "name": "Houay Ok Ya", "man_made": null, "tower_type": null, "mobile_phone": null, "operator": null, "waterway": "river", "natural": null, "lat": 14.4453656, "lon": 105.8890643 }, "geometry": { "type": "Point", "coordinates": [ 105.8890643, 14.4453656 ] } },
{ "type": "Feature", "properties": { "source_type": "water", "osm_type": "way", "osm_id": 275173767, "name": "Houay Muang", "man_made": null, "tower_type": null, "mobile_phone": null, "operator": null, "waterway": "river", "natural": null, "lat": 14.4388465, "lon": 105.8955424 }, "geometry": { "type": "Point", "coordinates": [ 105.8955424, 14.4388465 ] } },
{ "type": "Feature", "properties": { "source_type": "water", "osm_type": "way", "osm_id": 275173771, "name": "Houay Leuad Khuay", "man_made": null, "tower_type": null, "mobile_phone": null, "operator": null, "waterway": "river", "natural": null, "lat": 14.3737079, "lon": 105.9157857 }, "geometry": { "type": "Point", "coordinates": [ 105.9157857, 14.3737079 ] } },
{ "type": "Feature", "properties": { "source_type": "water", "osm_type": "way", "osm_id": 275173774, "name": "Houay Taopoongai", "man_made": null, "tower_type": null, "mobile_phone": null, "operator": null, "waterway": "river", "natural": null, "lat": 14.3104736, "lon": 105.9205303 }, "geometry": { "type": "Point", "coordinates": [ 105.9205303, 14.3104736 ] } },
{ "type": "Feature", "properties": { "source_type": "water", "osm_type": "way", "osm_id": 275173777, "name": "Houay Kok", "man_made": null, "tower_type": null, "mobile_phone": null, "operator": null, "waterway": "stream", "natural": null, "lat": 14.2799653, "lon": 105.9191565 }, "geometry": { "type": "Point", "coordinates": [ 105.9191565, 14.2799653 ] } },
{ "type": "Feature", "properties": { "source_type": "water", "osm_type": "way", "osm_id": 275173778, "name": "Houay Samkhang", "man_made": null, "tower_type": null, "mobile_phone": null, "operator": null, "waterway": "stream", "natural": null, "lat": 14.1455125, "lon": 105.884949 }, "geometry": { "type": "Point", "coordinates": [ 105.884949, 14.1455125 ] } },
{ "type": "Feature", "properties": { "source_type": "water", "osm_type": "way", "osm_id": 275173781, "name": "Houay Set", "man_made": null, "tower_type": null, "mobile_phone": null, "operator": null, "waterway": "stream", "natural": null, "lat": 14.0014058, "lon": 105.957992 }, "geometry": { "type": "Point", "coordinates": [ 105.957992, 14.0014058 ] } },
{ "type": "Feature", "properties": { "source_type": "water", "osm_type": "way", "osm_id": 276212057, "name": "Houay Yang", "man_made": null, "tower_type": null, "mobile_phone": null, "operator": null, "waterway": "river", "natural": null, "lat": 14.5107139, "lon": 105.8974132 }, "geometry": { "type": "Point", "coordinates": [ 105.8974132, 14.5107139 ] } },
{ "type": "Feature", "properties": { "source_type": "water", "osm_type": "way", "osm_id": 276221190, "name": "ຫວ້ຍກາດຽນ", "man_made": null, "tower_type": null, "mobile_phone": null, "operator": null, "waterway": "river", "natural": null, "lat": 14.3338268, "lon": 105.8407532 }, "geometry": { "type": "Point", "coordinates": [ 105.8407532, 14.3338268 ] } },
{ "type": "Feature", "properties": { "source_type": "water", "osm_type": "way", "osm_id": 276226822, "name": null, "man_made": null, "tower_type": null, "mobile_phone": null, "operator": null, "waterway": "ditch", "natural": null, "lat": 14.0842933, "lon": 105.8472801 }, "geometry": { "type": "Point", "coordinates": [ 105.8472801, 14.0842933 ] } },
{ "type": "Feature", "properties": { "source_type": "water", "osm_type": "way", "osm_id": 276226824, "name": null, "man_made": null, "tower_type": null, "mobile_phone": null, "operator": null, "waterway": "ditch", "natural": null, "lat": 14.084645, "lon": 105.8502716 }, "geometry": { "type": "Point", "coordinates": [ 105.8502716, 14.084645 ] } },
{ "type": "Feature", "properties": { "source_type": "water", "osm_type": "way", "osm_id": 276226828, "name": null, "man_made": null, "tower_type": null, "mobile_phone": null, "operator": null, "waterway": "ditch", "natural": null, "lat": 14.083017, "lon": 105.8489122 }, "geometry": { "type": "Point", "coordinates": [ 105.8489122, 14.083017 ] } },
{ "type": "Feature", "properties": { "source_type": "water", "osm_type": "way", "osm_id": 276226919, "name": null, "man_made": null, "tower_type": null, "mobile_phone": null, "operator": null, "waterway": "river", "natural": null, "lat": 13.9385746, "lon": 106.2212502 }, "geometry": { "type": "Point", "coordinates": [ 106.2212502, 13.9385746 ] } },
{ "type": "Feature", "properties": { "source_type": "water", "osm_type": "way", "osm_id": 276227007, "name": null, "man_made": null, "tower_type": null, "mobile_phone": null, "operator": null, "waterway": "stream", "natural": null, "lat": 13.9468567, "lon": 106.0180568 }, "geometry": { "type": "Point", "coordinates": [ 106.0180568, 13.9468567 ] } },
{ "type": "Feature", "properties": { "source_type": "water", "osm_type": "way", "osm_id": 278810301, "name": null, "man_made": null, "tower_type": null, "mobile_phone": null, "operator": null, "waterway": "stream", "natural": null, "lat": 13.7904565, "lon": 106.9968984 }, "geometry": { "type": "Point", "coordinates": [ 106.9968984, 13.7904565 ] } },
{ "type": "Feature", "properties": { "source_type": "water", "osm_type": "way", "osm_id": 293976135, "name": "ស្ទឹងខាំផា", "man_made": null, "tower_type": null, "mobile_phone": null, "operator": null, "waterway": "river", "natural": null, "lat": 14.151062, "lon": 107.1490809 }, "geometry": { "type": "Point", "coordinates": [ 107.1490809, 14.151062 ] } },
{ "type": "Feature", "properties": { "source_type": "water", "osm_type": "way", "osm_id": 308292552, "name": "Hồ Đăk Nia", "man_made": null, "tower_type": null, "mobile_phone": null, "operator": null, "waterway": null, "natural": "water", "lat": 11.9528459, "lon": 107.7129862 }, "geometry": { "type": "Point", "coordinates": [ 107.7129862, 11.9528459 ] } },
{ "type": "Feature", "properties": { "source_type": "water", "osm_type": "way", "osm_id": 308292558, "name": "Hồ Nam Rạ", "man_made": null, "tower_type": null, "mobile_phone": null, "operator": null, "waterway": null, "natural": "water", "lat": 11.978165, "lon": 107.7236438 }, "geometry": { "type": "Point", "coordinates": [ 107.7236438, 11.978165 ] } },
{ "type": "Feature", "properties": { "source_type": "water", "osm_type": "way", "osm_id": 308292600, "name": null, "man_made": null, "tower_type": null, "mobile_phone": null, "operator": null, "waterway": null, "natural": "water", "lat": 11.9876281, "lon": 107.7055159 }, "geometry": { "type": "Point", "coordinates": [ 107.7055159, 11.9876281 ] } },
{ "type": "Feature", "properties": { "source_type": "water", "osm_type": "way", "osm_id": 308292604, "name": "Hồ Sinh Ba", "man_made": null, "tower_type": null, "mobile_phone": null, "operator": null, "waterway": null, "natural": "water", "lat": 11.962575, "lon": 107.6877597 }, "geometry": { "type": "Point", "coordinates": [ 107.6877597, 11.962575 ] } },
{ "type": "Feature", "properties": { "source_type": "water", "osm_type": "way", "osm_id": 308292610, "name": null, "man_made": null, "tower_type": null, "mobile_phone": null, "operator": null, "waterway": null, "natural": "water", "lat": 11.9907951, "lon": 107.7045547 }, "geometry": { "type": "Point", "coordinates": [ 107.7045547, 11.9907951 ] } },
{ "type": "Feature", "properties": { "source_type": "water", "osm_type": "way", "osm_id": 308292614, "name": "Hồ Mặt Trận", "man_made": null, "tower_type": null, "mobile_phone": null, "operator": null, "waterway": null, "natural": "water", "lat": 11.9965578, "lon": 107.6895589 }, "geometry": { "type": "Point", "coordinates": [ 107.6895589, 11.9965578 ] } },
{ "type": "Feature", "properties": { "source_type": "water", "osm_type": "way", "osm_id": 308292621, "name": "Hồ Nội Trú", "man_made": null, "tower_type": null, "mobile_phone": null, "operator": null, "waterway": null, "natural": "water", "lat": 11.9911947, "lon": 107.7007909 }, "geometry": { "type": "Point", "coordinates": [ 107.7007909, 11.9911947 ] } },
{ "type": "Feature", "properties": { "source_type": "water", "osm_type": "way", "osm_id": 308292628, "name": null, "man_made": null, "tower_type": null, "mobile_phone": null, "operator": null, "waterway": null, "natural": "water", "lat": 11.9620728, "lon": 107.7011669 }, "geometry": { "type": "Point", "coordinates": [ 107.7011669, 11.9620728 ] } },
{ "type": "Feature", "properties": { "source_type": "water", "osm_type": "way", "osm_id": 308292636, "name": null, "man_made": null, "tower_type": null, "mobile_phone": null, "operator": null, "waterway": null, "natural": "water", "lat": 11.9549878, "lon": 107.7228907 }, "geometry": { "type": "Point", "coordinates": [ 107.7228907, 11.9549878 ] } },
{ "type": "Feature", "properties": { "source_type": "water", "osm_type": "way", "osm_id": 308292689, "name": "Suối Đắk Nông", "man_made": null, "tower_type": null, "mobile_phone": null, "operator": null, "waterway": "stream", "natural": null, "lat": 12.1465087, "lon": 107.6655572 }, "geometry": { "type": "Point", "coordinates": [ 107.6655572, 12.1465087 ] } },
{ "type": "Feature", "properties": { "source_type": "water", "osm_type": "way", "osm_id": 310894840, "name": "Suối Đắk Drung", "man_made": null, "tower_type": null, "mobile_phone": null, "operator": null, "waterway": "stream", "natural": null, "lat": 12.2430746, "lon": 107.5790298 }, "geometry": { "type": "Point", "coordinates": [ 107.5790298, 12.2430746 ] } },
{ "type": "Feature", "properties": { "source_type": "water", "osm_type": "way", "osm_id": 310895743, "name": "Hồ thôn 10", "man_made": null, "tower_type": null, "mobile_phone": null, "operator": null, "waterway": null, "natural": "water", "lat": 12.207337, "lon": 107.5789213 }, "geometry": { "type": "Point", "coordinates": [ 107.5789213, 12.207337 ] } },
{ "type": "Feature", "properties": { "source_type": "water", "osm_type": "way", "osm_id": 313639362, "name": null, "man_made": null, "tower_type": null, "mobile_phone": null, "operator": null, "waterway": "river", "natural": null, "lat": 12.1812621, "lon": 105.7195674 }, "geometry": { "type": "Point", "coordinates": [ 105.7195674, 12.1812621 ] } },
{ "type": "Feature", "properties": { "source_type": "water", "osm_type": "way", "osm_id": 313652503, "name": null, "man_made": null, "tower_type": null, "mobile_phone": null, "operator": null, "waterway": null, "natural": "water", "lat": 12.2275782, "lon": 105.7570579 }, "geometry": { "type": "Point", "coordinates": [ 105.7570579, 12.2275782 ] } },
{ "type": "Feature", "properties": { "source_type": "water", "osm_type": "way", "osm_id": 313652572, "name": null, "man_made": null, "tower_type": null, "mobile_phone": null, "operator": null, "waterway": "river", "natural": null, "lat": 12.2263475, "lon": 105.7869254 }, "geometry": { "type": "Point", "coordinates": [ 105.7869254, 12.2263475 ] } },
{ "type": "Feature", "properties": { "source_type": "water", "osm_type": "way", "osm_id": 313652573, "name": null, "man_made": null, "tower_type": null, "mobile_phone": null, "operator": null, "waterway": "canal", "natural": null, "lat": 12.2346731, "lon": 105.7738103 }, "geometry": { "type": "Point", "coordinates": [ 105.7738103, 12.2346731 ] } },
{ "type": "Feature", "properties": { "source_type": "water", "osm_type": "way", "osm_id": 313770932, "name": "បឹងកំពង់គរ", "man_made": null, "tower_type": null, "mobile_phone": null, "operator": null, "waterway": null, "natural": "water", "lat": 12.1992719, "lon": 105.8640102 }, "geometry": { "type": "Point", "coordinates": [ 105.8640102, 12.1992719 ] } },
{ "type": "Feature", "properties": { "source_type": "water", "osm_type": "way", "osm_id": 313770933, "name": "បឹងក្ដី", "man_made": null, "tower_type": null, "mobile_phone": null, "operator": null, "waterway": null, "natural": "water", "lat": 12.208958, "lon": 105.7984105 }, "geometry": { "type": "Point", "coordinates": [ 105.7984105, 12.208958 ] } },
{ "type": "Feature", "properties": { "source_type": "water", "osm_type": "way", "osm_id": 314218936, "name": null, "man_made": null, "tower_type": null, "mobile_phone": null, "operator": null, "waterway": "river", "natural": null, "lat": 12.2377113, "lon": 105.9229595 }, "geometry": { "type": "Point", "coordinates": [ 105.9229595, 12.2377113 ] } },
{ "type": "Feature", "properties": { "source_type": "water", "osm_type": "way", "osm_id": 314218937, "name": null, "man_made": null, "tower_type": null, "mobile_phone": null, "operator": null, "waterway": "river", "natural": null, "lat": 12.2438126, "lon": 105.919546 }, "geometry": { "type": "Point", "coordinates": [ 105.919546, 12.2438126 ] } },
{ "type": "Feature", "properties": { "source_type": "water", "osm_type": "way", "osm_id": 314363705, "name": null, "man_made": null, "tower_type": null, "mobile_phone": null, "operator": null, "waterway": "canal", "natural": null, "lat": 12.2341741, "lon": 105.8186228 }, "geometry": { "type": "Point", "coordinates": [ 105.8186228, 12.2341741 ] } },
{ "type": "Feature", "properties": { "source_type": "water", "osm_type": "way", "osm_id": 314363706, "name": "ព្រែកឆ្លូង", "man_made": null, "tower_type": null, "mobile_phone": null, "operator": null, "waterway": "river", "natural": null, "lat": 12.1017583, "lon": 106.0868992 }, "geometry": { "type": "Point", "coordinates": [ 106.0868992, 12.1017583 ] } },
{ "type": "Feature", "properties": { "source_type": "water", "osm_type": "way", "osm_id": 314363707, "name": null, "man_made": null, "tower_type": null, "mobile_phone": null, "operator": null, "waterway": "river", "natural": null, "lat": 12.2112836, "lon": 105.8805361 }, "geometry": { "type": "Point", "coordinates": [ 105.8805361, 12.2112836 ] } },
{ "type": "Feature", "properties": { "source_type": "water", "osm_type": "way", "osm_id": 314999953, "name": "Suối Đắk R'Tih", "man_made": null, "tower_type": null, "mobile_phone": null, "operator": null, "waterway": "river", "natural": null, "lat": 11.9690082, "lon": 107.648892 }, "geometry": { "type": "Point", "coordinates": [ 107.648892, 11.9690082 ] } },
{ "type": "Feature", "properties": { "source_type": "water", "osm_type": "way", "osm_id": 317884028, "name": null, "man_made": null, "tower_type": null, "mobile_phone": null, "operator": null, "waterway": null, "natural": "water", "lat": 12.4054108, "lon": 107.6478611 }, "geometry": { "type": "Point", "coordinates": [ 107.6478611, 12.4054108 ] } },
{ "type": "Feature", "properties": { "source_type": "water", "osm_type": "way", "osm_id": 317884628, "name": null, "man_made": null, "tower_type": null, "mobile_phone": null, "operator": null, "waterway": null, "natural": "water", "lat": 12.2579282, "lon": 107.6055361 }, "geometry": { "type": "Point", "coordinates": [ 107.6055361, 12.2579282 ] } },
{ "type": "Feature", "properties": { "source_type": "water", "osm_type": "way", "osm_id": 317885287, "name": null, "man_made": null, "tower_type": null, "mobile_phone": null, "operator": null, "waterway": null, "natural": "water", "lat": 11.9103403, "lon": 107.3731044 }, "geometry": { "type": "Point", "coordinates": [ 107.3731044, 11.9103403 ] } },
{ "type": "Feature", "properties": { "source_type": "water", "osm_type": "way", "osm_id": 317885288, "name": null, "man_made": null, "tower_type": null, "mobile_phone": null, "operator": null, "waterway": null, "natural": "water", "lat": 11.9118258, "lon": 107.3756633 }, "geometry": { "type": "Point", "coordinates": [ 107.3756633, 11.9118258 ] } },
{ "type": "Feature", "properties": { "source_type": "water", "osm_type": "way", "osm_id": 317885289, "name": null, "man_made": null, "tower_type": null, "mobile_phone": null, "operator": null, "waterway": null, "natural": "water", "lat": 11.9098311, "lon": 107.3773531 }, "geometry": { "type": "Point", "coordinates": [ 107.3773531, 11.9098311 ] } },
{ "type": "Feature", "properties": { "source_type": "water", "osm_type": "way", "osm_id": 317885392, "name": null, "man_made": null, "tower_type": null, "mobile_phone": null, "operator": null, "waterway": null, "natural": "water", "lat": 11.7950191, "lon": 107.1964382 }, "geometry": { "type": "Point", "coordinates": [ 107.1964382, 11.7950191 ] } },
{ "type": "Feature", "properties": { "source_type": "water", "osm_type": "way", "osm_id": 318875097, "name": "Sông Đồng Nai", "man_made": null, "tower_type": null, "mobile_phone": null, "operator": null, "waterway": "river", "natural": null, "lat": 11.8853767, "lon": 107.7282817 }, "geometry": { "type": "Point", "coordinates": [ 107.7282817, 11.8853767 ] } },
{ "type": "Feature", "properties": { "source_type": "water", "osm_type": "way", "osm_id": 319353095, "name": null, "man_made": null, "tower_type": null, "mobile_phone": null, "operator": null, "waterway": null, "natural": "water", "lat": 11.9292941, "lon": 107.5676998 }, "geometry": { "type": "Point", "coordinates": [ 107.5676998, 11.9292941 ] } },
{ "type": "Feature", "properties": { "source_type": "water", "osm_type": "way", "osm_id": 319353103, "name": "Hồ Sa Đa Cô", "man_made": null, "tower_type": null, "mobile_phone": null, "operator": null, "waterway": null, "natural": "water", "lat": 11.9663514, "lon": 107.4382748 }, "geometry": { "type": "Point", "coordinates": [ 107.4382748, 11.9663514 ] } },
{ "type": "Feature", "properties": { "source_type": "water", "osm_type": "way", "osm_id": 319353113, "name": null, "man_made": null, "tower_type": null, "mobile_phone": null, "operator": null, "waterway": null, "natural": "water", "lat": 11.8906635, "lon": 107.3467682 }, "geometry": { "type": "Point", "coordinates": [ 107.3467682, 11.8906635 ] } },
{ "type": "Feature", "properties": { "source_type": "water", "osm_type": "way", "osm_id": 319353116, "name": null, "man_made": null, "tower_type": null, "mobile_phone": null, "operator": null, "waterway": null, "natural": "water", "lat": 11.9757251, "lon": 107.4318631 }, "geometry": { "type": "Point", "coordinates": [ 107.4318631, 11.9757251 ] } },
{ "type": "Feature", "properties": { "source_type": "water", "osm_type": "way", "osm_id": 319353117, "name": "Hồ Đắk Ru 2", "man_made": null, "tower_type": null, "mobile_phone": null, "operator": null, "waterway": null, "natural": "water", "lat": 11.8963799, "lon": 107.4194203 }, "geometry": { "type": "Point", "coordinates": [ 107.4194203, 11.8963799 ] } },
{ "type": "Feature", "properties": { "source_type": "water", "osm_type": "way", "osm_id": 319353118, "name": null, "man_made": null, "tower_type": null, "mobile_phone": null, "operator": null, "waterway": null, "natural": "water", "lat": 11.9660453, "lon": 107.4523118 }, "geometry": { "type": "Point", "coordinates": [ 107.4523118, 11.9660453 ] } },
{ "type": "Feature", "properties": { "source_type": "water", "osm_type": "way", "osm_id": 319353120, "name": "Hồ Đắk Ru 1", "man_made": null, "tower_type": null, "mobile_phone": null, "operator": null, "waterway": null, "natural": "water", "lat": 11.9099401, "lon": 107.4216746 }, "geometry": { "type": "Point", "coordinates": [ 107.4216746, 11.9099401 ] } },
{ "type": "Feature", "properties": { "source_type": "water", "osm_type": "way", "osm_id": 319353121, "name": "Hồ Quảng Tín", "man_made": null, "tower_type": null, "mobile_phone": null, "operator": null, "waterway": null, "natural": "water", "lat": 11.9560897, "lon": 107.4072276 }, "geometry": { "type": "Point", "coordinates": [ 107.4072276, 11.9560897 ] } },
{ "type": "Feature", "properties": { "source_type": "water", "osm_type": "way", "osm_id": 319353122, "name": "Sông Đắk R'Lấp", "man_made": null, "tower_type": null, "mobile_phone": null, "operator": null, "waterway": "stream", "natural": null, "lat": 11.9559401, "lon": 107.4294658 }, "geometry": { "type": "Point", "coordinates": [ 107.4294658, 11.9559401 ] } },
{ "type": "Feature", "properties": { "source_type": "water", "osm_type": "way", "osm_id": 319353123, "name": null, "man_made": null, "tower_type": null, "mobile_phone": null, "operator": null, "waterway": "ditch", "natural": null, "lat": 11.9610794, "lon": 107.419853 }, "geometry": { "type": "Point", "coordinates": [ 107.419853, 11.9610794 ] } },
{ "type": "Feature", "properties": { "source_type": "water", "osm_type": "way", "osm_id": 319353124, "name": "Suối Đắk Quoeng", "man_made": null, "tower_type": null, "mobile_phone": null, "operator": null, "waterway": "stream", "natural": null, "lat": 11.9710004, "lon": 107.411526 }, "geometry": { "type": "Point", "coordinates": [ 107.411526, 11.9710004 ] } },
{ "type": "Feature", "properties": { "source_type": "water", "osm_type": "way", "osm_id": 319353125, "name": null, "man_made": null, "tower_type": null, "mobile_phone": null, "operator": null, "waterway": "ditch", "natural": null, "lat": 11.9608185, "lon": 107.4459104 }, "geometry": { "type": "Point", "coordinates": [ 107.4459104, 11.9608185 ] } },
{ "type": "Feature", "properties": { "source_type": "water", "osm_type": "way", "osm_id": 319353126, "name": "Suối Đắk N'Oh", "man_made": null, "tower_type": null, "mobile_phone": null, "operator": null, "waterway": "stream", "natural": null, "lat": 12.0231547, "lon": 107.3834064 }, "geometry": { "type": "Point", "coordinates": [ 107.3834064, 12.0231547 ] } },
{ "type": "Feature", "properties": { "source_type": "water", "osm_type": "way", "osm_id": 319353127, "name": null, "man_made": null, "tower_type": null, "mobile_phone": null, "operator": null, "waterway": "ditch", "natural": null, "lat": 11.959588, "lon": 107.4426823 }, "geometry": { "type": "Point", "coordinates": [ 107.4426823, 11.959588 ] } },
{ "type": "Feature", "properties": { "source_type": "water", "osm_type": "way", "osm_id": 319353128, "name": null, "man_made": null, "tower_type": null, "mobile_phone": null, "operator": null, "waterway": "ditch", "natural": null, "lat": 11.959459, "lon": 107.4174584 }, "geometry": { "type": "Point", "coordinates": [ 107.4174584, 11.959459 ] } },
{ "type": "Feature", "properties": { "source_type": "water", "osm_type": "way", "osm_id": 319353129, "name": null, "man_made": null, "tower_type": null, "mobile_phone": null, "operator": null, "waterway": "ditch", "natural": null, "lat": 11.962704, "lon": 107.4358085 }, "geometry": { "type": "Point", "coordinates": [ 107.4358085, 11.962704 ] } },
{ "type": "Feature", "properties": { "source_type": "water", "osm_type": "way", "osm_id": 319353130, "name": null, "man_made": null, "tower_type": null, "mobile_phone": null, "operator": null, "waterway": "ditch", "natural": null, "lat": 11.9617101, "lon": 107.4392711 }, "geometry": { "type": "Point", "coordinates": [ 107.4392711, 11.9617101 ] } },
{ "type": "Feature", "properties": { "source_type": "water", "osm_type": "way", "osm_id": 319353131, "name": "Suối Đắk N'Oh", "man_made": null, "tower_type": null, "mobile_phone": null, "operator": null, "waterway": "stream", "natural": null, "lat": 11.9697087, "lon": 107.3570773 }, "geometry": { "type": "Point", "coordinates": [ 107.3570773, 11.9697087 ] } },
{ "type": "Feature", "properties": { "source_type": "water", "osm_type": "way", "osm_id": 319353133, "name": null, "man_made": null, "tower_type": null, "mobile_phone": null, "operator": null, "waterway": "stream", "natural": null, "lat": 12.0406821, "lon": 107.3894879 }, "geometry": { "type": "Point", "coordinates": [ 107.3894879, 12.0406821 ] } },
{ "type": "Feature", "properties": { "source_type": "water", "osm_type": "way", "osm_id": 319353134, "name": null, "man_made": null, "tower_type": null, "mobile_phone": null, "operator": null, "waterway": "ditch", "natural": null, "lat": 11.9622447, "lon": 107.437584 }, "geometry": { "type": "Point", "coordinates": [ 107.437584, 11.9622447 ] } },
{ "type": "Feature", "properties": { "source_type": "water", "osm_type": "way", "osm_id": 319353135, "name": null, "man_made": null, "tower_type": null, "mobile_phone": null, "operator": null, "waterway": "ditch", "natural": null, "lat": 11.9606472, "lon": 107.4410624 }, "geometry": { "type": "Point", "coordinates": [ 107.4410624, 11.9606472 ] } },
{ "type": "Feature", "properties": { "source_type": "water", "osm_type": "way", "osm_id": 319353136, "name": null, "man_made": null, "tower_type": null, "mobile_phone": null, "operator": null, "waterway": "ditch", "natural": null, "lat": 11.9626751, "lon": 107.4333096 }, "geometry": { "type": "Point", "coordinates": [ 107.4333096, 11.9626751 ] } },
{ "type": "Feature", "properties": { "source_type": "water", "osm_type": "way", "osm_id": 319353137, "name": null, "man_made": null, "tower_type": null, "mobile_phone": null, "operator": null, "waterway": "ditch", "natural": null, "lat": 11.9588423, "lon": 107.4163865 }, "geometry": { "type": "Point", "coordinates": [ 107.4163865, 11.9588423 ] } },
{ "type": "Feature", "properties": { "source_type": "water", "osm_type": "way", "osm_id": 319353138, "name": null, "man_made": null, "tower_type": null, "mobile_phone": null, "operator": null, "waterway": "ditch", "natural": null, "lat": 11.9571413, "lon": 107.4122109 }, "geometry": { "type": "Point", "coordinates": [ 107.4122109, 11.9571413 ] } },
{ "type": "Feature", "properties": { "source_type": "water", "osm_type": "way", "osm_id": 319353139, "name": null, "man_made": null, "tower_type": null, "mobile_phone": null, "operator": null, "waterway": "ditch", "natural": null, "lat": 11.9625213, "lon": 107.4266568 }, "geometry": { "type": "Point", "coordinates": [ 107.4266568, 11.9625213 ] } },
{ "type": "Feature", "properties": { "source_type": "water", "osm_type": "way", "osm_id": 319353140, "name": "Sông Đắk R'Lấp", "man_made": null, "tower_type": null, "mobile_phone": null, "operator": null, "waterway": "river", "natural": null, "lat": 11.9427387, "lon": 107.3790853 }, "geometry": { "type": "Point", "coordinates": [ 107.3790853, 11.9427387 ] } },
{ "type": "Feature", "properties": { "source_type": "water", "osm_type": "way", "osm_id": 320764080, "name": "ព្រែកឆ្លូង", "man_made": null, "tower_type": null, "mobile_phone": null, "operator": null, "waterway": "river", "natural": null, "lat": 12.2033312, "lon": 106.0085943 }, "geometry": { "type": "Point", "coordinates": [ 106.0085943, 12.2033312 ] } },
{ "type": "Feature", "properties": { "source_type": "water", "osm_type": "way", "osm_id": 325850636, "name": null, "man_made": null, "tower_type": null, "mobile_phone": null, "operator": null, "waterway": "river", "natural": null, "lat": 13.1361805, "lon": 106.4111875 }, "geometry": { "type": "Point", "coordinates": [ 106.4111875, 13.1361805 ] } },
{ "type": "Feature", "properties": { "source_type": "water", "osm_type": "way", "osm_id": 325851769, "name": null, "man_made": null, "tower_type": null, "mobile_phone": null, "operator": null, "waterway": "river", "natural": null, "lat": 12.8524782, "lon": 105.969048 }, "geometry": { "type": "Point", "coordinates": [ 105.969048, 12.8524782 ] } },
{ "type": "Feature", "properties": { "source_type": "water", "osm_type": "way", "osm_id": 325851910, "name": null, "man_made": null, "tower_type": null, "mobile_phone": null, "operator": null, "waterway": "river", "natural": null, "lat": 12.9204174, "lon": 105.9989589 }, "geometry": { "type": "Point", "coordinates": [ 105.9989589, 12.9204174 ] } },
{ "type": "Feature", "properties": { "source_type": "water", "osm_type": "way", "osm_id": 325851911, "name": null, "man_made": null, "tower_type": null, "mobile_phone": null, "operator": null, "waterway": "river", "natural": null, "lat": 12.9563438, "lon": 106.0311931 }, "geometry": { "type": "Point", "coordinates": [ 106.0311931, 12.9563438 ] } },
{ "type": "Feature", "properties": { "source_type": "water", "osm_type": "way", "osm_id": 325851912, "name": null, "man_made": null, "tower_type": null, "mobile_phone": null, "operator": null, "waterway": "river", "natural": null, "lat": 12.9388492, "lon": 106.005767 }, "geometry": { "type": "Point", "coordinates": [ 106.005767, 12.9388492 ] } },
{ "type": "Feature", "properties": { "source_type": "water", "osm_type": "way", "osm_id": 328011274, "name": "Hồ Sình Muống", "man_made": null, "tower_type": null, "mobile_phone": null, "operator": null, "waterway": null, "natural": "water", "lat": 12.2948714, "lon": 107.50139 }, "geometry": { "type": "Point", "coordinates": [ 107.50139, 12.2948714 ] } },
{ "type": "Feature", "properties": { "source_type": "water", "osm_type": "way", "osm_id": 328011275, "name": "Hồ Đắk Toa", "man_made": null, "tower_type": null, "mobile_phone": null, "operator": null, "waterway": null, "natural": "water", "lat": 12.2662626, "lon": 107.4902828 }, "geometry": { "type": "Point", "coordinates": [ 107.4902828, 12.2662626 ] } },
{ "type": "Feature", "properties": { "source_type": "water", "osm_type": "way", "osm_id": 328011276, "name": null, "man_made": null, "tower_type": null, "mobile_phone": null, "operator": null, "waterway": null, "natural": "water", "lat": 12.2363591, "lon": 107.4557735 }, "geometry": { "type": "Point", "coordinates": [ 107.4557735, 12.2363591 ] } },
{ "type": "Feature", "properties": { "source_type": "water", "osm_type": "way", "osm_id": 334631153, "name": "Sông Ia Lốp", "man_made": null, "tower_type": null, "mobile_phone": null, "operator": null, "waterway": "river", "natural": null, "lat": 13.3866444, "lon": 107.7587409 }, "geometry": { "type": "Point", "coordinates": [ 107.7587409, 13.3866444 ] } },
{ "type": "Feature", "properties": { "source_type": "water", "osm_type": "way", "osm_id": 340129444, "name": null, "man_made": null, "tower_type": null, "mobile_phone": null, "operator": null, "waterway": "ditch", "natural": null, "lat": 12.1275244, "lon": 107.6360459 }, "geometry": { "type": "Point", "coordinates": [ 107.6360459, 12.1275244 ] } },
{ "type": "Feature", "properties": { "source_type": "water", "osm_type": "way", "osm_id": 341690769, "name": null, "man_made": null, "tower_type": null, "mobile_phone": null, "operator": null, "waterway": "stream", "natural": null, "lat": 13.558105, "lon": 106.9216485 }, "geometry": { "type": "Point", "coordinates": [ 106.9216485, 13.558105 ] } },
{ "type": "Feature", "properties": { "source_type": "water", "osm_type": "way", "osm_id": 341723506, "name": "ព្រែកវ៉ែ", "man_made": null, "tower_type": null, "mobile_phone": null, "operator": null, "waterway": "stream", "natural": null, "lat": 13.2111092, "lon": 107.4643294 }, "geometry": { "type": "Point", "coordinates": [ 107.4643294, 13.2111092 ] } },
{ "type": "Feature", "properties": { "source_type": "water", "osm_type": "way", "osm_id": 352440955, "name": null, "man_made": null, "tower_type": null, "mobile_phone": null, "operator": null, "waterway": null, "natural": "water", "lat": 11.7689574, "lon": 107.6481352 }, "geometry": { "type": "Point", "coordinates": [ 107.6481352, 11.7689574 ] } },
{ "type": "Feature", "properties": { "source_type": "water", "osm_type": "way", "osm_id": 352440959, "name": null, "man_made": null, "tower_type": null, "mobile_phone": null, "operator": null, "waterway": null, "natural": "water", "lat": 11.7678939, "lon": 107.6495194 }, "geometry": { "type": "Point", "coordinates": [ 107.6495194, 11.7678939 ] } },
{ "type": "Feature", "properties": { "source_type": "water", "osm_type": "way", "osm_id": 360990474, "name": null, "man_made": null, "tower_type": null, "mobile_phone": null, "operator": null, "waterway": null, "natural": "water", "lat": 13.92878, "lon": 106.0284721 }, "geometry": { "type": "Point", "coordinates": [ 106.0284721, 13.92878 ] } },
{ "type": "Feature", "properties": { "source_type": "water", "osm_type": "way", "osm_id": 360990476, "name": null, "man_made": null, "tower_type": null, "mobile_phone": null, "operator": null, "waterway": null, "natural": "water", "lat": 13.9308119, "lon": 106.0269431 }, "geometry": { "type": "Point", "coordinates": [ 106.0269431, 13.9308119 ] } },
{ "type": "Feature", "properties": { "source_type": "water", "osm_type": "way", "osm_id": 360993113, "name": null, "man_made": null, "tower_type": null, "mobile_phone": null, "operator": null, "waterway": null, "natural": "water", "lat": 13.9181643, "lon": 106.0455215 }, "geometry": { "type": "Point", "coordinates": [ 106.0455215, 13.9181643 ] } },
{ "type": "Feature", "properties": { "source_type": "water", "osm_type": "way", "osm_id": 365289701, "name": null, "man_made": null, "tower_type": null, "mobile_phone": null, "operator": null, "waterway": null, "natural": "water", "lat": 14.1557325, "lon": 105.7916492 }, "geometry": { "type": "Point", "coordinates": [ 105.7916492, 14.1557325 ] } },
{ "type": "Feature", "properties": { "source_type": "water", "osm_type": "way", "osm_id": 365346087, "name": null, "man_made": null, "tower_type": null, "mobile_phone": null, "operator": null, "waterway": null, "natural": "water", "lat": 13.7620678, "lon": 106.1044844 }, "geometry": { "type": "Point", "coordinates": [ 106.1044844, 13.7620678 ] } },
{ "type": "Feature", "properties": { "source_type": "water", "osm_type": "way", "osm_id": 366129820, "name": null, "man_made": null, "tower_type": null, "mobile_phone": null, "operator": null, "waterway": null, "natural": "water", "lat": 13.5285091, "lon": 105.9958454 }, "geometry": { "type": "Point", "coordinates": [ 105.9958454, 13.5285091 ] } },
{ "type": "Feature", "properties": { "source_type": "water", "osm_type": "way", "osm_id": 366131388, "name": null, "man_made": null, "tower_type": null, "mobile_phone": null, "operator": null, "waterway": null, "natural": "water", "lat": 13.8880039, "lon": 106.099226 }, "geometry": { "type": "Point", "coordinates": [ 106.099226, 13.8880039 ] } },
{ "type": "Feature", "properties": { "source_type": "water", "osm_type": "way", "osm_id": 367760075, "name": "ເຊຄໍພໍ", "man_made": null, "tower_type": null, "mobile_phone": null, "operator": null, "waterway": "river", "natural": null, "lat": 14.6066401, "lon": 106.2975663 }, "geometry": { "type": "Point", "coordinates": [ 106.2975663, 14.6066401 ] } },
{ "type": "Feature", "properties": { "source_type": "water", "osm_type": "way", "osm_id": 389091035, "name": null, "man_made": null, "tower_type": null, "mobile_phone": null, "operator": null, "waterway": "stream", "natural": null, "lat": 13.9513483, "lon": 105.9162113 }, "geometry": { "type": "Point", "coordinates": [ 105.9162113, 13.9513483 ] } },
{ "type": "Feature", "properties": { "source_type": "water", "osm_type": "way", "osm_id": 389418100, "name": null, "man_made": null, "tower_type": null, "mobile_phone": null, "operator": null, "waterway": "stream", "natural": null, "lat": 13.9769909, "lon": 105.981088 }, "geometry": { "type": "Point", "coordinates": [ 105.981088, 13.9769909 ] } },
{ "type": "Feature", "properties": { "source_type": "water", "osm_type": "way", "osm_id": 389418101, "name": "Houay Set", "man_made": null, "tower_type": null, "mobile_phone": null, "operator": null, "waterway": "stream", "natural": null, "lat": 13.9972053, "lon": 105.9534448 }, "geometry": { "type": "Point", "coordinates": [ 105.9534448, 13.9972053 ] } },
{ "type": "Feature", "properties": { "source_type": "water", "osm_type": "way", "osm_id": 389524438, "name": null, "man_made": null, "tower_type": null, "mobile_phone": null, "operator": null, "waterway": "stream", "natural": null, "lat": 13.9619275, "lon": 106.0143192 }, "geometry": { "type": "Point", "coordinates": [ 106.0143192, 13.9619275 ] } },
{ "type": "Feature", "properties": { "source_type": "water", "osm_type": "way", "osm_id": 389524439, "name": null, "man_made": null, "tower_type": null, "mobile_phone": null, "operator": null, "waterway": "stream", "natural": null, "lat": 13.9488447, "lon": 106.0024741 }, "geometry": { "type": "Point", "coordinates": [ 106.0024741, 13.9488447 ] } },
{ "type": "Feature", "properties": { "source_type": "water", "osm_type": "way", "osm_id": 389524440, "name": "Houay Phapheng", "man_made": null, "tower_type": null, "mobile_phone": null, "operator": null, "waterway": "stream", "natural": null, "lat": 13.9467337, "lon": 106.0156042 }, "geometry": { "type": "Point", "coordinates": [ 106.0156042, 13.9467337 ] } },
{ "type": "Feature", "properties": { "source_type": "water", "osm_type": "way", "osm_id": 389983957, "name": null, "man_made": null, "tower_type": null, "mobile_phone": null, "operator": null, "waterway": "river", "natural": null, "lat": 13.3566355, "lon": 106.0920055 }, "geometry": { "type": "Point", "coordinates": [ 106.0920055, 13.3566355 ] } },
{ "type": "Feature", "properties": { "source_type": "water", "osm_type": "way", "osm_id": 389983958, "name": null, "man_made": null, "tower_type": null, "mobile_phone": null, "operator": null, "waterway": "stream", "natural": null, "lat": 13.215039, "lon": 106.0842629 }, "geometry": { "type": "Point", "coordinates": [ 106.0842629, 13.215039 ] } },
{ "type": "Feature", "properties": { "source_type": "water", "osm_type": "way", "osm_id": 389983959, "name": null, "man_made": null, "tower_type": null, "mobile_phone": null, "operator": null, "waterway": "river", "natural": null, "lat": 13.3560384, "lon": 106.0900001 }, "geometry": { "type": "Point", "coordinates": [ 106.0900001, 13.3560384 ] } },
{ "type": "Feature", "properties": { "source_type": "water", "osm_type": "way", "osm_id": 389983960, "name": null, "man_made": null, "tower_type": null, "mobile_phone": null, "operator": null, "waterway": "stream", "natural": null, "lat": 13.254307, "lon": 106.1168591 }, "geometry": { "type": "Point", "coordinates": [ 106.1168591, 13.254307 ] } },
{ "type": "Feature", "properties": { "source_type": "water", "osm_type": "way", "osm_id": 406021049, "name": null, "man_made": null, "tower_type": null, "mobile_phone": null, "operator": null, "waterway": "river", "natural": null, "lat": 12.6853174, "lon": 107.4248055 }, "geometry": { "type": "Point", "coordinates": [ 107.4248055, 12.6853174 ] } },
{ "type": "Feature", "properties": { "source_type": "water", "osm_type": "way", "osm_id": 418848266, "name": null, "man_made": null, "tower_type": null, "mobile_phone": null, "operator": null, "waterway": null, "natural": "water", "lat": 11.8211836, "lon": 106.2060815 }, "geometry": { "type": "Point", "coordinates": [ 106.2060815, 11.8211836 ] } },
{ "type": "Feature", "properties": { "source_type": "water", "osm_type": "way", "osm_id": 420010224, "name": "ເຊປຽນ", "man_made": null, "tower_type": null, "mobile_phone": null, "operator": null, "waterway": "river", "natural": null, "lat": 14.5934552, "lon": 106.4143465 }, "geometry": { "type": "Point", "coordinates": [ 106.4143465, 14.5934552 ] } },
{ "type": "Feature", "properties": { "source_type": "water", "osm_type": "way", "osm_id": 423525957, "name": "ទន្លេសាន", "man_made": null, "tower_type": null, "mobile_phone": null, "operator": null, "waterway": null, "natural": "water", "lat": 14.06125, "lon": 107.0601702 }, "geometry": { "type": "Point", "coordinates": [ 107.0601702, 14.06125 ] } },
{ "type": "Feature", "properties": { "source_type": "water", "osm_type": "way", "osm_id": 423525958, "name": "ទន្លេសាន", "man_made": null, "tower_type": null, "mobile_phone": null, "operator": null, "waterway": null, "natural": "water", "lat": 13.8164551, "lon": 106.6865059 }, "geometry": { "type": "Point", "coordinates": [ 106.6865059, 13.8164551 ] } },
{ "type": "Feature", "properties": { "source_type": "water", "osm_type": "way", "osm_id": 435851966, "name": "ព្រែកឆ្លូង", "man_made": null, "tower_type": null, "mobile_phone": null, "operator": null, "waterway": "river", "natural": null, "lat": 12.0022273, "lon": 106.1757295 }, "geometry": { "type": "Point", "coordinates": [ 106.1757295, 12.0022273 ] } },
{ "type": "Feature", "properties": { "source_type": "water", "osm_type": "way", "osm_id": 435982787, "name": null, "man_made": null, "tower_type": null, "mobile_phone": null, "operator": null, "waterway": "river", "natural": null, "lat": 14.3008513, "lon": 105.9260986 }, "geometry": { "type": "Point", "coordinates": [ 105.9260986, 14.3008513 ] } },
{ "type": "Feature", "properties": { "source_type": "water", "osm_type": "way", "osm_id": 435982788, "name": "Houay Leuad", "man_made": null, "tower_type": null, "mobile_phone": null, "operator": null, "waterway": "river", "natural": null, "lat": 14.4070538, "lon": 105.9112513 }, "geometry": { "type": "Point", "coordinates": [ 105.9112513, 14.4070538 ] } },
{ "type": "Feature", "properties": { "source_type": "water", "osm_type": "way", "osm_id": 435982789, "name": "ຫວ້ຍລາ້ວ", "man_made": null, "tower_type": null, "mobile_phone": null, "operator": null, "waterway": "river", "natural": null, "lat": 14.1225692, "lon": 105.7240482 }, "geometry": { "type": "Point", "coordinates": [ 105.7240482, 14.1225692 ] } },
{ "type": "Feature", "properties": { "source_type": "water", "osm_type": "way", "osm_id": 436024422, "name": null, "man_made": null, "tower_type": null, "mobile_phone": null, "operator": null, "waterway": "stream", "natural": null, "lat": 14.5028944, "lon": 105.87041 }, "geometry": { "type": "Point", "coordinates": [ 105.87041, 14.5028944 ] } },
{ "type": "Feature", "properties": { "source_type": "water", "osm_type": "way", "osm_id": 436544849, "name": "ນຳ້ກົງ", "man_made": null, "tower_type": null, "mobile_phone": null, "operator": null, "waterway": "river", "natural": null, "lat": 14.5181077, "lon": 106.8873867 }, "geometry": { "type": "Point", "coordinates": [ 106.8873867, 14.5181077 ] } },
{ "type": "Feature", "properties": { "source_type": "water", "osm_type": "way", "osm_id": 436544850, "name": "ນຳ້ກົງ", "man_made": null, "tower_type": null, "mobile_phone": null, "operator": null, "waterway": "river", "natural": null, "lat": 14.5053717, "lon": 106.8654715 }, "geometry": { "type": "Point", "coordinates": [ 106.8654715, 14.5053717 ] } },
{ "type": "Feature", "properties": { "source_type": "water", "osm_type": "way", "osm_id": 436544863, "name": null, "man_made": null, "tower_type": null, "mobile_phone": null, "operator": null, "waterway": "river", "natural": null, "lat": 14.5154977, "lon": 106.9054263 }, "geometry": { "type": "Point", "coordinates": [ 106.9054263, 14.5154977 ] } },
{ "type": "Feature", "properties": { "source_type": "water", "osm_type": "way", "osm_id": 436548083, "name": "ຫວ້ຍກາຫລຽງ", "man_made": null, "tower_type": null, "mobile_phone": null, "operator": null, "waterway": "river", "natural": null, "lat": 14.1733585, "lon": 106.0231759 }, "geometry": { "type": "Point", "coordinates": [ 106.0231759, 14.1733585 ] } },
{ "type": "Feature", "properties": { "source_type": "water", "osm_type": "way", "osm_id": 436548090, "name": "ຫວ້ຍຊດ", "man_made": null, "tower_type": null, "mobile_phone": null, "operator": null, "waterway": "river", "natural": null, "lat": 14.0244864, "lon": 106.1414819 }, "geometry": { "type": "Point", "coordinates": [ 106.1414819, 14.0244864 ] } },
{ "type": "Feature", "properties": { "source_type": "water", "osm_type": "way", "osm_id": 436548091, "name": "ໍລີປູ", "man_made": null, "tower_type": null, "mobile_phone": null, "operator": null, "waterway": "river", "natural": null, "lat": 14.1119744, "lon": 105.7001873 }, "geometry": { "type": "Point", "coordinates": [ 105.7001873, 14.1119744 ] } },
{ "type": "Feature", "properties": { "source_type": "water", "osm_type": "way", "osm_id": 444184055, "name": "Hồ Đắk Sắk", "man_made": null, "tower_type": null, "mobile_phone": null, "operator": null, "waterway": null, "natural": "water", "lat": 12.3865924, "lon": 107.6150375 }, "geometry": { "type": "Point", "coordinates": [ 107.6150375, 12.3865924 ] } },
{ "type": "Feature", "properties": { "source_type": "water", "osm_type": "way", "osm_id": 446695529, "name": "Hồ Huyền Tình", "man_made": null, "tower_type": null, "mobile_phone": null, "operator": null, "waterway": null, "natural": "water", "lat": 11.916244, "lon": 107.4162686 }, "geometry": { "type": "Point", "coordinates": [ 107.4162686, 11.916244 ] } },
{ "type": "Feature", "properties": { "source_type": "water", "osm_type": "way", "osm_id": 447351164, "name": null, "man_made": null, "tower_type": null, "mobile_phone": null, "operator": null, "waterway": "stream", "natural": null, "lat": 13.5332697, "lon": 105.9642288 }, "geometry": { "type": "Point", "coordinates": [ 105.9642288, 13.5332697 ] } },
{ "type": "Feature", "properties": { "source_type": "water", "osm_type": "way", "osm_id": 448244488, "name": "Hồ Ia Grai 3", "man_made": null, "tower_type": null, "mobile_phone": null, "operator": null, "waterway": null, "natural": "water", "lat": 14.0043111, "lon": 107.6594908 }, "geometry": { "type": "Point", "coordinates": [ 107.6594908, 14.0043111 ] } },
{ "type": "Feature", "properties": { "source_type": "water", "osm_type": "way", "osm_id": 448250966, "name": "Hồ Sê San 4A", "man_made": null, "tower_type": null, "mobile_phone": null, "operator": null, "waterway": null, "natural": "water", "lat": 13.9500191, "lon": 107.4813759 }, "geometry": { "type": "Point", "coordinates": [ 107.4813759, 13.9500191 ] } },
{ "type": "Feature", "properties": { "source_type": "water", "osm_type": "way", "osm_id": 448275914, "name": null, "man_made": null, "tower_type": null, "mobile_phone": null, "operator": null, "waterway": null, "natural": "water", "lat": 13.8321877, "lon": 107.6518882 }, "geometry": { "type": "Point", "coordinates": [ 107.6518882, 13.8321877 ] } },
{ "type": "Feature", "properties": { "source_type": "water", "osm_type": "way", "osm_id": 448799848, "name": "Suối Đắk Drung", "man_made": null, "tower_type": null, "mobile_phone": null, "operator": null, "waterway": "stream", "natural": null, "lat": 12.1722234, "lon": 107.6123722 }, "geometry": { "type": "Point", "coordinates": [ 107.6123722, 12.1722234 ] } },
{ "type": "Feature", "properties": { "source_type": "water", "osm_type": "way", "osm_id": 448799851, "name": "Suối Đắk Drung", "man_made": null, "tower_type": null, "mobile_phone": null, "operator": null, "waterway": "stream", "natural": null, "lat": 12.0631797, "lon": 107.6279038 }, "geometry": { "type": "Point", "coordinates": [ 107.6279038, 12.0631797 ] } },
{ "type": "Feature", "properties": { "source_type": "water", "osm_type": "way", "osm_id": 448813717, "name": "Hồ Đắk Ru 3", "man_made": null, "tower_type": null, "mobile_phone": null, "operator": null, "waterway": null, "natural": "water", "lat": 11.9118153, "lon": 107.4235001 }, "geometry": { "type": "Point", "coordinates": [ 107.4235001, 11.9118153 ] } },
{ "type": "Feature", "properties": { "source_type": "water", "osm_type": "way", "osm_id": 448901947, "name": "Thanh Chương", "man_made": null, "tower_type": null, "mobile_phone": null, "operator": null, "waterway": null, "natural": "water", "lat": 11.9197675, "lon": 107.4194991 }, "geometry": { "type": "Point", "coordinates": [ 107.4194991, 11.9197675 ] } },
{ "type": "Feature", "properties": { "source_type": "water", "osm_type": "way", "osm_id": 448941884, "name": "Suối Đắk R'Tih", "man_made": null, "tower_type": null, "mobile_phone": null, "operator": null, "waterway": "stream", "natural": null, "lat": 12.0952444, "lon": 107.4921909 }, "geometry": { "type": "Point", "coordinates": [ 107.4921909, 12.0952444 ] } },
{ "type": "Feature", "properties": { "source_type": "water", "osm_type": "way", "osm_id": 451272658, "name": "ແມ່ນ້ຳຂອງ", "man_made": null, "tower_type": null, "mobile_phone": null, "operator": null, "waterway": "river", "natural": null, "lat": 14.6327384, "lon": 105.7669684 }, "geometry": { "type": "Point", "coordinates": [ 105.7669684, 14.6327384 ] } },
{ "type": "Feature", "properties": { "source_type": "water", "osm_type": "way", "osm_id": 453249594, "name": null, "man_made": null, "tower_type": null, "mobile_phone": null, "operator": null, "waterway": "river", "natural": null, "lat": 11.9052856, "lon": 107.4242407 }, "geometry": { "type": "Point", "coordinates": [ 107.4242407, 11.9052856 ] } },
{ "type": "Feature", "properties": { "source_type": "water", "osm_type": "way", "osm_id": 453250517, "name": null, "man_made": null, "tower_type": null, "mobile_phone": null, "operator": null, "waterway": null, "natural": "water", "lat": 11.9149295, "lon": 107.4018153 }, "geometry": { "type": "Point", "coordinates": [ 107.4018153, 11.9149295 ] } },
{ "type": "Feature", "properties": { "source_type": "water", "osm_type": "way", "osm_id": 453251354, "name": null, "man_made": null, "tower_type": null, "mobile_phone": null, "operator": null, "waterway": null, "natural": "water", "lat": 11.9179805, "lon": 107.3986345 }, "geometry": { "type": "Point", "coordinates": [ 107.3986345, 11.9179805 ] } },
{ "type": "Feature", "properties": { "source_type": "water", "osm_type": "way", "osm_id": 453253133, "name": null, "man_made": null, "tower_type": null, "mobile_phone": null, "operator": null, "waterway": null, "natural": "water", "lat": 11.9179448, "lon": 107.4104593 }, "geometry": { "type": "Point", "coordinates": [ 107.4104593, 11.9179448 ] } },
{ "type": "Feature", "properties": { "source_type": "water", "osm_type": "way", "osm_id": 460714550, "name": null, "man_made": null, "tower_type": null, "mobile_phone": null, "operator": null, "waterway": "stream", "natural": null, "lat": 12.4938105, "lon": 105.9807289 }, "geometry": { "type": "Point", "coordinates": [ 105.9807289, 12.4938105 ] } },
{ "type": "Feature", "properties": { "source_type": "water", "osm_type": "way", "osm_id": 462392718, "name": "បឹង​លំកុដ", "man_made": null, "tower_type": null, "mobile_phone": null, "operator": null, "waterway": null, "natural": "water", "lat": 13.529019, "lon": 107.1803262 }, "geometry": { "type": "Point", "coordinates": [ 107.1803262, 13.529019 ] } },
{ "type": "Feature", "properties": { "source_type": "water", "osm_type": "way", "osm_id": 469612079, "name": "បឹងវែង", "man_made": null, "tower_type": null, "mobile_phone": null, "operator": null, "waterway": null, "natural": "water", "lat": 12.3042907, "lon": 105.7619557 }, "geometry": { "type": "Point", "coordinates": [ 105.7619557, 12.3042907 ] } },
{ "type": "Feature", "properties": { "source_type": "water", "osm_type": "way", "osm_id": 469612080, "name": null, "man_made": null, "tower_type": null, "mobile_phone": null, "operator": null, "waterway": "stream", "natural": null, "lat": 12.3178597, "lon": 105.7682734 }, "geometry": { "type": "Point", "coordinates": [ 105.7682734, 12.3178597 ] } },
{ "type": "Feature", "properties": { "source_type": "water", "osm_type": "way", "osm_id": 469612081, "name": "បឹងធំ", "man_made": null, "tower_type": null, "mobile_phone": null, "operator": null, "waterway": null, "natural": "water", "lat": 12.3094293, "lon": 105.7868681 }, "geometry": { "type": "Point", "coordinates": [ 105.7868681, 12.3094293 ] } },
{ "type": "Feature", "properties": { "source_type": "water", "osm_type": "way", "osm_id": 479632826, "name": null, "man_made": null, "tower_type": null, "mobile_phone": null, "operator": null, "waterway": null, "natural": "water", "lat": 13.3072781, "lon": 107.3422944 }, "geometry": { "type": "Point", "coordinates": [ 107.3422944, 13.3072781 ] } },
{ "type": "Feature", "properties": { "source_type": "water", "osm_type": "way", "osm_id": 479632827, "name": null, "man_made": null, "tower_type": null, "mobile_phone": null, "operator": null, "waterway": null, "natural": "water", "lat": 13.3086446, "lon": 107.3086025 }, "geometry": { "type": "Point", "coordinates": [ 107.3086025, 13.3086446 ] } },
{ "type": "Feature", "properties": { "source_type": "water", "osm_type": "way", "osm_id": 479632828, "name": null, "man_made": null, "tower_type": null, "mobile_phone": null, "operator": null, "waterway": null, "natural": "water", "lat": 13.3343857, "lon": 107.2217184 }, "geometry": { "type": "Point", "coordinates": [ 107.2217184, 13.3343857 ] } },
{ "type": "Feature", "properties": { "source_type": "water", "osm_type": "way", "osm_id": 479634863, "name": null, "man_made": null, "tower_type": null, "mobile_phone": null, "operator": null, "waterway": "stream", "natural": null, "lat": 13.3679775, "lon": 107.5544715 }, "geometry": { "type": "Point", "coordinates": [ 107.5544715, 13.3679775 ] } },
{ "type": "Feature", "properties": { "source_type": "water", "osm_type": "way", "osm_id": 479638738, "name": null, "man_made": null, "tower_type": null, "mobile_phone": null, "operator": null, "waterway": "river", "natural": null, "lat": 14.335942, "lon": 106.1697221 }, "geometry": { "type": "Point", "coordinates": [ 106.1697221, 14.335942 ] } },
{ "type": "Feature", "properties": { "source_type": "water", "osm_type": "way", "osm_id": 479638739, "name": null, "man_made": null, "tower_type": null, "mobile_phone": null, "operator": null, "waterway": "river", "natural": null, "lat": 14.256498, "lon": 106.4869595 }, "geometry": { "type": "Point", "coordinates": [ 106.4869595, 14.256498 ] } },
{ "type": "Feature", "properties": { "source_type": "water", "osm_type": "way", "osm_id": 479638741, "name": null, "man_made": null, "tower_type": null, "mobile_phone": null, "operator": null, "waterway": "river", "natural": null, "lat": 14.2443502, "lon": 107.0743624 }, "geometry": { "type": "Point", "coordinates": [ 107.0743624, 14.2443502 ] } },
{ "type": "Feature", "properties": { "source_type": "water", "osm_type": "way", "osm_id": 479638742, "name": null, "man_made": null, "tower_type": null, "mobile_phone": null, "operator": null, "waterway": "river", "natural": null, "lat": 14.0625886, "lon": 106.882379 }, "geometry": { "type": "Point", "coordinates": [ 106.882379, 14.0625886 ] } },
{ "type": "Feature", "properties": { "source_type": "water", "osm_type": "way", "osm_id": 479642750, "name": null, "man_made": null, "tower_type": null, "mobile_phone": null, "operator": null, "waterway": "river", "natural": null, "lat": 12.2600124, "lon": 106.500856 }, "geometry": { "type": "Point", "coordinates": [ 106.500856, 12.2600124 ] } },
{ "type": "Feature", "properties": { "source_type": "water", "osm_type": "way", "osm_id": 479836652, "name": "ទន្លេស្រែពក", "man_made": null, "tower_type": null, "mobile_phone": null, "operator": null, "waterway": "river", "natural": null, "lat": 13.4929379, "lon": 106.5266374 }, "geometry": { "type": "Point", "coordinates": [ 106.5266374, 13.4929379 ] } },
{ "type": "Feature", "properties": { "source_type": "water", "osm_type": "way", "osm_id": 479840600, "name": null, "man_made": null, "tower_type": null, "mobile_phone": null, "operator": null, "waterway": "stream", "natural": null, "lat": 14.4032778, "lon": 107.6382902 }, "geometry": { "type": "Point", "coordinates": [ 107.6382902, 14.4032778 ] } },
{ "type": "Feature", "properties": { "source_type": "water", "osm_type": "way", "osm_id": 479840601, "name": "Suối Đăk Hơ Drai", "man_made": null, "tower_type": null, "mobile_phone": null, "operator": null, "waterway": "river", "natural": null, "lat": 14.4319779, "lon": 107.5961343 }, "geometry": { "type": "Point", "coordinates": [ 107.5961343, 14.4319779 ] } },
{ "type": "Feature", "properties": { "source_type": "water", "osm_type": "way", "osm_id": 479840602, "name": null, "man_made": null, "tower_type": null, "mobile_phone": null, "operator": null, "waterway": "stream", "natural": null, "lat": 14.3698841, "lon": 107.6469527 }, "geometry": { "type": "Point", "coordinates": [ 107.6469527, 14.3698841 ] } },
{ "type": "Feature", "properties": { "source_type": "water", "osm_type": "way", "osm_id": 479840603, "name": null, "man_made": null, "tower_type": null, "mobile_phone": null, "operator": null, "waterway": "stream", "natural": null, "lat": 14.4601122, "lon": 107.6056516 }, "geometry": { "type": "Point", "coordinates": [ 107.6056516, 14.4601122 ] } },
{ "type": "Feature", "properties": { "source_type": "water", "osm_type": "way", "osm_id": 479840604, "name": "Suối Đăk Hơ Drai", "man_made": null, "tower_type": null, "mobile_phone": null, "operator": null, "waterway": "stream", "natural": null, "lat": 14.4930697, "lon": 107.6250916 }, "geometry": { "type": "Point", "coordinates": [ 107.6250916, 14.4930697 ] } },
{ "type": "Feature", "properties": { "source_type": "water", "osm_type": "way", "osm_id": 479840605, "name": "Suối Đắk Mô", "man_made": null, "tower_type": null, "mobile_phone": null, "operator": null, "waterway": "stream", "natural": null, "lat": 14.357934, "lon": 107.6470743 }, "geometry": { "type": "Point", "coordinates": [ 107.6470743, 14.357934 ] } },
{ "type": "Feature", "properties": { "source_type": "water", "osm_type": "way", "osm_id": 479840606, "name": null, "man_made": null, "tower_type": null, "mobile_phone": null, "operator": null, "waterway": "stream", "natural": null, "lat": 14.4593027, "lon": 107.5933923 }, "geometry": { "type": "Point", "coordinates": [ 107.5933923, 14.4593027 ] } },
{ "type": "Feature", "properties": { "source_type": "water", "osm_type": "way", "osm_id": 479840607, "name": "Suối Ya Mô", "man_made": null, "tower_type": null, "mobile_phone": null, "operator": null, "waterway": "river", "natural": null, "lat": 14.3893524, "lon": 107.6435355 }, "geometry": { "type": "Point", "coordinates": [ 107.6435355, 14.3893524 ] } },
{ "type": "Feature", "properties": { "source_type": "water", "osm_type": "way", "osm_id": 479840608, "name": null, "man_made": null, "tower_type": null, "mobile_phone": null, "operator": null, "waterway": "stream", "natural": null, "lat": 14.3684027, "lon": 107.663096 }, "geometry": { "type": "Point", "coordinates": [ 107.663096, 14.3684027 ] } },
{ "type": "Feature", "properties": { "source_type": "water", "osm_type": "way", "osm_id": 479840609, "name": "Suối Ya Mô", "man_made": null, "tower_type": null, "mobile_phone": null, "operator": null, "waterway": "river", "natural": null, "lat": 14.4072085, "lon": 107.6167824 }, "geometry": { "type": "Point", "coordinates": [ 107.6167824, 14.4072085 ] } },
{ "type": "Feature", "properties": { "source_type": "water", "osm_type": "way", "osm_id": 479848491, "name": null, "man_made": null, "tower_type": null, "mobile_phone": null, "operator": null, "waterway": null, "natural": "water", "lat": 13.1401177, "lon": 107.3895603 }, "geometry": { "type": "Point", "coordinates": [ 107.3895603, 13.1401177 ] } },
{ "type": "Feature", "properties": { "source_type": "water", "osm_type": "way", "osm_id": 479848493, "name": null, "man_made": null, "tower_type": null, "mobile_phone": null, "operator": null, "waterway": null, "natural": "water", "lat": 13.0665529, "lon": 107.4141384 }, "geometry": { "type": "Point", "coordinates": [ 107.4141384, 13.0665529 ] } },
{ "type": "Feature", "properties": { "source_type": "water", "osm_type": "way", "osm_id": 479848500, "name": null, "man_made": null, "tower_type": null, "mobile_phone": null, "operator": null, "waterway": null, "natural": "water", "lat": 13.125699, "lon": 107.4032282 }, "geometry": { "type": "Point", "coordinates": [ 107.4032282, 13.125699 ] } },
{ "type": "Feature", "properties": { "source_type": "water", "osm_type": "way", "osm_id": 480112491, "name": null, "man_made": null, "tower_type": null, "mobile_phone": null, "operator": null, "waterway": "river", "natural": null, "lat": 14.4402691, "lon": 106.611937 }, "geometry": { "type": "Point", "coordinates": [ 106.611937, 14.4402691 ] } },
{ "type": "Feature", "properties": { "source_type": "water", "osm_type": "way", "osm_id": 480114742, "name": null, "man_made": null, "tower_type": null, "mobile_phone": null, "operator": null, "waterway": "river", "natural": null, "lat": 12.9397646, "lon": 107.0756185 }, "geometry": { "type": "Point", "coordinates": [ 107.0756185, 12.9397646 ] } },
{ "type": "Feature", "properties": { "source_type": "water", "osm_type": "way", "osm_id": 480138090, "name": null, "man_made": null, "tower_type": null, "mobile_phone": null, "operator": null, "waterway": null, "natural": "water", "lat": 13.2184626, "lon": 107.3730713 }, "geometry": { "type": "Point", "coordinates": [ 107.3730713, 13.2184626 ] } },
{ "type": "Feature", "properties": { "source_type": "water", "osm_type": "way", "osm_id": 480138092, "name": null, "man_made": null, "tower_type": null, "mobile_phone": null, "operator": null, "waterway": "river", "natural": null, "lat": 12.8665612, "lon": 107.3027373 }, "geometry": { "type": "Point", "coordinates": [ 107.3027373, 12.8665612 ] } },
{ "type": "Feature", "properties": { "source_type": "water", "osm_type": "way", "osm_id": 480257814, "name": "Sông Sê San", "man_made": null, "tower_type": null, "mobile_phone": null, "operator": null, "waterway": "river", "natural": null, "lat": 14.2158878, "lon": 107.7217303 }, "geometry": { "type": "Point", "coordinates": [ 107.7217303, 14.2158878 ] } },
{ "type": "Feature", "properties": { "source_type": "water", "osm_type": "way", "osm_id": 480257815, "name": "Sông Sê San", "man_made": null, "tower_type": null, "mobile_phone": null, "operator": null, "waterway": "river", "natural": null, "lat": 14.1639145, "lon": 107.6894246 }, "geometry": { "type": "Point", "coordinates": [ 107.6894246, 14.1639145 ] } },
{ "type": "Feature", "properties": { "source_type": "water", "osm_type": "way", "osm_id": 480260246, "name": null, "man_made": null, "tower_type": null, "mobile_phone": null, "operator": null, "waterway": null, "natural": "water", "lat": 13.8045462, "lon": 107.6978986 }, "geometry": { "type": "Point", "coordinates": [ 107.6978986, 13.8045462 ] } },
{ "type": "Feature", "properties": { "source_type": "water", "osm_type": "way", "osm_id": 480654263, "name": "Sông Ia Lốp", "man_made": null, "tower_type": null, "mobile_phone": null, "operator": null, "waterway": null, "natural": "water", "lat": 13.3683961, "lon": 107.696275 }, "geometry": { "type": "Point", "coordinates": [ 107.696275, 13.3683961 ] } },
{ "type": "Feature", "properties": { "source_type": "water", "osm_type": "way", "osm_id": 480654264, "name": "ព្រែកណាមលៀវ", "man_made": null, "tower_type": null, "mobile_phone": null, "operator": null, "waterway": null, "natural": "water", "lat": 13.2948604, "lon": 107.5837066 }, "geometry": { "type": "Point", "coordinates": [ 107.5837066, 13.2948604 ] } },
{ "type": "Feature", "properties": { "source_type": "water", "osm_type": "way", "osm_id": 480654277, "name": "Sông Ea H'leo", "man_made": null, "tower_type": null, "mobile_phone": null, "operator": null, "waterway": "river", "natural": null, "lat": 13.2682861, "lon": 107.6820216 }, "geometry": { "type": "Point", "coordinates": [ 107.6820216, 13.2682861 ] } },
{ "type": "Feature", "properties": { "source_type": "water", "osm_type": "way", "osm_id": 480654284, "name": "Sông Srêpốk", "man_made": null, "tower_type": null, "mobile_phone": null, "operator": null, "waterway": "river", "natural": null, "lat": 12.9607205, "lon": 107.6362669 }, "geometry": { "type": "Point", "coordinates": [ 107.6362669, 12.9607205 ] } },
{ "type": "Feature", "properties": { "source_type": "water", "osm_type": "way", "osm_id": 480783681, "name": "ព្រែកណាមលៀវ", "man_made": null, "tower_type": null, "mobile_phone": null, "operator": null, "waterway": "river", "natural": null, "lat": 13.3057209, "lon": 107.4857946 }, "geometry": { "type": "Point", "coordinates": [ 107.4857946, 13.3057209 ] } },
{ "type": "Feature", "properties": { "source_type": "water", "osm_type": "way", "osm_id": 481243175, "name": "ព្រែកដាក់ដាំ / Sông Đắk Đăm", "man_made": null, "tower_type": null, "mobile_phone": null, "operator": null, "waterway": "river", "natural": null, "lat": 12.6880958, "lon": 107.5754265 }, "geometry": { "type": "Point", "coordinates": [ 107.5754265, 12.6880958 ] } },
{ "type": "Feature", "properties": { "source_type": "water", "osm_type": "way", "osm_id": 481243177, "name": null, "man_made": null, "tower_type": null, "mobile_phone": null, "operator": null, "waterway": "stream", "natural": null, "lat": 12.6964299, "lon": 107.5552489 }, "geometry": { "type": "Point", "coordinates": [ 107.5552489, 12.6964299 ] } },
{ "type": "Feature", "properties": { "source_type": "water", "osm_type": "way", "osm_id": 481243178, "name": "ព្រែកដាក់ដាំ / Sông Đắk Đăm", "man_made": null, "tower_type": null, "mobile_phone": null, "operator": null, "waterway": "river", "natural": null, "lat": 12.6656368, "lon": 107.572406 }, "geometry": { "type": "Point", "coordinates": [ 107.572406, 12.6656368 ] } },
{ "type": "Feature", "properties": { "source_type": "water", "osm_type": "way", "osm_id": 481243180, "name": "Suối Đắk Sôr", "man_made": null, "tower_type": null, "mobile_phone": null, "operator": null, "waterway": "river", "natural": null, "lat": 12.4344592, "lon": 107.7166017 }, "geometry": { "type": "Point", "coordinates": [ 107.7166017, 12.4344592 ] } },
{ "type": "Feature", "properties": { "source_type": "water", "osm_type": "way", "osm_id": 481253962, "name": "Suối Đắk Drung", "man_made": null, "tower_type": null, "mobile_phone": null, "operator": null, "waterway": "stream", "natural": null, "lat": 12.2788309, "lon": 107.5527681 }, "geometry": { "type": "Point", "coordinates": [ 107.5527681, 12.2788309 ] } },
{ "type": "Feature", "properties": { "source_type": "water", "osm_type": "way", "osm_id": 481308765, "name": "Suối Đắk Nông", "man_made": null, "tower_type": null, "mobile_phone": null, "operator": null, "waterway": "river", "natural": null, "lat": 11.9358618, "lon": 107.6562355 }, "geometry": { "type": "Point", "coordinates": [ 107.6562355, 11.9358618 ] } },
{ "type": "Feature", "properties": { "source_type": "water", "osm_type": "way", "osm_id": 481308766, "name": "Suối Đắk Nông", "man_made": null, "tower_type": null, "mobile_phone": null, "operator": null, "waterway": "river", "natural": null, "lat": 11.9114448, "lon": 107.653752 }, "geometry": { "type": "Point", "coordinates": [ 107.653752, 11.9114448 ] } },
{ "type": "Feature", "properties": { "source_type": "water", "osm_type": "way", "osm_id": 481308770, "name": "Suối Đắk Nông", "man_made": null, "tower_type": null, "mobile_phone": null, "operator": null, "waterway": "stream", "natural": null, "lat": 12.0808451, "lon": 107.6853401 }, "geometry": { "type": "Point", "coordinates": [ 107.6853401, 12.0808451 ] } },
{ "type": "Feature", "properties": { "source_type": "water", "osm_type": "way", "osm_id": 481308771, "name": "Suối Đắk R'Tih", "man_made": null, "tower_type": null, "mobile_phone": null, "operator": null, "waterway": "river", "natural": null, "lat": 11.9938685, "lon": 107.6219808 }, "geometry": { "type": "Point", "coordinates": [ 107.6219808, 11.9938685 ] } },
{ "type": "Feature", "properties": { "source_type": "water", "osm_type": "way", "osm_id": 481308772, "name": "Suối Đắk R'Tih", "man_made": null, "tower_type": null, "mobile_phone": null, "operator": null, "waterway": "river", "natural": null, "lat": 11.9937873, "lon": 107.6391601 }, "geometry": { "type": "Point", "coordinates": [ 107.6391601, 11.9937873 ] } },
{ "type": "Feature", "properties": { "source_type": "water", "osm_type": "way", "osm_id": 481419795, "name": "Sông Đồng Nai", "man_made": null, "tower_type": null, "mobile_phone": null, "operator": null, "waterway": "river", "natural": null, "lat": 11.8670874, "lon": 107.8066379 }, "geometry": { "type": "Point", "coordinates": [ 107.8066379, 11.8670874 ] } },
{ "type": "Feature", "properties": { "source_type": "water", "osm_type": "way", "osm_id": 481433497, "name": "Suối Đắk Jer Man / ស្ទឹងជ្រៃមាំង", "man_made": null, "tower_type": null, "mobile_phone": null, "operator": null, "waterway": "stream", "natural": null, "lat": 12.0481449, "lon": 106.77015 }, "geometry": { "type": "Point", "coordinates": [ 106.77015, 12.0481449 ] } },
{ "type": "Feature", "properties": { "source_type": "water", "osm_type": "way", "osm_id": 481433511, "name": "Sông Bé", "man_made": null, "tower_type": null, "mobile_phone": null, "operator": null, "waterway": "river", "natural": null, "lat": 11.7686802, "lon": 106.7566313 }, "geometry": { "type": "Point", "coordinates": [ 106.7566313, 11.7686802 ] } },
{ "type": "Feature", "properties": { "source_type": "water", "osm_type": "way", "osm_id": 481433513, "name": "Sông Bé", "man_made": null, "tower_type": null, "mobile_phone": null, "operator": null, "waterway": "river", "natural": null, "lat": 11.686771, "lon": 106.7619132 }, "geometry": { "type": "Point", "coordinates": [ 106.7619132, 11.686771 ] } },
{ "type": "Feature", "properties": { "source_type": "water", "osm_type": "way", "osm_id": 481433562, "name": null, "man_made": null, "tower_type": null, "mobile_phone": null, "operator": null, "waterway": "stream", "natural": null, "lat": 11.8404394, "lon": 106.7863675 }, "geometry": { "type": "Point", "coordinates": [ 106.7863675, 11.8404394 ] } },
{ "type": "Feature", "properties": { "source_type": "water", "osm_type": "way", "osm_id": 481521491, "name": "Suối Đắk Jer Man / ស្ទឹងជ្រៃមាំង", "man_made": null, "tower_type": null, "mobile_phone": null, "operator": null, "waterway": "stream", "natural": null, "lat": 12.0751953, "lon": 106.8176955 }, "geometry": { "type": "Point", "coordinates": [ 106.8176955, 12.0751953 ] } },
{ "type": "Feature", "properties": { "source_type": "water", "osm_type": "way", "osm_id": 481521532, "name": "Sông Bé", "man_made": null, "tower_type": null, "mobile_phone": null, "operator": null, "waterway": "river", "natural": null, "lat": 11.9776926, "lon": 106.8699142 }, "geometry": { "type": "Point", "coordinates": [ 106.8699142, 11.9776926 ] } },
{ "type": "Feature", "properties": { "source_type": "water", "osm_type": "way", "osm_id": 481521533, "name": null, "man_made": null, "tower_type": null, "mobile_phone": null, "operator": null, "waterway": "stream", "natural": null, "lat": 12.0142197, "lon": 106.8542785 }, "geometry": { "type": "Point", "coordinates": [ 106.8542785, 12.0142197 ] } },
{ "type": "Feature", "properties": { "source_type": "water", "osm_type": "way", "osm_id": 481521534, "name": null, "man_made": null, "tower_type": null, "mobile_phone": null, "operator": null, "waterway": "stream", "natural": null, "lat": 12.0190203, "lon": 106.9753288 }, "geometry": { "type": "Point", "coordinates": [ 106.9753288, 12.0190203 ] } },
{ "type": "Feature", "properties": { "source_type": "water", "osm_type": "way", "osm_id": 481521535, "name": "Sông Bé", "man_made": null, "tower_type": null, "mobile_phone": null, "operator": null, "waterway": "river", "natural": null, "lat": 11.9685551, "lon": 106.8434958 }, "geometry": { "type": "Point", "coordinates": [ 106.8434958, 11.9685551 ] } },
{ "type": "Feature", "properties": { "source_type": "water", "osm_type": "way", "osm_id": 481521536, "name": null, "man_made": null, "tower_type": null, "mobile_phone": null, "operator": null, "waterway": "stream", "natural": null, "lat": 12.0150487, "lon": 106.8563625 }, "geometry": { "type": "Point", "coordinates": [ 106.8563625, 12.0150487 ] } },
{ "type": "Feature", "properties": { "source_type": "water", "osm_type": "way", "osm_id": 481521537, "name": "Sông Bé", "man_made": null, "tower_type": null, "mobile_phone": null, "operator": null, "waterway": "river", "natural": null, "lat": 11.9238339, "lon": 106.7959205 }, "geometry": { "type": "Point", "coordinates": [ 106.7959205, 11.9238339 ] } },
{ "type": "Feature", "properties": { "source_type": "water", "osm_type": "way", "osm_id": 481521539, "name": null, "man_made": null, "tower_type": null, "mobile_phone": null, "operator": null, "waterway": "stream", "natural": null, "lat": 11.9996824, "lon": 106.905457 }, "geometry": { "type": "Point", "coordinates": [ 106.905457, 11.9996824 ] } },
{ "type": "Feature", "properties": { "source_type": "water", "osm_type": "way", "osm_id": 481561496, "name": "Hồ Bảy Mẫu", "man_made": null, "tower_type": null, "mobile_phone": null, "operator": null, "waterway": null, "natural": "water", "lat": 11.8115297, "lon": 107.2544401 }, "geometry": { "type": "Point", "coordinates": [ 107.2544401, 11.8115297 ] } },
{ "type": "Feature", "properties": { "source_type": "water", "osm_type": "way", "osm_id": 481561511, "name": "Sông Bé", "man_made": null, "tower_type": null, "mobile_phone": null, "operator": null, "waterway": "river", "natural": null, "lat": 11.9199309, "lon": 106.938346 }, "geometry": { "type": "Point", "coordinates": [ 106.938346, 11.9199309 ] } },
{ "type": "Feature", "properties": { "source_type": "water", "osm_type": "way", "osm_id": 481561513, "name": "Sông Đắk R'Lấp", "man_made": null, "tower_type": null, "mobile_phone": null, "operator": null, "waterway": "stream", "natural": null, "lat": 12.017868, "lon": 107.4574338 }, "geometry": { "type": "Point", "coordinates": [ 107.4574338, 12.017868 ] } },
{ "type": "Feature", "properties": { "source_type": "water", "osm_type": "way", "osm_id": 481561514, "name": "Suối Tà Niên", "man_made": null, "tower_type": null, "mobile_phone": null, "operator": null, "waterway": "stream", "natural": null, "lat": 11.8693397, "lon": 106.9825907 }, "geometry": { "type": "Point", "coordinates": [ 106.9825907, 11.8693397 ] } },
{ "type": "Feature", "properties": { "source_type": "water", "osm_type": "way", "osm_id": 481561515, "name": "Sông Đắk R'Lấp", "man_made": null, "tower_type": null, "mobile_phone": null, "operator": null, "waterway": "river", "natural": null, "lat": 11.8114301, "lon": 107.1289489 }, "geometry": { "type": "Point", "coordinates": [ 107.1289489, 11.8114301 ] } },
{ "type": "Feature", "properties": { "source_type": "water", "osm_type": "way", "osm_id": 481561516, "name": "Sông Đắk R'Lấp", "man_made": null, "tower_type": null, "mobile_phone": null, "operator": null, "waterway": "river", "natural": null, "lat": 11.8669035, "lon": 107.2343386 }, "geometry": { "type": "Point", "coordinates": [ 107.2343386, 11.8669035 ] } },
{ "type": "Feature", "properties": { "source_type": "water", "osm_type": "way", "osm_id": 481561528, "name": "Sông Đắk Glun", "man_made": null, "tower_type": null, "mobile_phone": null, "operator": null, "waterway": "river", "natural": null, "lat": 11.9959355, "lon": 107.1503635 }, "geometry": { "type": "Point", "coordinates": [ 107.1503635, 11.9959355 ] } },
{ "type": "Feature", "properties": { "source_type": "water", "osm_type": "way", "osm_id": 481582401, "name": "Sông Đắk Huýt / ព្រែកដាក់ហួត", "man_made": null, "tower_type": null, "mobile_phone": null, "operator": null, "waterway": "river", "natural": null, "lat": 12.1771692, "lon": 107.0799167 }, "geometry": { "type": "Point", "coordinates": [ 107.0799167, 12.1771692 ] } },
{ "type": "Feature", "properties": { "source_type": "water", "osm_type": "way", "osm_id": 481582402, "name": "Sông Đắk Huýt", "man_made": null, "tower_type": null, "mobile_phone": null, "operator": null, "waterway": "stream", "natural": null, "lat": 12.299977, "lon": 107.2913105 }, "geometry": { "type": "Point", "coordinates": [ 107.2913105, 12.299977 ] } },
{ "type": "Feature", "properties": { "source_type": "water", "osm_type": "way", "osm_id": 481582403, "name": "Suối Đắk Dang / ព្រែកដាក់ដាំង", "man_made": null, "tower_type": null, "mobile_phone": null, "operator": null, "waterway": "stream", "natural": null, "lat": 12.3149432, "lon": 107.3319392 }, "geometry": { "type": "Point", "coordinates": [ 107.3319392, 12.3149432 ] } },
{ "type": "Feature", "properties": { "source_type": "water", "osm_type": "way", "osm_id": 481582405, "name": "Sông Đắk Huýt", "man_made": null, "tower_type": null, "mobile_phone": null, "operator": null, "waterway": "river", "natural": null, "lat": 12.0476497, "lon": 106.9771655 }, "geometry": { "type": "Point", "coordinates": [ 106.9771655, 12.0476497 ] } },
{ "type": "Feature", "properties": { "source_type": "water", "osm_type": "way", "osm_id": 481582435, "name": null, "man_made": null, "tower_type": null, "mobile_phone": null, "operator": null, "waterway": "stream", "natural": null, "lat": 11.9944732, "lon": 106.9793087 }, "geometry": { "type": "Point", "coordinates": [ 106.9793087, 11.9944732 ] } },
{ "type": "Feature", "properties": { "source_type": "water", "osm_type": "way", "osm_id": 481582437, "name": null, "man_made": null, "tower_type": null, "mobile_phone": null, "operator": null, "waterway": "stream", "natural": null, "lat": 11.9950137, "lon": 106.9963769 }, "geometry": { "type": "Point", "coordinates": [ 106.9963769, 11.9950137 ] } },
{ "type": "Feature", "properties": { "source_type": "water", "osm_type": "way", "osm_id": 481582441, "name": null, "man_made": null, "tower_type": null, "mobile_phone": null, "operator": null, "waterway": "stream", "natural": null, "lat": 12.1345829, "lon": 107.0549961 }, "geometry": { "type": "Point", "coordinates": [ 107.0549961, 12.1345829 ] } },
{ "type": "Feature", "properties": { "source_type": "water", "osm_type": "way", "osm_id": 481582442, "name": null, "man_made": null, "tower_type": null, "mobile_phone": null, "operator": null, "waterway": "stream", "natural": null, "lat": 12.1978211, "lon": 107.1296794 }, "geometry": { "type": "Point", "coordinates": [ 107.1296794, 12.1978211 ] } },
{ "type": "Feature", "properties": { "source_type": "water", "osm_type": "way", "osm_id": 481582443, "name": null, "man_made": null, "tower_type": null, "mobile_phone": null, "operator": null, "waterway": "stream", "natural": null, "lat": 11.9929899, "lon": 106.9941631 }, "geometry": { "type": "Point", "coordinates": [ 106.9941631, 11.9929899 ] } },
{ "type": "Feature", "properties": { "source_type": "water", "osm_type": "way", "osm_id": 481582444, "name": null, "man_made": null, "tower_type": null, "mobile_phone": null, "operator": null, "waterway": "stream", "natural": null, "lat": 12.0603917, "lon": 106.9933669 }, "geometry": { "type": "Point", "coordinates": [ 106.9933669, 12.0603917 ] } },
{ "type": "Feature", "properties": { "source_type": "water", "osm_type": "way", "osm_id": 481592661, "name": "ស្ទឹងជ្រៃមាំង", "man_made": null, "tower_type": null, "mobile_phone": null, "operator": null, "waterway": "river", "natural": null, "lat": 12.0694709, "lon": 106.53918 }, "geometry": { "type": "Point", "coordinates": [ 106.53918, 12.0694709 ] } },
{ "type": "Feature", "properties": { "source_type": "water", "osm_type": "way", "osm_id": 481592662, "name": "Suối Đắk Jer Man / ស្ទឹងជ្រៃមាំង", "man_made": null, "tower_type": null, "mobile_phone": null, "operator": null, "waterway": "stream", "natural": null, "lat": 11.9740847, "lon": 106.7090465 }, "geometry": { "type": "Point", "coordinates": [ 106.7090465, 11.9740847 ] } },
{ "type": "Feature", "properties": { "source_type": "water", "osm_type": "way", "osm_id": 481592663, "name": "Suối Đắk Jer Man / ស្ទឹងជ្រៃមាំង", "man_made": null, "tower_type": null, "mobile_phone": null, "operator": null, "waterway": "river", "natural": null, "lat": 11.9748874, "lon": 106.6503977 }, "geometry": { "type": "Point", "coordinates": [ 106.6503977, 11.9748874 ] } },
{ "type": "Feature", "properties": { "source_type": "water", "osm_type": "way", "osm_id": 481592665, "name": null, "man_made": null, "tower_type": null, "mobile_phone": null, "operator": null, "waterway": "stream", "natural": null, "lat": 11.9663955, "lon": 106.6744666 }, "geometry": { "type": "Point", "coordinates": [ 106.6744666, 11.9663955 ] } },
{ "type": "Feature", "properties": { "source_type": "water", "osm_type": "way", "osm_id": 481592669, "name": "ស្ទឹងជ្រៃមាំង", "man_made": null, "tower_type": null, "mobile_phone": null, "operator": null, "waterway": "river", "natural": null, "lat": 12.0027115, "lon": 106.6158794 }, "geometry": { "type": "Point", "coordinates": [ 106.6158794, 12.0027115 ] } },
{ "type": "Feature", "properties": { "source_type": "water", "osm_type": "way", "osm_id": 481599913, "name": "Rạch Chàm / ទន្លេចាម", "man_made": null, "tower_type": null, "mobile_phone": null, "operator": null, "waterway": "stream", "natural": null, "lat": 11.7474359, "lon": 106.4339159 }, "geometry": { "type": "Point", "coordinates": [ 106.4339159, 11.7474359 ] } },
{ "type": "Feature", "properties": { "source_type": "water", "osm_type": "way", "osm_id": 481640699, "name": null, "man_made": null, "tower_type": null, "mobile_phone": null, "operator": null, "waterway": "stream", "natural": null, "lat": 11.7684115, "lon": 106.7893016 }, "geometry": { "type": "Point", "coordinates": [ 106.7893016, 11.7684115 ] } },
{ "type": "Feature", "properties": { "source_type": "water", "osm_type": "way", "osm_id": 481725512, "name": "Hồ Bàu Sen", "man_made": null, "tower_type": null, "mobile_phone": null, "operator": null, "waterway": null, "natural": "water", "lat": 11.8084295, "lon": 106.7841856 }, "geometry": { "type": "Point", "coordinates": [ 106.7841856, 11.8084295 ] } },
{ "type": "Feature", "properties": { "source_type": "water", "osm_type": "way", "osm_id": 481725514, "name": "Hồ Nông Trường 4", "man_made": null, "tower_type": null, "mobile_phone": null, "operator": null, "waterway": null, "natural": "water", "lat": 11.8037204, "lon": 106.8675699 }, "geometry": { "type": "Point", "coordinates": [ 106.8675699, 11.8037204 ] } },
{ "type": "Feature", "properties": { "source_type": "water", "osm_type": "way", "osm_id": 481725515, "name": "Dak Semrigne", "man_made": null, "tower_type": null, "mobile_phone": null, "operator": null, "waterway": "stream", "natural": null, "lat": 11.7594576, "lon": 106.7851921 }, "geometry": { "type": "Point", "coordinates": [ 106.7851921, 11.7594576 ] } },
{ "type": "Feature", "properties": { "source_type": "water", "osm_type": "way", "osm_id": 481725538, "name": null, "man_made": null, "tower_type": null, "mobile_phone": null, "operator": null, "waterway": "stream", "natural": null, "lat": 11.7670596, "lon": 106.7909844 }, "geometry": { "type": "Point", "coordinates": [ 106.7909844, 11.7670596 ] } },
{ "type": "Feature", "properties": { "source_type": "water", "osm_type": "way", "osm_id": 481725541, "name": null, "man_made": null, "tower_type": null, "mobile_phone": null, "operator": null, "waterway": "stream", "natural": null, "lat": 11.7732514, "lon": 106.8605433 }, "geometry": { "type": "Point", "coordinates": [ 106.8605433, 11.7732514 ] } },
{ "type": "Feature", "properties": { "source_type": "water", "osm_type": "way", "osm_id": 482977977, "name": null, "man_made": null, "tower_type": null, "mobile_phone": null, "operator": null, "waterway": null, "natural": "water", "lat": 13.335517, "lon": 107.4645914 }, "geometry": { "type": "Point", "coordinates": [ 107.4645914, 13.335517 ] } },
{ "type": "Feature", "properties": { "source_type": "water", "osm_type": "way", "osm_id": 482977978, "name": null, "man_made": null, "tower_type": null, "mobile_phone": null, "operator": null, "waterway": null, "natural": "water", "lat": 13.284977, "lon": 107.5642859 }, "geometry": { "type": "Point", "coordinates": [ 107.5642859, 13.284977 ] } },
{ "type": "Feature", "properties": { "source_type": "water", "osm_type": "way", "osm_id": 482977979, "name": "ព្រែកណាមលៀវ", "man_made": null, "tower_type": null, "mobile_phone": null, "operator": null, "waterway": null, "natural": "water", "lat": 13.3056337, "lon": 107.4665265 }, "geometry": { "type": "Point", "coordinates": [ 107.4665265, 13.3056337 ] } },
{ "type": "Feature", "properties": { "source_type": "water", "osm_type": "way", "osm_id": 484193904, "name": null, "man_made": null, "tower_type": null, "mobile_phone": null, "operator": null, "waterway": "stream", "natural": null, "lat": 11.9441819, "lon": 106.2152638 }, "geometry": { "type": "Point", "coordinates": [ 106.2152638, 11.9441819 ] } },
{ "type": "Feature", "properties": { "source_type": "water", "osm_type": "way", "osm_id": 484193905, "name": null, "man_made": null, "tower_type": null, "mobile_phone": null, "operator": null, "waterway": "stream", "natural": null, "lat": 11.9440382, "lon": 106.1990844 }, "geometry": { "type": "Point", "coordinates": [ 106.1990844, 11.9440382 ] } },
{ "type": "Feature", "properties": { "source_type": "water", "osm_type": "way", "osm_id": 484195063, "name": "ទន្លេសាន", "man_made": null, "tower_type": null, "mobile_phone": null, "operator": null, "waterway": "river", "natural": null, "lat": 13.5606844, "lon": 106.1388643 }, "geometry": { "type": "Point", "coordinates": [ 106.1388643, 13.5606844 ] } },
{ "type": "Feature", "properties": { "source_type": "water", "osm_type": "way", "osm_id": 484196201, "name": "ទន្លេស្រែពក", "man_made": null, "tower_type": null, "mobile_phone": null, "operator": null, "waterway": "river", "natural": null, "lat": 13.3218905, "lon": 107.2710335 }, "geometry": { "type": "Point", "coordinates": [ 107.2710335, 13.3218905 ] } },
{ "type": "Feature", "properties": { "source_type": "water", "osm_type": "way", "osm_id": 484196203, "name": "ទន្លេសាន", "man_made": null, "tower_type": null, "mobile_phone": null, "operator": null, "waterway": "river", "natural": null, "lat": 13.6160806, "lon": 106.3893262 }, "geometry": { "type": "Point", "coordinates": [ 106.3893262, 13.6160806 ] } },
{ "type": "Feature", "properties": { "source_type": "water", "osm_type": "way", "osm_id": 484458556, "name": null, "man_made": null, "tower_type": null, "mobile_phone": null, "operator": null, "waterway": "river", "natural": null, "lat": 14.2091756, "lon": 107.3061263 }, "geometry": { "type": "Point", "coordinates": [ 107.3061263, 14.2091756 ] } },
{ "type": "Feature", "properties": { "source_type": "water", "osm_type": "way", "osm_id": 486442104, "name": "Suối Ia Blang", "man_made": null, "tower_type": null, "mobile_phone": null, "operator": null, "waterway": "river", "natural": null, "lat": 13.9355415, "lon": 107.7131618 }, "geometry": { "type": "Point", "coordinates": [ 107.7131618, 13.9355415 ] } },
{ "type": "Feature", "properties": { "source_type": "water", "osm_type": "way", "osm_id": 486444004, "name": null, "man_made": null, "tower_type": null, "mobile_phone": null, "operator": null, "waterway": "river", "natural": null, "lat": 13.9657771, "lon": 107.6912928 }, "geometry": { "type": "Point", "coordinates": [ 107.6912928, 13.9657771 ] } },
{ "type": "Feature", "properties": { "source_type": "water", "osm_type": "way", "osm_id": 486792440, "name": null, "man_made": null, "tower_type": null, "mobile_phone": null, "operator": null, "waterway": null, "natural": "water", "lat": 13.9201871, "lon": 106.0294344 }, "geometry": { "type": "Point", "coordinates": [ 106.0294344, 13.9201871 ] } },
{ "type": "Feature", "properties": { "source_type": "water", "osm_type": "way", "osm_id": 486792443, "name": null, "man_made": null, "tower_type": null, "mobile_phone": null, "operator": null, "waterway": null, "natural": "water", "lat": 13.9207538, "lon": 106.0290191 }, "geometry": { "type": "Point", "coordinates": [ 106.0290191, 13.9207538 ] } },
{ "type": "Feature", "properties": { "source_type": "water", "osm_type": "way", "osm_id": 486792446, "name": null, "man_made": null, "tower_type": null, "mobile_phone": null, "operator": null, "waterway": null, "natural": "water", "lat": 13.9216789, "lon": 106.0283792 }, "geometry": { "type": "Point", "coordinates": [ 106.0283792, 13.9216789 ] } },
{ "type": "Feature", "properties": { "source_type": "water", "osm_type": "way", "osm_id": 486852548, "name": null, "man_made": null, "tower_type": null, "mobile_phone": null, "operator": null, "waterway": null, "natural": "water", "lat": 12.5645479, "lon": 105.9782677 }, "geometry": { "type": "Point", "coordinates": [ 105.9782677, 12.5645479 ] } },
{ "type": "Feature", "properties": { "source_type": "water", "osm_type": "way", "osm_id": 486852554, "name": null, "man_made": null, "tower_type": null, "mobile_phone": null, "operator": null, "waterway": "river", "natural": null, "lat": 12.7680627, "lon": 105.8975717 }, "geometry": { "type": "Point", "coordinates": [ 105.8975717, 12.7680627 ] } },
{ "type": "Feature", "properties": { "source_type": "water", "osm_type": "way", "osm_id": 487993507, "name": null, "man_made": null, "tower_type": null, "mobile_phone": null, "operator": null, "waterway": "ditch", "natural": null, "lat": 13.7880607, "lon": 107.0003947 }, "geometry": { "type": "Point", "coordinates": [ 107.0003947, 13.7880607 ] } },
{ "type": "Feature", "properties": { "source_type": "water", "osm_type": "way", "osm_id": 496880172, "name": "Hồ Sơn Lợi", "man_made": null, "tower_type": null, "mobile_phone": null, "operator": null, "waterway": null, "natural": "water", "lat": 11.8798108, "lon": 107.3215436 }, "geometry": { "type": "Point", "coordinates": [ 107.3215436, 11.8798108 ] } },
{ "type": "Feature", "properties": { "source_type": "water", "osm_type": "way", "osm_id": 506914701, "name": "Hồ Ia Grai 1", "man_made": null, "tower_type": null, "mobile_phone": null, "operator": null, "waterway": null, "natural": "water", "lat": 13.9930432, "lon": 107.7413213 }, "geometry": { "type": "Point", "coordinates": [ 107.7413213, 13.9930432 ] } },
{ "type": "Feature", "properties": { "source_type": "water", "osm_type": "way", "osm_id": 506985766, "name": null, "man_made": null, "tower_type": null, "mobile_phone": null, "operator": null, "waterway": null, "natural": "water", "lat": 13.1705514, "lon": 107.5854447 }, "geometry": { "type": "Point", "coordinates": [ 107.5854447, 13.1705514 ] } },
{ "type": "Feature", "properties": { "source_type": "water", "osm_type": "way", "osm_id": 509396102, "name": "ព្រែកដ្រាំង", "man_made": null, "tower_type": null, "mobile_phone": null, "operator": null, "waterway": "river", "natural": null, "lat": 13.3947621, "lon": 107.3783445 }, "geometry": { "type": "Point", "coordinates": [ 107.3783445, 13.3947621 ] } },
{ "type": "Feature", "properties": { "source_type": "water", "osm_type": "way", "osm_id": 509396104, "name": "ទន្លេ​មេគង្គ", "man_made": null, "tower_type": null, "mobile_phone": null, "operator": null, "waterway": "river", "natural": null, "lat": 13.5363035, "lon": 105.9491866 }, "geometry": { "type": "Point", "coordinates": [ 105.9491866, 13.5363035 ] } },
{ "type": "Feature", "properties": { "source_type": "water", "osm_type": "way", "osm_id": 517665685, "name": null, "man_made": null, "tower_type": null, "mobile_phone": null, "operator": null, "waterway": "river", "natural": null, "lat": 13.8006374, "lon": 106.9855033 }, "geometry": { "type": "Point", "coordinates": [ 106.9855033, 13.8006374 ] } },
{ "type": "Feature", "properties": { "source_type": "water", "osm_type": "way", "osm_id": 517665686, "name": null, "man_made": null, "tower_type": null, "mobile_phone": null, "operator": null, "waterway": null, "natural": "water", "lat": 13.8001236, "lon": 106.9894009 }, "geometry": { "type": "Point", "coordinates": [ 106.9894009, 13.8001236 ] } },
{ "type": "Feature", "properties": { "source_type": "water", "osm_type": "way", "osm_id": 533546033, "name": "Suối Rừng Cấm", "man_made": null, "tower_type": null, "mobile_phone": null, "operator": null, "waterway": "stream", "natural": null, "lat": 11.8444406, "lon": 106.592308 }, "geometry": { "type": "Point", "coordinates": [ 106.592308, 11.8444406 ] } },
{ "type": "Feature", "properties": { "source_type": "water", "osm_type": "way", "osm_id": 539730970, "name": null, "man_made": null, "tower_type": null, "mobile_phone": null, "operator": null, "waterway": null, "natural": "water", "lat": 13.5097191, "lon": 105.9904758 }, "geometry": { "type": "Point", "coordinates": [ 105.9904758, 13.5097191 ] } },
{ "type": "Feature", "properties": { "source_type": "water", "osm_type": "way", "osm_id": 543736620, "name": null, "man_made": null, "tower_type": null, "mobile_phone": null, "operator": null, "waterway": "stream", "natural": null, "lat": 13.5337908, "lon": 106.0193431 }, "geometry": { "type": "Point", "coordinates": [ 106.0193431, 13.5337908 ] } },
{ "type": "Feature", "properties": { "source_type": "water", "osm_type": "way", "osm_id": 543736622, "name": null, "man_made": null, "tower_type": null, "mobile_phone": null, "operator": null, "waterway": "canal", "natural": null, "lat": 13.5087685, "lon": 106.0925386 }, "geometry": { "type": "Point", "coordinates": [ 106.0925386, 13.5087685 ] } },
{ "type": "Feature", "properties": { "source_type": "water", "osm_type": "way", "osm_id": 543736623, "name": null, "man_made": null, "tower_type": null, "mobile_phone": null, "operator": null, "waterway": "canal", "natural": null, "lat": 13.5040983, "lon": 106.0946471 }, "geometry": { "type": "Point", "coordinates": [ 106.0946471, 13.5040983 ] } },
{ "type": "Feature", "properties": { "source_type": "water", "osm_type": "way", "osm_id": 543736624, "name": null, "man_made": null, "tower_type": null, "mobile_phone": null, "operator": null, "waterway": "stream", "natural": null, "lat": 13.5388124, "lon": 106.0702088 }, "geometry": { "type": "Point", "coordinates": [ 106.0702088, 13.5388124 ] } },
{ "type": "Feature", "properties": { "source_type": "water", "osm_type": "way", "osm_id": 543736626, "name": null, "man_made": null, "tower_type": null, "mobile_phone": null, "operator": null, "waterway": "stream", "natural": null, "lat": 13.5171801, "lon": 106.1377466 }, "geometry": { "type": "Point", "coordinates": [ 106.1377466, 13.5171801 ] } },
{ "type": "Feature", "properties": { "source_type": "water", "osm_type": "way", "osm_id": 543736627, "name": null, "man_made": null, "tower_type": null, "mobile_phone": null, "operator": null, "waterway": "stream", "natural": null, "lat": 13.4991461, "lon": 106.1242845 }, "geometry": { "type": "Point", "coordinates": [ 106.1242845, 13.4991461 ] } },
{ "type": "Feature", "properties": { "source_type": "water", "osm_type": "way", "osm_id": 543736628, "name": null, "man_made": null, "tower_type": null, "mobile_phone": null, "operator": null, "waterway": "stream", "natural": null, "lat": 13.5281005, "lon": 106.1267171 }, "geometry": { "type": "Point", "coordinates": [ 106.1267171, 13.5281005 ] } },
{ "type": "Feature", "properties": { "source_type": "water", "osm_type": "way", "osm_id": 543736631, "name": null, "man_made": null, "tower_type": null, "mobile_phone": null, "operator": null, "waterway": "stream", "natural": null, "lat": 13.623219, "lon": 106.0956359 }, "geometry": { "type": "Point", "coordinates": [ 106.0956359, 13.623219 ] } },
{ "type": "Feature", "properties": { "source_type": "water", "osm_type": "way", "osm_id": 543742009, "name": null, "man_made": null, "tower_type": null, "mobile_phone": null, "operator": null, "waterway": "stream", "natural": null, "lat": 13.7788247, "lon": 106.1720685 }, "geometry": { "type": "Point", "coordinates": [ 106.1720685, 13.7788247 ] } },
{ "type": "Feature", "properties": { "source_type": "water", "osm_type": "way", "osm_id": 543742010, "name": null, "man_made": null, "tower_type": null, "mobile_phone": null, "operator": null, "waterway": "stream", "natural": null, "lat": 13.6878538, "lon": 106.1845249 }, "geometry": { "type": "Point", "coordinates": [ 106.1845249, 13.6878538 ] } },
{ "type": "Feature", "properties": { "source_type": "water", "osm_type": "way", "osm_id": 543742011, "name": null, "man_made": null, "tower_type": null, "mobile_phone": null, "operator": null, "waterway": "stream", "natural": null, "lat": 13.4808943, "lon": 106.3273204 }, "geometry": { "type": "Point", "coordinates": [ 106.3273204, 13.4808943 ] } },
{ "type": "Feature", "properties": { "source_type": "water", "osm_type": "way", "osm_id": 543742013, "name": null, "man_made": null, "tower_type": null, "mobile_phone": null, "operator": null, "waterway": "river", "natural": null, "lat": 13.6440664, "lon": 106.575151 }, "geometry": { "type": "Point", "coordinates": [ 106.575151, 13.6440664 ] } },
{ "type": "Feature", "properties": { "source_type": "water", "osm_type": "way", "osm_id": 543752961, "name": null, "man_made": null, "tower_type": null, "mobile_phone": null, "operator": null, "waterway": "stream", "natural": null, "lat": 13.408343, "lon": 106.4285281 }, "geometry": { "type": "Point", "coordinates": [ 106.4285281, 13.408343 ] } },
{ "type": "Feature", "properties": { "source_type": "water", "osm_type": "way", "osm_id": 543752962, "name": null, "man_made": null, "tower_type": null, "mobile_phone": null, "operator": null, "waterway": "stream", "natural": null, "lat": 13.4034718, "lon": 106.474541 }, "geometry": { "type": "Point", "coordinates": [ 106.474541, 13.4034718 ] } },
{ "type": "Feature", "properties": { "source_type": "water", "osm_type": "way", "osm_id": 550670909, "name": null, "man_made": null, "tower_type": null, "mobile_phone": null, "operator": null, "waterway": "stream", "natural": null, "lat": 13.9989198, "lon": 107.1374572 }, "geometry": { "type": "Point", "coordinates": [ 107.1374572, 13.9989198 ] } },
{ "type": "Feature", "properties": { "source_type": "water", "osm_type": "way", "osm_id": 553105694, "name": null, "man_made": null, "tower_type": null, "mobile_phone": null, "operator": null, "waterway": "stream", "natural": null, "lat": 12.4545279, "lon": 107.1969608 }, "geometry": { "type": "Point", "coordinates": [ 107.1969608, 12.4545279 ] } },
{ "type": "Feature", "properties": { "source_type": "water", "osm_type": "way", "osm_id": 560091087, "name": null, "man_made": null, "tower_type": null, "mobile_phone": null, "operator": null, "waterway": null, "natural": "water", "lat": 11.8919801, "lon": 105.7360787 }, "geometry": { "type": "Point", "coordinates": [ 105.7360787, 11.8919801 ] } },
{ "type": "Feature", "properties": { "source_type": "water", "osm_type": "way", "osm_id": 560093616, "name": null, "man_made": null, "tower_type": null, "mobile_phone": null, "operator": null, "waterway": null, "natural": "water", "lat": 11.8923364, "lon": 105.7363123 }, "geometry": { "type": "Point", "coordinates": [ 105.7363123, 11.8923364 ] } },
{ "type": "Feature", "properties": { "source_type": "water", "osm_type": "way", "osm_id": 560118142, "name": null, "man_made": null, "tower_type": null, "mobile_phone": null, "operator": null, "waterway": null, "natural": "water", "lat": 11.8173959, "lon": 105.765975 }, "geometry": { "type": "Point", "coordinates": [ 105.765975, 11.8173959 ] } },
{ "type": "Feature", "properties": { "source_type": "water", "osm_type": "way", "osm_id": 560118145, "name": null, "man_made": null, "tower_type": null, "mobile_phone": null, "operator": null, "waterway": null, "natural": "water", "lat": 11.8147011, "lon": 105.7596395 }, "geometry": { "type": "Point", "coordinates": [ 105.7596395, 11.8147011 ] } },
{ "type": "Feature", "properties": { "source_type": "water", "osm_type": "way", "osm_id": 560119123, "name": null, "man_made": null, "tower_type": null, "mobile_phone": null, "operator": null, "waterway": null, "natural": "water", "lat": 11.819504, "lon": 105.7489491 }, "geometry": { "type": "Point", "coordinates": [ 105.7489491, 11.819504 ] } },
{ "type": "Feature", "properties": { "source_type": "water", "osm_type": "way", "osm_id": 560370582, "name": null, "man_made": null, "tower_type": null, "mobile_phone": null, "operator": null, "waterway": null, "natural": "water", "lat": 11.8569862, "lon": 105.7564354 }, "geometry": { "type": "Point", "coordinates": [ 105.7564354, 11.8569862 ] } },
{ "type": "Feature", "properties": { "source_type": "water", "osm_type": "way", "osm_id": 560370586, "name": null, "man_made": null, "tower_type": null, "mobile_phone": null, "operator": null, "waterway": null, "natural": "water", "lat": 11.8519758, "lon": 105.7568169 }, "geometry": { "type": "Point", "coordinates": [ 105.7568169, 11.8519758 ] } },
{ "type": "Feature", "properties": { "source_type": "water", "osm_type": "way", "osm_id": 560371112, "name": null, "man_made": null, "tower_type": null, "mobile_phone": null, "operator": null, "waterway": null, "natural": "water", "lat": 11.84668, "lon": 105.7645232 }, "geometry": { "type": "Point", "coordinates": [ 105.7645232, 11.84668 ] } },
{ "type": "Feature", "properties": { "source_type": "water", "osm_type": "way", "osm_id": 560371113, "name": null, "man_made": null, "tower_type": null, "mobile_phone": null, "operator": null, "waterway": null, "natural": "water", "lat": 11.8462935, "lon": 105.7642193 }, "geometry": { "type": "Point", "coordinates": [ 105.7642193, 11.8462935 ] } },
{ "type": "Feature", "properties": { "source_type": "water", "osm_type": "way", "osm_id": 560541272, "name": null, "man_made": null, "tower_type": null, "mobile_phone": null, "operator": null, "waterway": null, "natural": "water", "lat": 11.8800482, "lon": 105.7349035 }, "geometry": { "type": "Point", "coordinates": [ 105.7349035, 11.8800482 ] } },
{ "type": "Feature", "properties": { "source_type": "water", "osm_type": "way", "osm_id": 560541273, "name": null, "man_made": null, "tower_type": null, "mobile_phone": null, "operator": null, "waterway": null, "natural": "water", "lat": 11.8838379, "lon": 105.7443602 }, "geometry": { "type": "Point", "coordinates": [ 105.7443602, 11.8838379 ] } },
{ "type": "Feature", "properties": { "source_type": "water", "osm_type": "way", "osm_id": 563906104, "name": null, "man_made": null, "tower_type": null, "mobile_phone": null, "operator": null, "waterway": "stream", "natural": null, "lat": 13.4111959, "lon": 106.5071712 }, "geometry": { "type": "Point", "coordinates": [ 106.5071712, 13.4111959 ] } },
{ "type": "Feature", "properties": { "source_type": "water", "osm_type": "way", "osm_id": 579286582, "name": null, "man_made": null, "tower_type": null, "mobile_phone": null, "operator": null, "waterway": null, "natural": "water", "lat": 11.8794054, "lon": 105.80769 }, "geometry": { "type": "Point", "coordinates": [ 105.80769, 11.8794054 ] } },
{ "type": "Feature", "properties": { "source_type": "water", "osm_type": "way", "osm_id": 579286589, "name": null, "man_made": null, "tower_type": null, "mobile_phone": null, "operator": null, "waterway": null, "natural": "water", "lat": 11.8802729, "lon": 105.8067352 }, "geometry": { "type": "Point", "coordinates": [ 105.8067352, 11.8802729 ] } },
{ "type": "Feature", "properties": { "source_type": "water", "osm_type": "way", "osm_id": 579286591, "name": null, "man_made": null, "tower_type": null, "mobile_phone": null, "operator": null, "waterway": null, "natural": "water", "lat": 11.8806916, "lon": 105.8067365 }, "geometry": { "type": "Point", "coordinates": [ 105.8067365, 11.8806916 ] } },
{ "type": "Feature", "properties": { "source_type": "water", "osm_type": "way", "osm_id": 579872546, "name": null, "man_made": null, "tower_type": null, "mobile_phone": null, "operator": null, "waterway": "river", "natural": null, "lat": 14.478255, "lon": 106.5073243 }, "geometry": { "type": "Point", "coordinates": [ 106.5073243, 14.478255 ] } },
{ "type": "Feature", "properties": { "source_type": "water", "osm_type": "way", "osm_id": 588625874, "name": "នហ៝ងតេរ", "man_made": null, "tower_type": null, "mobile_phone": null, "operator": null, "waterway": "river", "natural": null, "lat": 12.6045892, "lon": 106.7444913 }, "geometry": { "type": "Point", "coordinates": [ 106.7444913, 12.6045892 ] } },
{ "type": "Feature", "properties": { "source_type": "water", "osm_type": "way", "osm_id": 588625877, "name": "នហ៝ងតេរ", "man_made": null, "tower_type": null, "mobile_phone": null, "operator": null, "waterway": "river", "natural": null, "lat": 12.4940566, "lon": 106.2997339 }, "geometry": { "type": "Point", "coordinates": [ 106.2997339, 12.4940566 ] } },
{ "type": "Feature", "properties": { "source_type": "water", "osm_type": "way", "osm_id": 588625879, "name": "នហ៝ងតេរ", "man_made": null, "tower_type": null, "mobile_phone": null, "operator": null, "waterway": "river", "natural": null, "lat": 12.5265843, "lon": 106.6996785 }, "geometry": { "type": "Point", "coordinates": [ 106.6996785, 12.5265843 ] } },
{ "type": "Feature", "properties": { "source_type": "water", "osm_type": "way", "osm_id": 588625880, "name": null, "man_made": null, "tower_type": null, "mobile_phone": null, "operator": null, "waterway": "stream", "natural": null, "lat": 12.6434657, "lon": 106.8022878 }, "geometry": { "type": "Point", "coordinates": [ 106.8022878, 12.6434657 ] } },
{ "type": "Feature", "properties": { "source_type": "water", "osm_type": "way", "osm_id": 588627212, "name": null, "man_made": null, "tower_type": null, "mobile_phone": null, "operator": null, "waterway": "river", "natural": null, "lat": 12.7707335, "lon": 107.4679237 }, "geometry": { "type": "Point", "coordinates": [ 107.4679237, 12.7707335 ] } },
{ "type": "Feature", "properties": { "source_type": "water", "osm_type": "way", "osm_id": 590429115, "name": null, "man_made": null, "tower_type": null, "mobile_phone": null, "operator": null, "waterway": "river", "natural": null, "lat": 14.0599389, "lon": 106.3398571 }, "geometry": { "type": "Point", "coordinates": [ 106.3398571, 14.0599389 ] } },
{ "type": "Feature", "properties": { "source_type": "water", "osm_type": "way", "osm_id": 591150814, "name": null, "man_made": null, "tower_type": null, "mobile_phone": null, "operator": null, "waterway": null, "natural": "water", "lat": 14.0512008, "lon": 106.3557547 }, "geometry": { "type": "Point", "coordinates": [ 106.3557547, 14.0512008 ] } },
{ "type": "Feature", "properties": { "source_type": "water", "osm_type": "way", "osm_id": 591150816, "name": null, "man_made": null, "tower_type": null, "mobile_phone": null, "operator": null, "waterway": null, "natural": "water", "lat": 14.0514684, "lon": 106.3557857 }, "geometry": { "type": "Point", "coordinates": [ 106.3557857, 14.0514684 ] } },
{ "type": "Feature", "properties": { "source_type": "water", "osm_type": "way", "osm_id": 591150822, "name": null, "man_made": null, "tower_type": null, "mobile_phone": null, "operator": null, "waterway": null, "natural": "water", "lat": 14.0075294, "lon": 106.320777 }, "geometry": { "type": "Point", "coordinates": [ 106.320777, 14.0075294 ] } },
{ "type": "Feature", "properties": { "source_type": "water", "osm_type": "way", "osm_id": 591326450, "name": null, "man_made": null, "tower_type": null, "mobile_phone": null, "operator": null, "waterway": "river", "natural": null, "lat": 14.004874, "lon": 106.3066305 }, "geometry": { "type": "Point", "coordinates": [ 106.3066305, 14.004874 ] } },
{ "type": "Feature", "properties": { "source_type": "water", "osm_type": "way", "osm_id": 592175154, "name": null, "man_made": null, "tower_type": null, "mobile_phone": null, "operator": null, "waterway": null, "natural": "water", "lat": 14.0275235, "lon": 106.339616 }, "geometry": { "type": "Point", "coordinates": [ 106.339616, 14.0275235 ] } },
{ "type": "Feature", "properties": { "source_type": "water", "osm_type": "way", "osm_id": 592175155, "name": null, "man_made": null, "tower_type": null, "mobile_phone": null, "operator": null, "waterway": null, "natural": "water", "lat": 14.0274062, "lon": 106.3398567 }, "geometry": { "type": "Point", "coordinates": [ 106.3398567, 14.0274062 ] } },
{ "type": "Feature", "properties": { "source_type": "water", "osm_type": "way", "osm_id": 592180783, "name": null, "man_made": null, "tower_type": null, "mobile_phone": null, "operator": null, "waterway": null, "natural": "water", "lat": 14.0262385, "lon": 106.3189617 }, "geometry": { "type": "Point", "coordinates": [ 106.3189617, 14.0262385 ] } },
{ "type": "Feature", "properties": { "source_type": "water", "osm_type": "way", "osm_id": 592180784, "name": null, "man_made": null, "tower_type": null, "mobile_phone": null, "operator": null, "waterway": null, "natural": "water", "lat": 14.025748, "lon": 106.3199329 }, "geometry": { "type": "Point", "coordinates": [ 106.3199329, 14.025748 ] } },
{ "type": "Feature", "properties": { "source_type": "water", "osm_type": "way", "osm_id": 592430184, "name": null, "man_made": null, "tower_type": null, "mobile_phone": null, "operator": null, "waterway": null, "natural": "water", "lat": 14.0475274, "lon": 106.3568683 }, "geometry": { "type": "Point", "coordinates": [ 106.3568683, 14.0475274 ] } },
{ "type": "Feature", "properties": { "source_type": "water", "osm_type": "way", "osm_id": 592430185, "name": null, "man_made": null, "tower_type": null, "mobile_phone": null, "operator": null, "waterway": null, "natural": "water", "lat": 14.0477581, "lon": 106.3572678 }, "geometry": { "type": "Point", "coordinates": [ 106.3572678, 14.0477581 ] } },
{ "type": "Feature", "properties": { "source_type": "water", "osm_type": "way", "osm_id": 592435555, "name": null, "man_made": null, "tower_type": null, "mobile_phone": null, "operator": null, "waterway": null, "natural": "water", "lat": 14.020593, "lon": 106.3367776 }, "geometry": { "type": "Point", "coordinates": [ 106.3367776, 14.020593 ] } },
{ "type": "Feature", "properties": { "source_type": "water", "osm_type": "way", "osm_id": 592837044, "name": null, "man_made": null, "tower_type": null, "mobile_phone": null, "operator": null, "waterway": null, "natural": "water", "lat": 14.0271677, "lon": 106.3793491 }, "geometry": { "type": "Point", "coordinates": [ 106.3793491, 14.0271677 ] } },
{ "type": "Feature", "properties": { "source_type": "water", "osm_type": "way", "osm_id": 593154597, "name": null, "man_made": null, "tower_type": null, "mobile_phone": null, "operator": null, "waterway": "river", "natural": null, "lat": 14.0404167, "lon": 106.4140271 }, "geometry": { "type": "Point", "coordinates": [ 106.4140271, 14.0404167 ] } },
{ "type": "Feature", "properties": { "source_type": "water", "osm_type": "way", "osm_id": 593154599, "name": null, "man_made": null, "tower_type": null, "mobile_phone": null, "operator": null, "waterway": "river", "natural": null, "lat": 14.0515527, "lon": 106.4543377 }, "geometry": { "type": "Point", "coordinates": [ 106.4543377, 14.0515527 ] } },
{ "type": "Feature", "properties": { "source_type": "water", "osm_type": "way", "osm_id": 593154602, "name": null, "man_made": null, "tower_type": null, "mobile_phone": null, "operator": null, "waterway": "river", "natural": null, "lat": 14.0512285, "lon": 106.4535736 }, "geometry": { "type": "Point", "coordinates": [ 106.4535736, 14.0512285 ] } },
{ "type": "Feature", "properties": { "source_type": "water", "osm_type": "way", "osm_id": 593154607, "name": null, "man_made": null, "tower_type": null, "mobile_phone": null, "operator": null, "waterway": null, "natural": "water", "lat": 14.04669, "lon": 106.4362574 }, "geometry": { "type": "Point", "coordinates": [ 106.4362574, 14.04669 ] } },
{ "type": "Feature", "properties": { "source_type": "water", "osm_type": "way", "osm_id": 593154616, "name": null, "man_made": null, "tower_type": null, "mobile_phone": null, "operator": null, "waterway": "river", "natural": null, "lat": 14.0438268, "lon": 106.4023806 }, "geometry": { "type": "Point", "coordinates": [ 106.4023806, 14.0438268 ] } },
{ "type": "Feature", "properties": { "source_type": "water", "osm_type": "way", "osm_id": 595613614, "name": null, "man_made": null, "tower_type": null, "mobile_phone": null, "operator": null, "waterway": null, "natural": "water", "lat": 14.0011561, "lon": 106.3920736 }, "geometry": { "type": "Point", "coordinates": [ 106.3920736, 14.0011561 ] } },
{ "type": "Feature", "properties": { "source_type": "water", "osm_type": "way", "osm_id": 595625865, "name": null, "man_made": null, "tower_type": null, "mobile_phone": null, "operator": null, "waterway": null, "natural": "water", "lat": 14.068501, "lon": 106.3716731 }, "geometry": { "type": "Point", "coordinates": [ 106.3716731, 14.068501 ] } },
{ "type": "Feature", "properties": { "source_type": "water", "osm_type": "way", "osm_id": 595625866, "name": null, "man_made": null, "tower_type": null, "mobile_phone": null, "operator": null, "waterway": null, "natural": "water", "lat": 14.0675564, "lon": 106.3655424 }, "geometry": { "type": "Point", "coordinates": [ 106.3655424, 14.0675564 ] } },
{ "type": "Feature", "properties": { "source_type": "water", "osm_type": "way", "osm_id": 595910946, "name": null, "man_made": null, "tower_type": null, "mobile_phone": null, "operator": null, "waterway": null, "natural": "water", "lat": 14.0247192, "lon": 106.2618798 }, "geometry": { "type": "Point", "coordinates": [ 106.2618798, 14.0247192 ] } },
{ "type": "Feature", "properties": { "source_type": "water", "osm_type": "way", "osm_id": 595910973, "name": null, "man_made": null, "tower_type": null, "mobile_phone": null, "operator": null, "waterway": null, "natural": "water", "lat": 14.0255949, "lon": 106.2672327 }, "geometry": { "type": "Point", "coordinates": [ 106.2672327, 14.0255949 ] } },
{ "type": "Feature", "properties": { "source_type": "water", "osm_type": "way", "osm_id": 595911018, "name": null, "man_made": null, "tower_type": null, "mobile_phone": null, "operator": null, "waterway": null, "natural": "water", "lat": 14.0248105, "lon": 106.2921986 }, "geometry": { "type": "Point", "coordinates": [ 106.2921986, 14.0248105 ] } },
{ "type": "Feature", "properties": { "source_type": "water", "osm_type": "way", "osm_id": 607164437, "name": null, "man_made": null, "tower_type": null, "mobile_phone": null, "operator": null, "waterway": null, "natural": "water", "lat": 14.0399595, "lon": 106.3142973 }, "geometry": { "type": "Point", "coordinates": [ 106.3142973, 14.0399595 ] } },
{ "type": "Feature", "properties": { "source_type": "water", "osm_type": "way", "osm_id": 610394244, "name": "Suối Đắk Kar", "man_made": null, "tower_type": null, "mobile_phone": null, "operator": null, "waterway": "stream", "natural": null, "lat": 11.8644023, "lon": 107.4364882 }, "geometry": { "type": "Point", "coordinates": [ 107.4364882, 11.8644023 ] } },
{ "type": "Feature", "properties": { "source_type": "water", "osm_type": "way", "osm_id": 610394246, "name": "Suối Đắk Kar", "man_made": null, "tower_type": null, "mobile_phone": null, "operator": null, "waterway": "stream", "natural": null, "lat": 11.8878513, "lon": 107.4515261 }, "geometry": { "type": "Point", "coordinates": [ 107.4515261, 11.8878513 ] } },
{ "type": "Feature", "properties": { "source_type": "water", "osm_type": "way", "osm_id": 610394257, "name": "Suối Đắk Kar", "man_made": null, "tower_type": null, "mobile_phone": null, "operator": null, "waterway": "stream", "natural": null, "lat": 11.9285753, "lon": 107.4742146 }, "geometry": { "type": "Point", "coordinates": [ 107.4742146, 11.9285753 ] } },
{ "type": "Feature", "properties": { "source_type": "water", "osm_type": "way", "osm_id": 612896131, "name": null, "man_made": null, "tower_type": null, "mobile_phone": null, "operator": null, "waterway": "river", "natural": null, "lat": 14.4478784, "lon": 106.4307165 }, "geometry": { "type": "Point", "coordinates": [ 106.4307165, 14.4478784 ] } },
{ "type": "Feature", "properties": { "source_type": "water", "osm_type": "way", "osm_id": 612896135, "name": null, "man_made": null, "tower_type": null, "mobile_phone": null, "operator": null, "waterway": "river", "natural": null, "lat": 14.4710305, "lon": 106.4396316 }, "geometry": { "type": "Point", "coordinates": [ 106.4396316, 14.4710305 ] } },
{ "type": "Feature", "properties": { "source_type": "water", "osm_type": "way", "osm_id": 612903055, "name": null, "man_made": null, "tower_type": null, "mobile_phone": null, "operator": null, "waterway": "stream", "natural": null, "lat": 14.5153911, "lon": 106.2948127 }, "geometry": { "type": "Point", "coordinates": [ 106.2948127, 14.5153911 ] } },
{ "type": "Feature", "properties": { "source_type": "water", "osm_type": "way", "osm_id": 613050817, "name": null, "man_made": null, "tower_type": null, "mobile_phone": null, "operator": null, "waterway": "stream", "natural": null, "lat": 14.449348, "lon": 106.3838634 }, "geometry": { "type": "Point", "coordinates": [ 106.3838634, 14.449348 ] } },
{ "type": "Feature", "properties": { "source_type": "water", "osm_type": "way", "osm_id": 615376504, "name": null, "man_made": null, "tower_type": null, "mobile_phone": null, "operator": null, "waterway": "river", "natural": null, "lat": 13.4031561, "lon": 105.8969321 }, "geometry": { "type": "Point", "coordinates": [ 105.8969321, 13.4031561 ] } },
{ "type": "Feature", "properties": { "source_type": "water", "osm_type": "way", "osm_id": 615429911, "name": null, "man_made": null, "tower_type": null, "mobile_phone": null, "operator": null, "waterway": "river", "natural": null, "lat": 13.8815401, "lon": 106.0603598 }, "geometry": { "type": "Point", "coordinates": [ 106.0603598, 13.8815401 ] } },
{ "type": "Feature", "properties": { "source_type": "water", "osm_type": "way", "osm_id": 616107104, "name": null, "man_made": null, "tower_type": null, "mobile_phone": null, "operator": null, "waterway": "river", "natural": null, "lat": 13.957159, "lon": 105.9756746 }, "geometry": { "type": "Point", "coordinates": [ 105.9756746, 13.957159 ] } },
{ "type": "Feature", "properties": { "source_type": "water", "osm_type": "way", "osm_id": 616251564, "name": null, "man_made": null, "tower_type": null, "mobile_phone": null, "operator": null, "waterway": "river", "natural": null, "lat": 14.2922912, "lon": 107.3659483 }, "geometry": { "type": "Point", "coordinates": [ 107.3659483, 14.2922912 ] } },
{ "type": "Feature", "properties": { "source_type": "water", "osm_type": "way", "osm_id": 616251565, "name": null, "man_made": null, "tower_type": null, "mobile_phone": null, "operator": null, "waterway": "river", "natural": null, "lat": 14.2804756, "lon": 107.3784893 }, "geometry": { "type": "Point", "coordinates": [ 107.3784893, 14.2804756 ] } },
{ "type": "Feature", "properties": { "source_type": "water", "osm_type": "way", "osm_id": 616908294, "name": null, "man_made": null, "tower_type": null, "mobile_phone": null, "operator": null, "waterway": "river", "natural": null, "lat": 13.8644044, "lon": 107.3034191 }, "geometry": { "type": "Point", "coordinates": [ 107.3034191, 13.8644044 ] } },
{ "type": "Feature", "properties": { "source_type": "water", "osm_type": "way", "osm_id": 617251785, "name": null, "man_made": null, "tower_type": null, "mobile_phone": null, "operator": null, "waterway": "river", "natural": null, "lat": 13.9215273, "lon": 107.2267264 }, "geometry": { "type": "Point", "coordinates": [ 107.2267264, 13.9215273 ] } },
{ "type": "Feature", "properties": { "source_type": "water", "osm_type": "way", "osm_id": 617609391, "name": null, "man_made": null, "tower_type": null, "mobile_phone": null, "operator": null, "waterway": "river", "natural": null, "lat": 13.7613013, "lon": 107.4669301 }, "geometry": { "type": "Point", "coordinates": [ 107.4669301, 13.7613013 ] } },
{ "type": "Feature", "properties": { "source_type": "water", "osm_type": "way", "osm_id": 617661368, "name": null, "man_made": null, "tower_type": null, "mobile_phone": null, "operator": null, "waterway": "river", "natural": null, "lat": 13.7886621, "lon": 107.4064001 }, "geometry": { "type": "Point", "coordinates": [ 107.4064001, 13.7886621 ] } },
{ "type": "Feature", "properties": { "source_type": "water", "osm_type": "way", "osm_id": 617663505, "name": "Suối Ia Krel", "man_made": null, "tower_type": null, "mobile_phone": null, "operator": null, "waterway": "river", "natural": null, "lat": 13.7930389, "lon": 107.5014917 }, "geometry": { "type": "Point", "coordinates": [ 107.5014917, 13.7930389 ] } },
{ "type": "Feature", "properties": { "source_type": "water", "osm_type": "way", "osm_id": 618747700, "name": null, "man_made": null, "tower_type": null, "mobile_phone": null, "operator": null, "waterway": null, "natural": "water", "lat": 11.8985794, "lon": 105.770281 }, "geometry": { "type": "Point", "coordinates": [ 105.770281, 11.8985794 ] } },
{ "type": "Feature", "properties": { "source_type": "water", "osm_type": "way", "osm_id": 618750067, "name": null, "man_made": null, "tower_type": null, "mobile_phone": null, "operator": null, "waterway": null, "natural": "water", "lat": 11.8900255, "lon": 105.7630606 }, "geometry": { "type": "Point", "coordinates": [ 105.7630606, 11.8900255 ] } },
{ "type": "Feature", "properties": { "source_type": "water", "osm_type": "way", "osm_id": 620545022, "name": null, "man_made": null, "tower_type": null, "mobile_phone": null, "operator": null, "waterway": "river", "natural": null, "lat": 14.5696668, "lon": 106.6774228 }, "geometry": { "type": "Point", "coordinates": [ 106.6774228, 14.5696668 ] } },
{ "type": "Feature", "properties": { "source_type": "water", "osm_type": "way", "osm_id": 623778211, "name": null, "man_made": null, "tower_type": null, "mobile_phone": null, "operator": null, "waterway": "stream", "natural": null, "lat": 12.3452106, "lon": 107.0407211 }, "geometry": { "type": "Point", "coordinates": [ 107.0407211, 12.3452106 ] } },
{ "type": "Feature", "properties": { "source_type": "water", "osm_type": "way", "osm_id": 623780706, "name": null, "man_made": null, "tower_type": null, "mobile_phone": null, "operator": null, "waterway": "stream", "natural": null, "lat": 12.1378657, "lon": 106.8383917 }, "geometry": { "type": "Point", "coordinates": [ 106.8383917, 12.1378657 ] } },
{ "type": "Feature", "properties": { "source_type": "water", "osm_type": "way", "osm_id": 623780707, "name": null, "man_made": null, "tower_type": null, "mobile_phone": null, "operator": null, "waterway": "stream", "natural": null, "lat": 12.331572, "lon": 106.9378695 }, "geometry": { "type": "Point", "coordinates": [ 106.9378695, 12.331572 ] } },
{ "type": "Feature", "properties": { "source_type": "water", "osm_type": "way", "osm_id": 623782911, "name": null, "man_made": null, "tower_type": null, "mobile_phone": null, "operator": null, "waterway": "stream", "natural": null, "lat": 12.27628, "lon": 106.8580831 }, "geometry": { "type": "Point", "coordinates": [ 106.8580831, 12.27628 ] } },
{ "type": "Feature", "properties": { "source_type": "water", "osm_type": "way", "osm_id": 623962087, "name": null, "man_made": null, "tower_type": null, "mobile_phone": null, "operator": null, "waterway": "river", "natural": null, "lat": 12.1979998, "lon": 106.7273631 }, "geometry": { "type": "Point", "coordinates": [ 106.7273631, 12.1979998 ] } },
{ "type": "Feature", "properties": { "source_type": "water", "osm_type": "way", "osm_id": 628773217, "name": null, "man_made": null, "tower_type": null, "mobile_phone": null, "operator": null, "waterway": null, "natural": "water", "lat": 12.4416021, "lon": 106.1922839 }, "geometry": { "type": "Point", "coordinates": [ 106.1922839, 12.4416021 ] } },
{ "type": "Feature", "properties": { "source_type": "water", "osm_type": "way", "osm_id": 628773218, "name": null, "man_made": null, "tower_type": null, "mobile_phone": null, "operator": null, "waterway": null, "natural": "water", "lat": 12.333928, "lon": 106.2815006 }, "geometry": { "type": "Point", "coordinates": [ 106.2815006, 12.333928 ] } },
{ "type": "Feature", "properties": { "source_type": "water", "osm_type": "way", "osm_id": 628773219, "name": null, "man_made": null, "tower_type": null, "mobile_phone": null, "operator": null, "waterway": null, "natural": "water", "lat": 12.3397721, "lon": 106.2805919 }, "geometry": { "type": "Point", "coordinates": [ 106.2805919, 12.3397721 ] } },
{ "type": "Feature", "properties": { "source_type": "water", "osm_type": "way", "osm_id": 628773220, "name": null, "man_made": null, "tower_type": null, "mobile_phone": null, "operator": null, "waterway": null, "natural": "water", "lat": 12.3186822, "lon": 106.2914451 }, "geometry": { "type": "Point", "coordinates": [ 106.2914451, 12.3186822 ] } },
{ "type": "Feature", "properties": { "source_type": "water", "osm_type": "way", "osm_id": 628773221, "name": null, "man_made": null, "tower_type": null, "mobile_phone": null, "operator": null, "waterway": null, "natural": "water", "lat": 12.3157701, "lon": 106.2977003 }, "geometry": { "type": "Point", "coordinates": [ 106.2977003, 12.3157701 ] } },
{ "type": "Feature", "properties": { "source_type": "water", "osm_type": "way", "osm_id": 628773222, "name": null, "man_made": null, "tower_type": null, "mobile_phone": null, "operator": null, "waterway": null, "natural": "water", "lat": 12.3154609, "lon": 106.2991728 }, "geometry": { "type": "Point", "coordinates": [ 106.2991728, 12.3154609 ] } },
{ "type": "Feature", "properties": { "source_type": "water", "osm_type": "way", "osm_id": 636268040, "name": null, "man_made": null, "tower_type": null, "mobile_phone": null, "operator": null, "waterway": "canal", "natural": null, "lat": 13.9036602, "lon": 106.7989057 }, "geometry": { "type": "Point", "coordinates": [ 106.7989057, 13.9036602 ] } },
{ "type": "Feature", "properties": { "source_type": "water", "osm_type": "way", "osm_id": 636268042, "name": null, "man_made": null, "tower_type": null, "mobile_phone": null, "operator": null, "waterway": "canal", "natural": null, "lat": 13.9061818, "lon": 106.786353 }, "geometry": { "type": "Point", "coordinates": [ 106.786353, 13.9061818 ] } },
{ "type": "Feature", "properties": { "source_type": "water", "osm_type": "way", "osm_id": 636268045, "name": null, "man_made": null, "tower_type": null, "mobile_phone": null, "operator": null, "waterway": "stream", "natural": null, "lat": 13.8880394, "lon": 106.8290385 }, "geometry": { "type": "Point", "coordinates": [ 106.8290385, 13.8880394 ] } },
{ "type": "Feature", "properties": { "source_type": "water", "osm_type": "way", "osm_id": 636268054, "name": null, "man_made": null, "tower_type": null, "mobile_phone": null, "operator": null, "waterway": "canal", "natural": null, "lat": 13.8995451, "lon": 106.8010086 }, "geometry": { "type": "Point", "coordinates": [ 106.8010086, 13.8995451 ] } },
{ "type": "Feature", "properties": { "source_type": "water", "osm_type": "way", "osm_id": 636268055, "name": null, "man_made": null, "tower_type": null, "mobile_phone": null, "operator": null, "waterway": "canal", "natural": null, "lat": 13.9612595, "lon": 106.8859045 }, "geometry": { "type": "Point", "coordinates": [ 106.8859045, 13.9612595 ] } },
{ "type": "Feature", "properties": { "source_type": "water", "osm_type": "way", "osm_id": 636268056, "name": null, "man_made": null, "tower_type": null, "mobile_phone": null, "operator": null, "waterway": "canal", "natural": null, "lat": 13.9591855, "lon": 106.8870639 }, "geometry": { "type": "Point", "coordinates": [ 106.8870639, 13.9591855 ] } },
{ "type": "Feature", "properties": { "source_type": "water", "osm_type": "way", "osm_id": 636268057, "name": null, "man_made": null, "tower_type": null, "mobile_phone": null, "operator": null, "waterway": "canal", "natural": null, "lat": 13.9614803, "lon": 106.8860024 }, "geometry": { "type": "Point", "coordinates": [ 106.8860024, 13.9614803 ] } },
{ "type": "Feature", "properties": { "source_type": "water", "osm_type": "way", "osm_id": 636268059, "name": null, "man_made": null, "tower_type": null, "mobile_phone": null, "operator": null, "waterway": "canal", "natural": null, "lat": 13.9561055, "lon": 106.887023 }, "geometry": { "type": "Point", "coordinates": [ 106.887023, 13.9561055 ] } },
{ "type": "Feature", "properties": { "source_type": "water", "osm_type": "way", "osm_id": 636268062, "name": null, "man_made": null, "tower_type": null, "mobile_phone": null, "operator": null, "waterway": "canal", "natural": null, "lat": 13.9632846, "lon": 106.8835683 }, "geometry": { "type": "Point", "coordinates": [ 106.8835683, 13.9632846 ] } },
{ "type": "Feature", "properties": { "source_type": "water", "osm_type": "way", "osm_id": 636268064, "name": null, "man_made": null, "tower_type": null, "mobile_phone": null, "operator": null, "waterway": "stream", "natural": null, "lat": 13.9589317, "lon": 106.8889126 }, "geometry": { "type": "Point", "coordinates": [ 106.8889126, 13.9589317 ] } },
{ "type": "Feature", "properties": { "source_type": "water", "osm_type": "way", "osm_id": 636268068, "name": null, "man_made": null, "tower_type": null, "mobile_phone": null, "operator": null, "waterway": "stream", "natural": null, "lat": 13.9958381, "lon": 106.8690227 }, "geometry": { "type": "Point", "coordinates": [ 106.8690227, 13.9958381 ] } },
{ "type": "Feature", "properties": { "source_type": "water", "osm_type": "way", "osm_id": 636268072, "name": null, "man_made": null, "tower_type": null, "mobile_phone": null, "operator": null, "waterway": "canal", "natural": null, "lat": 13.9086783, "lon": 106.7976411 }, "geometry": { "type": "Point", "coordinates": [ 106.7976411, 13.9086783 ] } },
{ "type": "Feature", "properties": { "source_type": "water", "osm_type": "way", "osm_id": 636268075, "name": null, "man_made": null, "tower_type": null, "mobile_phone": null, "operator": null, "waterway": "canal", "natural": null, "lat": 13.9022008, "lon": 106.7873575 }, "geometry": { "type": "Point", "coordinates": [ 106.7873575, 13.9022008 ] } },
{ "type": "Feature", "properties": { "source_type": "water", "osm_type": "way", "osm_id": 636268077, "name": null, "man_made": null, "tower_type": null, "mobile_phone": null, "operator": null, "waterway": "canal", "natural": null, "lat": 13.9125305, "lon": 106.7843963 }, "geometry": { "type": "Point", "coordinates": [ 106.7843963, 13.9125305 ] } },
{ "type": "Feature", "properties": { "source_type": "water", "osm_type": "way", "osm_id": 636268080, "name": null, "man_made": null, "tower_type": null, "mobile_phone": null, "operator": null, "waterway": "canal", "natural": null, "lat": 13.9145834, "lon": 106.791362 }, "geometry": { "type": "Point", "coordinates": [ 106.791362, 13.9145834 ] } },
{ "type": "Feature", "properties": { "source_type": "water", "osm_type": "way", "osm_id": 636268085, "name": null, "man_made": null, "tower_type": null, "mobile_phone": null, "operator": null, "waterway": "stream", "natural": null, "lat": 13.9271528, "lon": 106.8052991 }, "geometry": { "type": "Point", "coordinates": [ 106.8052991, 13.9271528 ] } },
{ "type": "Feature", "properties": { "source_type": "water", "osm_type": "way", "osm_id": 636268088, "name": null, "man_made": null, "tower_type": null, "mobile_phone": null, "operator": null, "waterway": "stream", "natural": null, "lat": 13.9330767, "lon": 106.8037565 }, "geometry": { "type": "Point", "coordinates": [ 106.8037565, 13.9330767 ] } },
{ "type": "Feature", "properties": { "source_type": "water", "osm_type": "way", "osm_id": 636268107, "name": null, "man_made": null, "tower_type": null, "mobile_phone": null, "operator": null, "waterway": "stream", "natural": null, "lat": 13.951734, "lon": 106.7611603 }, "geometry": { "type": "Point", "coordinates": [ 106.7611603, 13.951734 ] } },
{ "type": "Feature", "properties": { "source_type": "water", "osm_type": "way", "osm_id": 636268108, "name": null, "man_made": null, "tower_type": null, "mobile_phone": null, "operator": null, "waterway": "stream", "natural": null, "lat": 13.9318334, "lon": 106.7519373 }, "geometry": { "type": "Point", "coordinates": [ 106.7519373, 13.9318334 ] } },
{ "type": "Feature", "properties": { "source_type": "water", "osm_type": "way", "osm_id": 636268109, "name": null, "man_made": null, "tower_type": null, "mobile_phone": null, "operator": null, "waterway": "stream", "natural": null, "lat": 13.837769, "lon": 106.7874983 }, "geometry": { "type": "Point", "coordinates": [ 106.7874983, 13.837769 ] } },
{ "type": "Feature", "properties": { "source_type": "water", "osm_type": "way", "osm_id": 636268110, "name": null, "man_made": null, "tower_type": null, "mobile_phone": null, "operator": null, "waterway": "stream", "natural": null, "lat": 13.866932, "lon": 106.6811728 }, "geometry": { "type": "Point", "coordinates": [ 106.6811728, 13.866932 ] } },
{ "type": "Feature", "properties": { "source_type": "water", "osm_type": "way", "osm_id": 636268119, "name": null, "man_made": null, "tower_type": null, "mobile_phone": null, "operator": null, "waterway": "stream", "natural": null, "lat": 13.8316336, "lon": 106.6618063 }, "geometry": { "type": "Point", "coordinates": [ 106.6618063, 13.8316336 ] } },
{ "type": "Feature", "properties": { "source_type": "water", "osm_type": "way", "osm_id": 637367684, "name": "Sông Ia Grai", "man_made": null, "tower_type": null, "mobile_phone": null, "operator": null, "waterway": "stream", "natural": null, "lat": 14.084685, "lon": 107.7435475 }, "geometry": { "type": "Point", "coordinates": [ 107.7435475, 14.084685 ] } },
{ "type": "Feature", "properties": { "source_type": "water", "osm_type": "way", "osm_id": 638301418, "name": null, "man_made": null, "tower_type": null, "mobile_phone": null, "operator": null, "waterway": "stream", "natural": null, "lat": 13.8134705, "lon": 106.8879196 }, "geometry": { "type": "Point", "coordinates": [ 106.8879196, 13.8134705 ] } },
{ "type": "Feature", "properties": { "source_type": "water", "osm_type": "way", "osm_id": 638301420, "name": null, "man_made": null, "tower_type": null, "mobile_phone": null, "operator": null, "waterway": "stream", "natural": null, "lat": 13.9808125, "lon": 107.011459 }, "geometry": { "type": "Point", "coordinates": [ 107.011459, 13.9808125 ] } },
{ "type": "Feature", "properties": { "source_type": "water", "osm_type": "way", "osm_id": 638301425, "name": null, "man_made": null, "tower_type": null, "mobile_phone": null, "operator": null, "waterway": "stream", "natural": null, "lat": 14.0232974, "lon": 106.9726234 }, "geometry": { "type": "Point", "coordinates": [ 106.9726234, 14.0232974 ] } },
{ "type": "Feature", "properties": { "source_type": "water", "osm_type": "way", "osm_id": 638301426, "name": null, "man_made": null, "tower_type": null, "mobile_phone": null, "operator": null, "waterway": "river", "natural": null, "lat": 13.8064574, "lon": 106.9584989 }, "geometry": { "type": "Point", "coordinates": [ 106.9584989, 13.8064574 ] } },
{ "type": "Feature", "properties": { "source_type": "water", "osm_type": "way", "osm_id": 638301430, "name": null, "man_made": null, "tower_type": null, "mobile_phone": null, "operator": null, "waterway": "stream", "natural": null, "lat": 13.9782001, "lon": 107.0058178 }, "geometry": { "type": "Point", "coordinates": [ 107.0058178, 13.9782001 ] } },
{ "type": "Feature", "properties": { "source_type": "water", "osm_type": "way", "osm_id": 638301433, "name": null, "man_made": null, "tower_type": null, "mobile_phone": null, "operator": null, "waterway": "stream", "natural": null, "lat": 14.0183669, "lon": 107.1427096 }, "geometry": { "type": "Point", "coordinates": [ 107.1427096, 14.0183669 ] } },
{ "type": "Feature", "properties": { "source_type": "water", "osm_type": "way", "osm_id": 638301437, "name": null, "man_made": null, "tower_type": null, "mobile_phone": null, "operator": null, "waterway": "stream", "natural": null, "lat": 14.0270801, "lon": 107.142112 }, "geometry": { "type": "Point", "coordinates": [ 107.142112, 14.0270801 ] } },
{ "type": "Feature", "properties": { "source_type": "water", "osm_type": "way", "osm_id": 638301439, "name": null, "man_made": null, "tower_type": null, "mobile_phone": null, "operator": null, "waterway": "stream", "natural": null, "lat": 13.7964481, "lon": 106.9928309 }, "geometry": { "type": "Point", "coordinates": [ 106.9928309, 13.7964481 ] } },
{ "type": "Feature", "properties": { "source_type": "water", "osm_type": "way", "osm_id": 638301444, "name": null, "man_made": null, "tower_type": null, "mobile_phone": null, "operator": null, "waterway": "stream", "natural": null, "lat": 13.8006436, "lon": 106.9983061 }, "geometry": { "type": "Point", "coordinates": [ 106.9983061, 13.8006436 ] } },
{ "type": "Feature", "properties": { "source_type": "water", "osm_type": "way", "osm_id": 638301445, "name": null, "man_made": null, "tower_type": null, "mobile_phone": null, "operator": null, "waterway": "stream", "natural": null, "lat": 13.9956817, "lon": 106.992616 }, "geometry": { "type": "Point", "coordinates": [ 106.992616, 13.9956817 ] } },
{ "type": "Feature", "properties": { "source_type": "water", "osm_type": "way", "osm_id": 638301446, "name": null, "man_made": null, "tower_type": null, "mobile_phone": null, "operator": null, "waterway": "stream", "natural": null, "lat": 14.0002013, "lon": 107.1485567 }, "geometry": { "type": "Point", "coordinates": [ 107.1485567, 14.0002013 ] } },
{ "type": "Feature", "properties": { "source_type": "water", "osm_type": "way", "osm_id": 638301449, "name": null, "man_made": null, "tower_type": null, "mobile_phone": null, "operator": null, "waterway": "stream", "natural": null, "lat": 13.9771364, "lon": 107.1696854 }, "geometry": { "type": "Point", "coordinates": [ 107.1696854, 13.9771364 ] } },
{ "type": "Feature", "properties": { "source_type": "water", "osm_type": "way", "osm_id": 638576136, "name": null, "man_made": null, "tower_type": null, "mobile_phone": null, "operator": null, "waterway": "canal", "natural": null, "lat": 13.6456226, "lon": 106.9603519 }, "geometry": { "type": "Point", "coordinates": [ 106.9603519, 13.6456226 ] } },
{ "type": "Feature", "properties": { "source_type": "water", "osm_type": "way", "osm_id": 638576137, "name": null, "man_made": null, "tower_type": null, "mobile_phone": null, "operator": null, "waterway": "canal", "natural": null, "lat": 13.6425433, "lon": 106.9614909 }, "geometry": { "type": "Point", "coordinates": [ 106.9614909, 13.6425433 ] } },
{ "type": "Feature", "properties": { "source_type": "water", "osm_type": "way", "osm_id": 638576138, "name": null, "man_made": null, "tower_type": null, "mobile_phone": null, "operator": null, "waterway": "canal", "natural": null, "lat": 13.648939, "lon": 106.9588079 }, "geometry": { "type": "Point", "coordinates": [ 106.9588079, 13.648939 ] } },
{ "type": "Feature", "properties": { "source_type": "water", "osm_type": "way", "osm_id": 638576139, "name": null, "man_made": null, "tower_type": null, "mobile_phone": null, "operator": null, "waterway": "canal", "natural": null, "lat": 13.6429907, "lon": 106.9622031 }, "geometry": { "type": "Point", "coordinates": [ 106.9622031, 13.6429907 ] } },
{ "type": "Feature", "properties": { "source_type": "water", "osm_type": "way", "osm_id": 638576140, "name": null, "man_made": null, "tower_type": null, "mobile_phone": null, "operator": null, "waterway": "stream", "natural": null, "lat": 13.6719494, "lon": 106.9750489 }, "geometry": { "type": "Point", "coordinates": [ 106.9750489, 13.6719494 ] } },
{ "type": "Feature", "properties": { "source_type": "water", "osm_type": "way", "osm_id": 638576142, "name": null, "man_made": null, "tower_type": null, "mobile_phone": null, "operator": null, "waterway": "canal", "natural": null, "lat": 13.6429206, "lon": 106.9621231 }, "geometry": { "type": "Point", "coordinates": [ 106.9621231, 13.6429206 ] } },
{ "type": "Feature", "properties": { "source_type": "water", "osm_type": "way", "osm_id": 638576143, "name": null, "man_made": null, "tower_type": null, "mobile_phone": null, "operator": null, "waterway": "canal", "natural": null, "lat": 13.6427409, "lon": 106.9580777 }, "geometry": { "type": "Point", "coordinates": [ 106.9580777, 13.6427409 ] } },
{ "type": "Feature", "properties": { "source_type": "water", "osm_type": "way", "osm_id": 638668181, "name": null, "man_made": null, "tower_type": null, "mobile_phone": null, "operator": null, "waterway": "river", "natural": null, "lat": 13.3175134, "lon": 106.8392712 }, "geometry": { "type": "Point", "coordinates": [ 106.8392712, 13.3175134 ] } },
{ "type": "Feature", "properties": { "source_type": "water", "osm_type": "way", "osm_id": 638668182, "name": null, "man_made": null, "tower_type": null, "mobile_phone": null, "operator": null, "waterway": "stream", "natural": null, "lat": 13.4130272, "lon": 106.8627798 }, "geometry": { "type": "Point", "coordinates": [ 106.8627798, 13.4130272 ] } },
{ "type": "Feature", "properties": { "source_type": "water", "osm_type": "way", "osm_id": 638668183, "name": null, "man_made": null, "tower_type": null, "mobile_phone": null, "operator": null, "waterway": "stream", "natural": null, "lat": 13.20593, "lon": 106.815942 }, "geometry": { "type": "Point", "coordinates": [ 106.815942, 13.20593 ] } },
{ "type": "Feature", "properties": { "source_type": "water", "osm_type": "way", "osm_id": 638668184, "name": null, "man_made": null, "tower_type": null, "mobile_phone": null, "operator": null, "waterway": "stream", "natural": null, "lat": 13.2027251, "lon": 106.8204449 }, "geometry": { "type": "Point", "coordinates": [ 106.8204449, 13.2027251 ] } },
{ "type": "Feature", "properties": { "source_type": "water", "osm_type": "way", "osm_id": 638735285, "name": null, "man_made": null, "tower_type": null, "mobile_phone": null, "operator": null, "waterway": "river", "natural": null, "lat": 13.5607508, "lon": 106.9916115 }, "geometry": { "type": "Point", "coordinates": [ 106.9916115, 13.5607508 ] } },
{ "type": "Feature", "properties": { "source_type": "water", "osm_type": "way", "osm_id": 638735290, "name": null, "man_made": null, "tower_type": null, "mobile_phone": null, "operator": null, "waterway": "stream", "natural": null, "lat": 13.5634474, "lon": 106.9628924 }, "geometry": { "type": "Point", "coordinates": [ 106.9628924, 13.5634474 ] } },
{ "type": "Feature", "properties": { "source_type": "water", "osm_type": "way", "osm_id": 638770726, "name": null, "man_made": null, "tower_type": null, "mobile_phone": null, "operator": null, "waterway": "river", "natural": null, "lat": 13.6311379, "lon": 106.7275955 }, "geometry": { "type": "Point", "coordinates": [ 106.7275955, 13.6311379 ] } },
{ "type": "Feature", "properties": { "source_type": "water", "osm_type": "way", "osm_id": 638770733, "name": null, "man_made": null, "tower_type": null, "mobile_phone": null, "operator": null, "waterway": "river", "natural": null, "lat": 13.6535274, "lon": 106.6588808 }, "geometry": { "type": "Point", "coordinates": [ 106.6588808, 13.6535274 ] } },
{ "type": "Feature", "properties": { "source_type": "water", "osm_type": "way", "osm_id": 638946361, "name": null, "man_made": null, "tower_type": null, "mobile_phone": null, "operator": null, "waterway": "river", "natural": null, "lat": 13.4254683, "lon": 106.6061471 }, "geometry": { "type": "Point", "coordinates": [ 106.6061471, 13.4254683 ] } },
{ "type": "Feature", "properties": { "source_type": "water", "osm_type": "way", "osm_id": 638946362, "name": null, "man_made": null, "tower_type": null, "mobile_phone": null, "operator": null, "waterway": "stream", "natural": null, "lat": 13.4551695, "lon": 106.6411574 }, "geometry": { "type": "Point", "coordinates": [ 106.6411574, 13.4551695 ] } },
{ "type": "Feature", "properties": { "source_type": "water", "osm_type": "way", "osm_id": 638946364, "name": null, "man_made": null, "tower_type": null, "mobile_phone": null, "operator": null, "waterway": "stream", "natural": null, "lat": 13.4695917, "lon": 106.6511268 }, "geometry": { "type": "Point", "coordinates": [ 106.6511268, 13.4695917 ] } },
{ "type": "Feature", "properties": { "source_type": "water", "osm_type": "way", "osm_id": 639834514, "name": "Suối Ia Taé", "man_made": null, "tower_type": null, "mobile_phone": null, "operator": null, "waterway": "river", "natural": null, "lat": 13.561616, "lon": 107.7964476 }, "geometry": { "type": "Point", "coordinates": [ 107.7964476, 13.561616 ] } },
{ "type": "Feature", "properties": { "source_type": "water", "osm_type": "way", "osm_id": 641592559, "name": "ນຳ້ກົງ", "man_made": null, "tower_type": null, "mobile_phone": null, "operator": null, "waterway": "river", "natural": null, "lat": 14.5459388, "lon": 106.9122397 }, "geometry": { "type": "Point", "coordinates": [ 106.9122397, 14.5459388 ] } },
{ "type": "Feature", "properties": { "source_type": "water", "osm_type": "way", "osm_id": 641592564, "name": null, "man_made": null, "tower_type": null, "mobile_phone": null, "operator": null, "waterway": "stream", "natural": null, "lat": 14.4956784, "lon": 106.9122004 }, "geometry": { "type": "Point", "coordinates": [ 106.9122004, 14.4956784 ] } },
{ "type": "Feature", "properties": { "source_type": "water", "osm_type": "way", "osm_id": 641592567, "name": null, "man_made": null, "tower_type": null, "mobile_phone": null, "operator": null, "waterway": "stream", "natural": null, "lat": 14.4460363, "lon": 106.9467437 }, "geometry": { "type": "Point", "coordinates": [ 106.9467437, 14.4460363 ] } },
{ "type": "Feature", "properties": { "source_type": "water", "osm_type": "way", "osm_id": 641592570, "name": null, "man_made": null, "tower_type": null, "mobile_phone": null, "operator": null, "waterway": "river", "natural": null, "lat": 14.4735359, "lon": 106.9574618 }, "geometry": { "type": "Point", "coordinates": [ 106.9574618, 14.4735359 ] } },
{ "type": "Feature", "properties": { "source_type": "water", "osm_type": "way", "osm_id": 641613181, "name": null, "man_made": null, "tower_type": null, "mobile_phone": null, "operator": null, "waterway": "river", "natural": null, "lat": 14.3868145, "lon": 106.2297061 }, "geometry": { "type": "Point", "coordinates": [ 106.2297061, 14.3868145 ] } },
{ "type": "Feature", "properties": { "source_type": "water", "osm_type": "way", "osm_id": 641613297, "name": null, "man_made": null, "tower_type": null, "mobile_phone": null, "operator": null, "waterway": "river", "natural": null, "lat": 14.4529911, "lon": 106.4798299 }, "geometry": { "type": "Point", "coordinates": [ 106.4798299, 14.4529911 ] } },
{ "type": "Feature", "properties": { "source_type": "water", "osm_type": "way", "osm_id": 647941057, "name": null, "man_made": null, "tower_type": null, "mobile_phone": null, "operator": null, "waterway": "river", "natural": null, "lat": 13.9523508, "lon": 105.9348789 }, "geometry": { "type": "Point", "coordinates": [ 105.9348789, 13.9523508 ] } },
{ "type": "Feature", "properties": { "source_type": "water", "osm_type": "way", "osm_id": 653946697, "name": "Hồ Sơn Mã", "man_made": null, "tower_type": null, "mobile_phone": null, "operator": null, "waterway": null, "natural": "water", "lat": 11.9948442, "lon": 107.6812962 }, "geometry": { "type": "Point", "coordinates": [ 107.6812962, 11.9948442 ] } },
{ "type": "Feature", "properties": { "source_type": "water", "osm_type": "way", "osm_id": 655349545, "name": null, "man_made": null, "tower_type": null, "mobile_phone": null, "operator": null, "waterway": "river", "natural": null, "lat": 14.0908242, "lon": 106.7852941 }, "geometry": { "type": "Point", "coordinates": [ 106.7852941, 14.0908242 ] } },
{ "type": "Feature", "properties": { "source_type": "water", "osm_type": "way", "osm_id": 655431469, "name": null, "man_made": null, "tower_type": null, "mobile_phone": null, "operator": null, "waterway": null, "natural": "water", "lat": 14.3808944, "lon": 105.8262948 }, "geometry": { "type": "Point", "coordinates": [ 105.8262948, 14.3808944 ] } },
{ "type": "Feature", "properties": { "source_type": "water", "osm_type": "way", "osm_id": 655431471, "name": null, "man_made": null, "tower_type": null, "mobile_phone": null, "operator": null, "waterway": null, "natural": "water", "lat": 14.3808913, "lon": 105.8269503 }, "geometry": { "type": "Point", "coordinates": [ 105.8269503, 14.3808913 ] } },
{ "type": "Feature", "properties": { "source_type": "water", "osm_type": "way", "osm_id": 655431472, "name": null, "man_made": null, "tower_type": null, "mobile_phone": null, "operator": null, "waterway": null, "natural": "water", "lat": 14.3804647, "lon": 105.8268233 }, "geometry": { "type": "Point", "coordinates": [ 105.8268233, 14.3804647 ] } },
{ "type": "Feature", "properties": { "source_type": "water", "osm_type": "way", "osm_id": 655431473, "name": null, "man_made": null, "tower_type": null, "mobile_phone": null, "operator": null, "waterway": null, "natural": "water", "lat": 14.3804362, "lon": 105.8249428 }, "geometry": { "type": "Point", "coordinates": [ 105.8249428, 14.3804362 ] } },
{ "type": "Feature", "properties": { "source_type": "water", "osm_type": "way", "osm_id": 655431474, "name": null, "man_made": null, "tower_type": null, "mobile_phone": null, "operator": null, "waterway": null, "natural": "water", "lat": 14.3799821, "lon": 105.8252313 }, "geometry": { "type": "Point", "coordinates": [ 105.8252313, 14.3799821 ] } },
{ "type": "Feature", "properties": { "source_type": "water", "osm_type": "way", "osm_id": 655431475, "name": null, "man_made": null, "tower_type": null, "mobile_phone": null, "operator": null, "waterway": null, "natural": "water", "lat": 14.3807827, "lon": 105.8250403 }, "geometry": { "type": "Point", "coordinates": [ 105.8250403, 14.3807827 ] } },
{ "type": "Feature", "properties": { "source_type": "water", "osm_type": "way", "osm_id": 655431476, "name": null, "man_made": null, "tower_type": null, "mobile_phone": null, "operator": null, "waterway": null, "natural": "water", "lat": 14.3801589, "lon": 105.8271328 }, "geometry": { "type": "Point", "coordinates": [ 105.8271328, 14.3801589 ] } },
{ "type": "Feature", "properties": { "source_type": "water", "osm_type": "way", "osm_id": 666872452, "name": null, "man_made": null, "tower_type": null, "mobile_phone": null, "operator": null, "waterway": null, "natural": "water", "lat": 11.8285046, "lon": 105.7349718 }, "geometry": { "type": "Point", "coordinates": [ 105.7349718, 11.8285046 ] } },
{ "type": "Feature", "properties": { "source_type": "water", "osm_type": "way", "osm_id": 669256103, "name": null, "man_made": null, "tower_type": null, "mobile_phone": null, "operator": null, "waterway": "drain", "natural": null, "lat": 11.9441978, "lon": 106.7924429 }, "geometry": { "type": "Point", "coordinates": [ 106.7924429, 11.9441978 ] } },
{ "type": "Feature", "properties": { "source_type": "water", "osm_type": "way", "osm_id": 669256104, "name": null, "man_made": null, "tower_type": null, "mobile_phone": null, "operator": null, "waterway": "drain", "natural": null, "lat": 11.9442949, "lon": 106.7989889 }, "geometry": { "type": "Point", "coordinates": [ 106.7989889, 11.9442949 ] } },
{ "type": "Feature", "properties": { "source_type": "water", "osm_type": "way", "osm_id": 669256105, "name": null, "man_made": null, "tower_type": null, "mobile_phone": null, "operator": null, "waterway": "drain", "natural": null, "lat": 11.9466816, "lon": 106.802229 }, "geometry": { "type": "Point", "coordinates": [ 106.802229, 11.9466816 ] } },
{ "type": "Feature", "properties": { "source_type": "water", "osm_type": "way", "osm_id": 669256106, "name": null, "man_made": null, "tower_type": null, "mobile_phone": null, "operator": null, "waterway": "drain", "natural": null, "lat": 11.9490144, "lon": 106.8029532 }, "geometry": { "type": "Point", "coordinates": [ 106.8029532, 11.9490144 ] } },
{ "type": "Feature", "properties": { "source_type": "water", "osm_type": "way", "osm_id": 669256107, "name": null, "man_made": null, "tower_type": null, "mobile_phone": null, "operator": null, "waterway": "drain", "natural": null, "lat": 11.9511668, "lon": 106.8038021 }, "geometry": { "type": "Point", "coordinates": [ 106.8038021, 11.9511668 ] } },
{ "type": "Feature", "properties": { "source_type": "water", "osm_type": "way", "osm_id": 669256108, "name": null, "man_made": null, "tower_type": null, "mobile_phone": null, "operator": null, "waterway": "drain", "natural": null, "lat": 11.9516956, "lon": 106.8048602 }, "geometry": { "type": "Point", "coordinates": [ 106.8048602, 11.9516956 ] } },
{ "type": "Feature", "properties": { "source_type": "water", "osm_type": "way", "osm_id": 669256109, "name": null, "man_made": null, "tower_type": null, "mobile_phone": null, "operator": null, "waterway": "drain", "natural": null, "lat": 11.9522316, "lon": 106.805913 }, "geometry": { "type": "Point", "coordinates": [ 106.805913, 11.9522316 ] } },
{ "type": "Feature", "properties": { "source_type": "water", "osm_type": "way", "osm_id": 669256110, "name": null, "man_made": null, "tower_type": null, "mobile_phone": null, "operator": null, "waterway": "drain", "natural": null, "lat": 11.9560738, "lon": 106.8133092 }, "geometry": { "type": "Point", "coordinates": [ 106.8133092, 11.9560738 ] } },
{ "type": "Feature", "properties": { "source_type": "water", "osm_type": "way", "osm_id": 670850927, "name": null, "man_made": null, "tower_type": null, "mobile_phone": null, "operator": null, "waterway": "river", "natural": null, "lat": 12.3020073, "lon": 105.8565303 }, "geometry": { "type": "Point", "coordinates": [ 105.8565303, 12.3020073 ] } },
{ "type": "Feature", "properties": { "source_type": "water", "osm_type": "way", "osm_id": 671176545, "name": null, "man_made": null, "tower_type": null, "mobile_phone": null, "operator": null, "waterway": null, "natural": "water", "lat": 13.9447033, "lon": 105.9408184 }, "geometry": { "type": "Point", "coordinates": [ 105.9408184, 13.9447033 ] } },
{ "type": "Feature", "properties": { "source_type": "water", "osm_type": "way", "osm_id": 681559877, "name": null, "man_made": null, "tower_type": null, "mobile_phone": null, "operator": null, "waterway": "canal", "natural": null, "lat": 11.8841729, "lon": 105.7408642 }, "geometry": { "type": "Point", "coordinates": [ 105.7408642, 11.8841729 ] } },
{ "type": "Feature", "properties": { "source_type": "water", "osm_type": "way", "osm_id": 689473021, "name": "Hồ Long Thủy", "man_made": null, "tower_type": null, "mobile_phone": null, "operator": null, "waterway": null, "natural": "water", "lat": 11.8458084, "lon": 106.9937145 }, "geometry": { "type": "Point", "coordinates": [ 106.9937145, 11.8458084 ] } },
{ "type": "Feature", "properties": { "source_type": "water", "osm_type": "way", "osm_id": 689652390, "name": "Suối Đak Tê 1", "man_made": null, "tower_type": null, "mobile_phone": null, "operator": null, "waterway": "stream", "natural": null, "lat": 11.8392239, "lon": 106.9410132 }, "geometry": { "type": "Point", "coordinates": [ 106.9410132, 11.8392239 ] } },
{ "type": "Feature", "properties": { "source_type": "water", "osm_type": "way", "osm_id": 690496863, "name": null, "man_made": null, "tower_type": null, "mobile_phone": null, "operator": null, "waterway": "ditch", "natural": null, "lat": 11.8513859, "lon": 107.0177002 }, "geometry": { "type": "Point", "coordinates": [ 107.0177002, 11.8513859 ] } },
{ "type": "Feature", "properties": { "source_type": "water", "osm_type": "way", "osm_id": 690496876, "name": null, "man_made": null, "tower_type": null, "mobile_phone": null, "operator": null, "waterway": null, "natural": "water", "lat": 11.8147307, "lon": 107.0295749 }, "geometry": { "type": "Point", "coordinates": [ 107.0295749, 11.8147307 ] } },
{ "type": "Feature", "properties": { "source_type": "water", "osm_type": "way", "osm_id": 690902001, "name": null, "man_made": null, "tower_type": null, "mobile_phone": null, "operator": null, "waterway": "stream", "natural": null, "lat": 11.7766528, "lon": 106.9500245 }, "geometry": { "type": "Point", "coordinates": [ 106.9500245, 11.7766528 ] } },
{ "type": "Feature", "properties": { "source_type": "water", "osm_type": "way", "osm_id": 709255722, "name": "Suối Đắk Drung", "man_made": null, "tower_type": null, "mobile_phone": null, "operator": null, "waterway": "stream", "natural": null, "lat": 12.2081199, "lon": 107.591099 }, "geometry": { "type": "Point", "coordinates": [ 107.591099, 12.2081199 ] } },
{ "type": "Feature", "properties": { "source_type": "water", "osm_type": "way", "osm_id": 709255723, "name": null, "man_made": null, "tower_type": null, "mobile_phone": null, "operator": null, "waterway": null, "natural": "water", "lat": 12.2574539, "lon": 107.633062 }, "geometry": { "type": "Point", "coordinates": [ 107.633062, 12.2574539 ] } },
{ "type": "Feature", "properties": { "source_type": "water", "osm_type": "way", "osm_id": 709255724, "name": null, "man_made": null, "tower_type": null, "mobile_phone": null, "operator": null, "waterway": null, "natural": "water", "lat": 12.2324477, "lon": 107.5645047 }, "geometry": { "type": "Point", "coordinates": [ 107.5645047, 12.2324477 ] } },
{ "type": "Feature", "properties": { "source_type": "water", "osm_type": "way", "osm_id": 709255725, "name": null, "man_made": null, "tower_type": null, "mobile_phone": null, "operator": null, "waterway": null, "natural": "water", "lat": 12.2130073, "lon": 107.6048854 }, "geometry": { "type": "Point", "coordinates": [ 107.6048854, 12.2130073 ] } },
{ "type": "Feature", "properties": { "source_type": "water", "osm_type": "way", "osm_id": 709255776, "name": null, "man_made": null, "tower_type": null, "mobile_phone": null, "operator": null, "waterway": null, "natural": "water", "lat": 12.175982, "lon": 107.525667 }, "geometry": { "type": "Point", "coordinates": [ 107.525667, 12.175982 ] } },
{ "type": "Feature", "properties": { "source_type": "water", "osm_type": "way", "osm_id": 709255777, "name": null, "man_made": null, "tower_type": null, "mobile_phone": null, "operator": null, "waterway": null, "natural": "water", "lat": 12.2382604, "lon": 107.5476792 }, "geometry": { "type": "Point", "coordinates": [ 107.5476792, 12.2382604 ] } },
{ "type": "Feature", "properties": { "source_type": "water", "osm_type": "way", "osm_id": 709255791, "name": null, "man_made": null, "tower_type": null, "mobile_phone": null, "operator": null, "waterway": null, "natural": "water", "lat": 12.1694553, "lon": 107.6324183 }, "geometry": { "type": "Point", "coordinates": [ 107.6324183, 12.1694553 ] } },
{ "type": "Feature", "properties": { "source_type": "water", "osm_type": "way", "osm_id": 709255792, "name": null, "man_made": null, "tower_type": null, "mobile_phone": null, "operator": null, "waterway": null, "natural": "water", "lat": 12.1886524, "lon": 107.6308384 }, "geometry": { "type": "Point", "coordinates": [ 107.6308384, 12.1886524 ] } },
{ "type": "Feature", "properties": { "source_type": "water", "osm_type": "way", "osm_id": 709255793, "name": null, "man_made": null, "tower_type": null, "mobile_phone": null, "operator": null, "waterway": null, "natural": "water", "lat": 12.1732582, "lon": 107.6190957 }, "geometry": { "type": "Point", "coordinates": [ 107.6190957, 12.1732582 ] } },
{ "type": "Feature", "properties": { "source_type": "water", "osm_type": "way", "osm_id": 709255803, "name": null, "man_made": null, "tower_type": null, "mobile_phone": null, "operator": null, "waterway": null, "natural": "water", "lat": 12.1693767, "lon": 107.5801608 }, "geometry": { "type": "Point", "coordinates": [ 107.5801608, 12.1693767 ] } },
{ "type": "Feature", "properties": { "source_type": "water", "osm_type": "way", "osm_id": 709982623, "name": null, "man_made": null, "tower_type": null, "mobile_phone": null, "operator": null, "waterway": "ditch", "natural": null, "lat": 12.1221113, "lon": 107.6330905 }, "geometry": { "type": "Point", "coordinates": [ 107.6330905, 12.1221113 ] } },
{ "type": "Feature", "properties": { "source_type": "water", "osm_type": "way", "osm_id": 710040560, "name": null, "man_made": null, "tower_type": null, "mobile_phone": null, "operator": null, "waterway": "ditch", "natural": null, "lat": 12.156618, "lon": 107.6284338 }, "geometry": { "type": "Point", "coordinates": [ 107.6284338, 12.156618 ] } },
{ "type": "Feature", "properties": { "source_type": "water", "osm_type": "way", "osm_id": 722517687, "name": null, "man_made": null, "tower_type": null, "mobile_phone": null, "operator": null, "waterway": "stream", "natural": null, "lat": 12.4201999, "lon": 107.3266998 }, "geometry": { "type": "Point", "coordinates": [ 107.3266998, 12.4201999 ] } },
{ "type": "Feature", "properties": { "source_type": "water", "osm_type": "way", "osm_id": 722517698, "name": null, "man_made": null, "tower_type": null, "mobile_phone": null, "operator": null, "waterway": "stream", "natural": null, "lat": 12.4299862, "lon": 107.3345743 }, "geometry": { "type": "Point", "coordinates": [ 107.3345743, 12.4299862 ] } },
{ "type": "Feature", "properties": { "source_type": "water", "osm_type": "way", "osm_id": 722517723, "name": null, "man_made": null, "tower_type": null, "mobile_phone": null, "operator": null, "waterway": null, "natural": "water", "lat": 12.4359684, "lon": 107.3246913 }, "geometry": { "type": "Point", "coordinates": [ 107.3246913, 12.4359684 ] } },
{ "type": "Feature", "properties": { "source_type": "water", "osm_type": "way", "osm_id": 722720168, "name": null, "man_made": null, "tower_type": null, "mobile_phone": null, "operator": null, "waterway": null, "natural": "water", "lat": 12.4213884, "lon": 107.3255309 }, "geometry": { "type": "Point", "coordinates": [ 107.3255309, 12.4213884 ] } },
{ "type": "Feature", "properties": { "source_type": "water", "osm_type": "way", "osm_id": 722720262, "name": null, "man_made": null, "tower_type": null, "mobile_phone": null, "operator": null, "waterway": null, "natural": "water", "lat": 12.3678767, "lon": 107.3343945 }, "geometry": { "type": "Point", "coordinates": [ 107.3343945, 12.3678767 ] } },
{ "type": "Feature", "properties": { "source_type": "water", "osm_type": "way", "osm_id": 722720269, "name": null, "man_made": null, "tower_type": null, "mobile_phone": null, "operator": null, "waterway": null, "natural": "water", "lat": 12.3505306, "lon": 107.3782821 }, "geometry": { "type": "Point", "coordinates": [ 107.3782821, 12.3505306 ] } },
{ "type": "Feature", "properties": { "source_type": "water", "osm_type": "way", "osm_id": 722720270, "name": null, "man_made": null, "tower_type": null, "mobile_phone": null, "operator": null, "waterway": null, "natural": "water", "lat": 12.350478, "lon": 107.3779252 }, "geometry": { "type": "Point", "coordinates": [ 107.3779252, 12.350478 ] } },
{ "type": "Feature", "properties": { "source_type": "water", "osm_type": "way", "osm_id": 722847837, "name": null, "man_made": null, "tower_type": null, "mobile_phone": null, "operator": null, "waterway": null, "natural": "water", "lat": 12.3577159, "lon": 107.3760168 }, "geometry": { "type": "Point", "coordinates": [ 107.3760168, 12.3577159 ] } },
{ "type": "Feature", "properties": { "source_type": "water", "osm_type": "way", "osm_id": 722847851, "name": null, "man_made": null, "tower_type": null, "mobile_phone": null, "operator": null, "waterway": null, "natural": "water", "lat": 12.3212232, "lon": 107.3711649 }, "geometry": { "type": "Point", "coordinates": [ 107.3711649, 12.3212232 ] } },
{ "type": "Feature", "properties": { "source_type": "water", "osm_type": "way", "osm_id": 722847871, "name": null, "man_made": null, "tower_type": null, "mobile_phone": null, "operator": null, "waterway": null, "natural": "water", "lat": 12.3541868, "lon": 107.574249 }, "geometry": { "type": "Point", "coordinates": [ 107.574249, 12.3541868 ] } },
{ "type": "Feature", "properties": { "source_type": "water", "osm_type": "way", "osm_id": 722847872, "name": "Hồ Yok Lom", "man_made": null, "tower_type": null, "mobile_phone": null, "operator": null, "waterway": null, "natural": "water", "lat": 12.37428, "lon": 107.5774842 }, "geometry": { "type": "Point", "coordinates": [ 107.5774842, 12.37428 ] } },
{ "type": "Feature", "properties": { "source_type": "water", "osm_type": "way", "osm_id": 723992654, "name": null, "man_made": null, "tower_type": null, "mobile_phone": null, "operator": null, "waterway": null, "natural": "water", "lat": 11.819429, "lon": 105.7369493 }, "geometry": { "type": "Point", "coordinates": [ 105.7369493, 11.819429 ] } },
{ "type": "Feature", "properties": { "source_type": "water", "osm_type": "way", "osm_id": 736789177, "name": "Suối Đắk Môl", "man_made": null, "tower_type": null, "mobile_phone": null, "operator": null, "waterway": "stream", "natural": null, "lat": 12.4036829, "lon": 107.6670947 }, "geometry": { "type": "Point", "coordinates": [ 107.6670947, 12.4036829 ] } },
{ "type": "Feature", "properties": { "source_type": "water", "osm_type": "way", "osm_id": 739747380, "name": null, "man_made": null, "tower_type": null, "mobile_phone": null, "operator": null, "waterway": null, "natural": "water", "lat": 14.4400635, "lon": 105.8639708 }, "geometry": { "type": "Point", "coordinates": [ 105.8639708, 14.4400635 ] } },
{ "type": "Feature", "properties": { "source_type": "water", "osm_type": "way", "osm_id": 740115746, "name": null, "man_made": null, "tower_type": null, "mobile_phone": null, "operator": null, "waterway": "canal", "natural": null, "lat": 12.0176562, "lon": 106.3816291 }, "geometry": { "type": "Point", "coordinates": [ 106.3816291, 12.0176562 ] } },
{ "type": "Feature", "properties": { "source_type": "water", "osm_type": "way", "osm_id": 740115747, "name": null, "man_made": null, "tower_type": null, "mobile_phone": null, "operator": null, "waterway": "canal", "natural": null, "lat": 12.0092761, "lon": 106.3815369 }, "geometry": { "type": "Point", "coordinates": [ 106.3815369, 12.0092761 ] } },
{ "type": "Feature", "properties": { "source_type": "water", "osm_type": "way", "osm_id": 762072917, "name": "ទន្លេ​មេគង្គ", "man_made": null, "tower_type": null, "mobile_phone": null, "operator": null, "waterway": "river", "natural": null, "lat": 13.7460681, "lon": 105.9917167 }, "geometry": { "type": "Point", "coordinates": [ 105.9917167, 13.7460681 ] } },
{ "type": "Feature", "properties": { "source_type": "water", "osm_type": "way", "osm_id": 773822542, "name": null, "man_made": null, "tower_type": null, "mobile_phone": null, "operator": null, "waterway": "ditch", "natural": null, "lat": 11.8514025, "lon": 107.0124014 }, "geometry": { "type": "Point", "coordinates": [ 107.0124014, 11.8514025 ] } },
{ "type": "Feature", "properties": { "source_type": "water", "osm_type": "way", "osm_id": 773822543, "name": null, "man_made": null, "tower_type": null, "mobile_phone": null, "operator": null, "waterway": "ditch", "natural": null, "lat": 11.85087, "lon": 107.0121159 }, "geometry": { "type": "Point", "coordinates": [ 107.0121159, 11.85087 ] } },
{ "type": "Feature", "properties": { "source_type": "water", "osm_type": "way", "osm_id": 773822544, "name": null, "man_made": null, "tower_type": null, "mobile_phone": null, "operator": null, "waterway": "ditch", "natural": null, "lat": 11.8487169, "lon": 107.0155625 }, "geometry": { "type": "Point", "coordinates": [ 107.0155625, 11.8487169 ] } },
{ "type": "Feature", "properties": { "source_type": "water", "osm_type": "way", "osm_id": 773822545, "name": null, "man_made": null, "tower_type": null, "mobile_phone": null, "operator": null, "waterway": "ditch", "natural": null, "lat": 11.8502467, "lon": 107.0139825 }, "geometry": { "type": "Point", "coordinates": [ 107.0139825, 11.8502467 ] } },
{ "type": "Feature", "properties": { "source_type": "water", "osm_type": "way", "osm_id": 774943847, "name": null, "man_made": null, "tower_type": null, "mobile_phone": null, "operator": null, "waterway": "drain", "natural": null, "lat": 11.9540093, "lon": 106.80931 }, "geometry": { "type": "Point", "coordinates": [ 106.80931, 11.9540093 ] } },
{ "type": "Feature", "properties": { "source_type": "water", "osm_type": "way", "osm_id": 774943848, "name": null, "man_made": null, "tower_type": null, "mobile_phone": null, "operator": null, "waterway": "drain", "natural": null, "lat": 11.9571654, "lon": 106.8154912 }, "geometry": { "type": "Point", "coordinates": [ 106.8154912, 11.9571654 ] } },
{ "type": "Feature", "properties": { "source_type": "water", "osm_type": "way", "osm_id": 775884758, "name": "Suối Đạ Siat", "man_made": null, "tower_type": null, "mobile_phone": null, "operator": null, "waterway": "stream", "natural": null, "lat": 11.8180231, "lon": 107.6530793 }, "geometry": { "type": "Point", "coordinates": [ 107.6530793, 11.8180231 ] } },
{ "type": "Feature", "properties": { "source_type": "water", "osm_type": "way", "osm_id": 777455665, "name": null, "man_made": null, "tower_type": null, "mobile_phone": null, "operator": null, "waterway": null, "natural": "water", "lat": 12.0242419, "lon": 107.6851102 }, "geometry": { "type": "Point", "coordinates": [ 107.6851102, 12.0242419 ] } },
{ "type": "Feature", "properties": { "source_type": "water", "osm_type": "way", "osm_id": 777455666, "name": null, "man_made": null, "tower_type": null, "mobile_phone": null, "operator": null, "waterway": null, "natural": "water", "lat": 12.0227413, "lon": 107.6846221 }, "geometry": { "type": "Point", "coordinates": [ 107.6846221, 12.0227413 ] } },
{ "type": "Feature", "properties": { "source_type": "water", "osm_type": "way", "osm_id": 784742992, "name": "Hồ Đắk Goun Thượng", "man_made": null, "tower_type": null, "mobile_phone": null, "operator": null, "waterway": null, "natural": "water", "lat": 12.3867656, "lon": 107.5972528 }, "geometry": { "type": "Point", "coordinates": [ 107.5972528, 12.3867656 ] } },
{ "type": "Feature", "properties": { "source_type": "water", "osm_type": "way", "osm_id": 785816555, "name": "Suối Đắk R'Keh", "man_made": null, "tower_type": null, "mobile_phone": null, "operator": null, "waterway": "stream", "natural": null, "lat": 11.8737904, "lon": 107.5145409 }, "geometry": { "type": "Point", "coordinates": [ 107.5145409, 11.8737904 ] } },
{ "type": "Feature", "properties": { "source_type": "water", "osm_type": "way", "osm_id": 786160408, "name": "Suối Đắk R'Keh", "man_made": null, "tower_type": null, "mobile_phone": null, "operator": null, "waterway": "river", "natural": null, "lat": 11.7868825, "lon": 107.4001901 }, "geometry": { "type": "Point", "coordinates": [ 107.4001901, 11.7868825 ] } },
{ "type": "Feature", "properties": { "source_type": "water", "osm_type": "way", "osm_id": 786396214, "name": "ព្រែកដាក់ដាំ / Sông Đắk Đăm", "man_made": null, "tower_type": null, "mobile_phone": null, "operator": null, "waterway": "stream", "natural": null, "lat": 12.3808019, "lon": 107.5496409 }, "geometry": { "type": "Point", "coordinates": [ 107.5496409, 12.3808019 ] } },
{ "type": "Feature", "properties": { "source_type": "water", "osm_type": "way", "osm_id": 786399229, "name": "Sông Đắk Glun", "man_made": null, "tower_type": null, "mobile_phone": null, "operator": null, "waterway": "river", "natural": null, "lat": 12.0258608, "lon": 107.2685771 }, "geometry": { "type": "Point", "coordinates": [ 107.2685771, 12.0258608 ] } },
{ "type": "Feature", "properties": { "source_type": "water", "osm_type": "way", "osm_id": 786404113, "name": null, "man_made": null, "tower_type": null, "mobile_phone": null, "operator": null, "waterway": "stream", "natural": null, "lat": 12.0722358, "lon": 107.4871472 }, "geometry": { "type": "Point", "coordinates": [ 107.4871472, 12.0722358 ] } },
{ "type": "Feature", "properties": { "source_type": "water", "osm_type": "way", "osm_id": 786464727, "name": "Suối Đắk Drung", "man_made": null, "tower_type": null, "mobile_phone": null, "operator": null, "waterway": "stream", "natural": null, "lat": 12.1115193, "lon": 107.6340997 }, "geometry": { "type": "Point", "coordinates": [ 107.6340997, 12.1115193 ] } },
{ "type": "Feature", "properties": { "source_type": "water", "osm_type": "way", "osm_id": 786471081, "name": "Suối Đắk R'Moan", "man_made": null, "tower_type": null, "mobile_phone": null, "operator": null, "waterway": "stream", "natural": null, "lat": 12.0573836, "lon": 107.6093716 }, "geometry": { "type": "Point", "coordinates": [ 107.6093716, 12.0573836 ] } },
{ "type": "Feature", "properties": { "source_type": "water", "osm_type": "way", "osm_id": 786471082, "name": "Suối Đắk Krung", "man_made": null, "tower_type": null, "mobile_phone": null, "operator": null, "waterway": "stream", "natural": null, "lat": 12.0232912, "lon": 107.5854595 }, "geometry": { "type": "Point", "coordinates": [ 107.5854595, 12.0232912 ] } },
{ "type": "Feature", "properties": { "source_type": "water", "osm_type": "way", "osm_id": 787942264, "name": null, "man_made": null, "tower_type": null, "mobile_phone": null, "operator": null, "waterway": null, "natural": "water", "lat": 12.7185128, "lon": 106.629829 }, "geometry": { "type": "Point", "coordinates": [ 106.629829, 12.7185128 ] } },
{ "type": "Feature", "properties": { "source_type": "water", "osm_type": "way", "osm_id": 787944151, "name": null, "man_made": null, "tower_type": null, "mobile_phone": null, "operator": null, "waterway": "stream", "natural": null, "lat": 12.7131594, "lon": 106.6314914 }, "geometry": { "type": "Point", "coordinates": [ 106.6314914, 12.7131594 ] } },
{ "type": "Feature", "properties": { "source_type": "water", "osm_type": "way", "osm_id": 787968488, "name": null, "man_made": null, "tower_type": null, "mobile_phone": null, "operator": null, "waterway": "stream", "natural": null, "lat": 12.7098598, "lon": 106.6219878 }, "geometry": { "type": "Point", "coordinates": [ 106.6219878, 12.7098598 ] } },
{ "type": "Feature", "properties": { "source_type": "water", "osm_type": "way", "osm_id": 787973363, "name": null, "man_made": null, "tower_type": null, "mobile_phone": null, "operator": null, "waterway": "stream", "natural": null, "lat": 12.732055, "lon": 106.3313307 }, "geometry": { "type": "Point", "coordinates": [ 106.3313307, 12.732055 ] } },
{ "type": "Feature", "properties": { "source_type": "water", "osm_type": "way", "osm_id": 787995294, "name": null, "man_made": null, "tower_type": null, "mobile_phone": null, "operator": null, "waterway": null, "natural": "water", "lat": 12.7847921, "lon": 106.2801457 }, "geometry": { "type": "Point", "coordinates": [ 106.2801457, 12.7847921 ] } },
{ "type": "Feature", "properties": { "source_type": "water", "osm_type": "way", "osm_id": 787995315, "name": null, "man_made": null, "tower_type": null, "mobile_phone": null, "operator": null, "waterway": null, "natural": "water", "lat": 12.7865499, "lon": 106.2802466 }, "geometry": { "type": "Point", "coordinates": [ 106.2802466, 12.7865499 ] } },
{ "type": "Feature", "properties": { "source_type": "water", "osm_type": "way", "osm_id": 788021453, "name": null, "man_made": null, "tower_type": null, "mobile_phone": null, "operator": null, "waterway": null, "natural": "water", "lat": 12.8391524, "lon": 106.2735816 }, "geometry": { "type": "Point", "coordinates": [ 106.2735816, 12.8391524 ] } },
{ "type": "Feature", "properties": { "source_type": "water", "osm_type": "way", "osm_id": 788340808, "name": "Suối Đắk R'Keh", "man_made": null, "tower_type": null, "mobile_phone": null, "operator": null, "waterway": "stream", "natural": null, "lat": 11.8185759, "lon": 107.4588421 }, "geometry": { "type": "Point", "coordinates": [ 107.4588421, 11.8185759 ] } },
{ "type": "Feature", "properties": { "source_type": "water", "osm_type": "way", "osm_id": 788340810, "name": "Suối Đắk R'Keh", "man_made": null, "tower_type": null, "mobile_phone": null, "operator": null, "waterway": "stream", "natural": null, "lat": 11.8381739, "lon": 107.4759112 }, "geometry": { "type": "Point", "coordinates": [ 107.4759112, 11.8381739 ] } },
{ "type": "Feature", "properties": { "source_type": "water", "osm_type": "way", "osm_id": 791257382, "name": null, "man_made": null, "tower_type": null, "mobile_phone": null, "operator": null, "waterway": "ditch", "natural": null, "lat": 12.1154079, "lon": 107.6337151 }, "geometry": { "type": "Point", "coordinates": [ 107.6337151, 12.1154079 ] } },
{ "type": "Feature", "properties": { "source_type": "water", "osm_type": "way", "osm_id": 792457731, "name": "Suối Đắk R'Keh", "man_made": null, "tower_type": null, "mobile_phone": null, "operator": null, "waterway": "river", "natural": null, "lat": 11.8146896, "lon": 107.4340692 }, "geometry": { "type": "Point", "coordinates": [ 107.4340692, 11.8146896 ] } },
{ "type": "Feature", "properties": { "source_type": "water", "osm_type": "way", "osm_id": 795148331, "name": "Suối Đắk Ơ", "man_made": null, "tower_type": null, "mobile_phone": null, "operator": null, "waterway": "stream", "natural": null, "lat": 12.0685073, "lon": 107.1308553 }, "geometry": { "type": "Point", "coordinates": [ 107.1308553, 12.0685073 ] } },
{ "type": "Feature", "properties": { "source_type": "water", "osm_type": "way", "osm_id": 796710184, "name": "Sông Đắk Glun", "man_made": null, "tower_type": null, "mobile_phone": null, "operator": null, "waterway": "stream", "natural": null, "lat": 12.107111, "lon": 107.3814712 }, "geometry": { "type": "Point", "coordinates": [ 107.3814712, 12.107111 ] } },
{ "type": "Feature", "properties": { "source_type": "water", "osm_type": "way", "osm_id": 796940157, "name": "Suối Đắk Nông", "man_made": null, "tower_type": null, "mobile_phone": null, "operator": null, "waterway": "stream", "natural": null, "lat": 12.0228739, "lon": 107.6914423 }, "geometry": { "type": "Point", "coordinates": [ 107.6914423, 12.0228739 ] } },
{ "type": "Feature", "properties": { "source_type": "water", "osm_type": "way", "osm_id": 799535497, "name": "Suối Đắk R'Tih", "man_made": null, "tower_type": null, "mobile_phone": null, "operator": null, "waterway": "stream", "natural": null, "lat": 12.0010603, "lon": 107.5726796 }, "geometry": { "type": "Point", "coordinates": [ 107.5726796, 12.0010603 ] } },
{ "type": "Feature", "properties": { "source_type": "water", "osm_type": "way", "osm_id": 799553957, "name": "Hồ Đô Ry 2", "man_made": null, "tower_type": null, "mobile_phone": null, "operator": null, "waterway": null, "natural": "water", "lat": 12.5118696, "lon": 107.7424438 }, "geometry": { "type": "Point", "coordinates": [ 107.7424438, 12.5118696 ] } },
{ "type": "Feature", "properties": { "source_type": "water", "osm_type": "way", "osm_id": 800560054, "name": "Suối Đắk Prí", "man_made": null, "tower_type": null, "mobile_phone": null, "operator": null, "waterway": "stream", "natural": null, "lat": 12.3436274, "lon": 107.765166 }, "geometry": { "type": "Point", "coordinates": [ 107.765166, 12.3436274 ] } },
{ "type": "Feature", "properties": { "source_type": "water", "osm_type": "way", "osm_id": 800568089, "name": "Suối Ia Khai", "man_made": null, "tower_type": null, "mobile_phone": null, "operator": null, "waterway": "stream", "natural": null, "lat": 14.0025989, "lon": 107.6130702 }, "geometry": { "type": "Point", "coordinates": [ 107.6130702, 14.0025989 ] } },
{ "type": "Feature", "properties": { "source_type": "water", "osm_type": "way", "osm_id": 800609541, "name": "Suối Ia Kreng", "man_made": null, "tower_type": null, "mobile_phone": null, "operator": null, "waterway": "river", "natural": null, "lat": 13.7634558, "lon": 107.7117405 }, "geometry": { "type": "Point", "coordinates": [ 107.7117405, 13.7634558 ] } },
{ "type": "Feature", "properties": { "source_type": "water", "osm_type": "way", "osm_id": 800609542, "name": "Suối Ia Kreng", "man_made": null, "tower_type": null, "mobile_phone": null, "operator": null, "waterway": "river", "natural": null, "lat": 13.6810846, "lon": 107.6590773 }, "geometry": { "type": "Point", "coordinates": [ 107.6590773, 13.6810846 ] } },
{ "type": "Feature", "properties": { "source_type": "water", "osm_type": "way", "osm_id": 800681975, "name": "Suối Đắk Ké", "man_made": null, "tower_type": null, "mobile_phone": null, "operator": null, "waterway": "stream", "natural": null, "lat": 12.1325735, "lon": 107.2753423 }, "geometry": { "type": "Point", "coordinates": [ 107.2753423, 12.1325735 ] } },
{ "type": "Feature", "properties": { "source_type": "water", "osm_type": "way", "osm_id": 800681979, "name": "Suối Đắk Yeul", "man_made": null, "tower_type": null, "mobile_phone": null, "operator": null, "waterway": "stream", "natural": null, "lat": 12.0825867, "lon": 107.2831882 }, "geometry": { "type": "Point", "coordinates": [ 107.2831882, 12.0825867 ] } },
{ "type": "Feature", "properties": { "source_type": "water", "osm_type": "way", "osm_id": 800681995, "name": "Suối Đắk Ké", "man_made": null, "tower_type": null, "mobile_phone": null, "operator": null, "waterway": "stream", "natural": null, "lat": 12.1949226, "lon": 107.3181984 }, "geometry": { "type": "Point", "coordinates": [ 107.3181984, 12.1949226 ] } },
{ "type": "Feature", "properties": { "source_type": "water", "osm_type": "way", "osm_id": 800887889, "name": "Suối Ia Mơr", "man_made": null, "tower_type": null, "mobile_phone": null, "operator": null, "waterway": "river", "natural": null, "lat": 13.5688222, "lon": 107.7687008 }, "geometry": { "type": "Point", "coordinates": [ 107.7687008, 13.5688222 ] } },
{ "type": "Feature", "properties": { "source_type": "water", "osm_type": "way", "osm_id": 800903907, "name": "Suối Ia Krel", "man_made": null, "tower_type": null, "mobile_phone": null, "operator": null, "waterway": "river", "natural": null, "lat": 13.8185617, "lon": 107.5833396 }, "geometry": { "type": "Point", "coordinates": [ 107.5833396, 13.8185617 ] } },
{ "type": "Feature", "properties": { "source_type": "water", "osm_type": "way", "osm_id": 800903916, "name": "Suối Ia Krel", "man_made": null, "tower_type": null, "mobile_phone": null, "operator": null, "waterway": "stream", "natural": null, "lat": 13.8458846, "lon": 107.6523887 }, "geometry": { "type": "Point", "coordinates": [ 107.6523887, 13.8458846 ] } },
{ "type": "Feature", "properties": { "source_type": "water", "osm_type": "way", "osm_id": 801471829, "name": "Sông Sa Thầy / ព្រែកសាថាយ", "man_made": null, "tower_type": null, "mobile_phone": null, "operator": null, "waterway": "river", "natural": null, "lat": 13.9601452, "lon": 107.4512265 }, "geometry": { "type": "Point", "coordinates": [ 107.4512265, 13.9601452 ] } },
{ "type": "Feature", "properties": { "source_type": "water", "osm_type": "way", "osm_id": 801471830, "name": "Suối Đăk Hơ Drai", "man_made": null, "tower_type": null, "mobile_phone": null, "operator": null, "waterway": "river", "natural": null, "lat": 14.3612665, "lon": 107.5470394 }, "geometry": { "type": "Point", "coordinates": [ 107.5470394, 14.3612665 ] } },
{ "type": "Feature", "properties": { "source_type": "water", "osm_type": "way", "osm_id": 801513296, "name": "Suối Đắk Na", "man_made": null, "tower_type": null, "mobile_phone": null, "operator": null, "waterway": "stream", "natural": null, "lat": 12.9446522, "lon": 107.567115 }, "geometry": { "type": "Point", "coordinates": [ 107.567115, 12.9446522 ] } },
{ "type": "Feature", "properties": { "source_type": "water", "osm_type": "way", "osm_id": 801513306, "name": "Suối Đắk Na", "man_made": null, "tower_type": null, "mobile_phone": null, "operator": null, "waterway": "stream", "natural": null, "lat": 12.9050469, "lon": 107.5888206 }, "geometry": { "type": "Point", "coordinates": [ 107.5888206, 12.9050469 ] } },
{ "type": "Feature", "properties": { "source_type": "water", "osm_type": "way", "osm_id": 801597634, "name": "Suối Đắk Ruê", "man_made": null, "tower_type": null, "mobile_phone": null, "operator": null, "waterway": "stream", "natural": null, "lat": 13.1423513, "lon": 107.5993418 }, "geometry": { "type": "Point", "coordinates": [ 107.5993418, 13.1423513 ] } },
{ "type": "Feature", "properties": { "source_type": "water", "osm_type": "way", "osm_id": 801665256, "name": null, "man_made": null, "tower_type": null, "mobile_phone": null, "operator": null, "waterway": "stream", "natural": null, "lat": 12.4475204, "lon": 107.1686704 }, "geometry": { "type": "Point", "coordinates": [ 107.1686704, 12.4475204 ] } },
{ "type": "Feature", "properties": { "source_type": "water", "osm_type": "way", "osm_id": 802381336, "name": "Suối Đắk Gour", "man_made": null, "tower_type": null, "mobile_phone": null, "operator": null, "waterway": "stream", "natural": null, "lat": 12.4211482, "lon": 107.6443339 }, "geometry": { "type": "Point", "coordinates": [ 107.6443339, 12.4211482 ] } },
{ "type": "Feature", "properties": { "source_type": "water", "osm_type": "way", "osm_id": 802382986, "name": "Suối Ia Grăng", "man_made": null, "tower_type": null, "mobile_phone": null, "operator": null, "waterway": "river", "natural": null, "lat": 13.9836456, "lon": 107.7721808 }, "geometry": { "type": "Point", "coordinates": [ 107.7721808, 13.9836456 ] } },
{ "type": "Feature", "properties": { "source_type": "water", "osm_type": "way", "osm_id": 802746836, "name": "Suối Đắk Klau", "man_made": null, "tower_type": null, "mobile_phone": null, "operator": null, "waterway": "stream", "natural": null, "lat": 12.7930125, "lon": 107.7441127 }, "geometry": { "type": "Point", "coordinates": [ 107.7441127, 12.7930125 ] } },
{ "type": "Feature", "properties": { "source_type": "water", "osm_type": "way", "osm_id": 802746842, "name": "Suối Đắk Klau", "man_made": null, "tower_type": null, "mobile_phone": null, "operator": null, "waterway": "stream", "natural": null, "lat": 12.6996095, "lon": 107.7085587 }, "geometry": { "type": "Point", "coordinates": [ 107.7085587, 12.6996095 ] } },
{ "type": "Feature", "properties": { "source_type": "water", "osm_type": "way", "osm_id": 802779725, "name": "Suối Ia Kreng", "man_made": null, "tower_type": null, "mobile_phone": null, "operator": null, "waterway": "stream", "natural": null, "lat": 13.8168632, "lon": 107.7591609 }, "geometry": { "type": "Point", "coordinates": [ 107.7591609, 13.8168632 ] } },
{ "type": "Feature", "properties": { "source_type": "water", "osm_type": "way", "osm_id": 802818039, "name": "Suối Đắk Sôr", "man_made": null, "tower_type": null, "mobile_phone": null, "operator": null, "waterway": "stream", "natural": null, "lat": 12.3239203, "lon": 107.6418516 }, "geometry": { "type": "Point", "coordinates": [ 107.6418516, 12.3239203 ] } },
{ "type": "Feature", "properties": { "source_type": "water", "osm_type": "way", "osm_id": 804058602, "name": "Suối Đắk Ken", "man_made": null, "tower_type": null, "mobile_phone": null, "operator": null, "waterway": "stream", "natural": null, "lat": 12.8272952, "lon": 107.6891979 }, "geometry": { "type": "Point", "coordinates": [ 107.6891979, 12.8272952 ] } },
{ "type": "Feature", "properties": { "source_type": "water", "osm_type": "way", "osm_id": 804058606, "name": "Suối Đắk Ken", "man_made": null, "tower_type": null, "mobile_phone": null, "operator": null, "waterway": "stream", "natural": null, "lat": 12.7278133, "lon": 107.6205154 }, "geometry": { "type": "Point", "coordinates": [ 107.6205154, 12.7278133 ] } },
{ "type": "Feature", "properties": { "source_type": "water", "osm_type": "way", "osm_id": 804149326, "name": "Suối Đắk Dieule", "man_made": null, "tower_type": null, "mobile_phone": null, "operator": null, "waterway": "stream", "natural": null, "lat": 12.1530526, "lon": 107.3432939 }, "geometry": { "type": "Point", "coordinates": [ 107.3432939, 12.1530526 ] } },
{ "type": "Feature", "properties": { "source_type": "water", "osm_type": "way", "osm_id": 805152139, "name": "Sông Ia Drăng", "man_made": null, "tower_type": null, "mobile_phone": null, "operator": null, "waterway": "river", "natural": null, "lat": 13.6040316, "lon": 107.6463929 }, "geometry": { "type": "Point", "coordinates": [ 107.6463929, 13.6040316 ] } },
{ "type": "Feature", "properties": { "source_type": "water", "osm_type": "way", "osm_id": 805901208, "name": "Suối Đắk Nông", "man_made": null, "tower_type": null, "mobile_phone": null, "operator": null, "waterway": "stream", "natural": null, "lat": 12.1929676, "lon": 107.6580213 }, "geometry": { "type": "Point", "coordinates": [ 107.6580213, 12.1929676 ] } },
{ "type": "Feature", "properties": { "source_type": "water", "osm_type": "way", "osm_id": 806280862, "name": "Sông Ia Drăng", "man_made": null, "tower_type": null, "mobile_phone": null, "operator": null, "waterway": "river", "natural": null, "lat": 13.6515515, "lon": 107.770882 }, "geometry": { "type": "Point", "coordinates": [ 107.770882, 13.6515515 ] } },
{ "type": "Feature", "properties": { "source_type": "water", "osm_type": "way", "osm_id": 813761790, "name": "ព្រែកដាក់ដាំ / Sông Đắk Đăm", "man_made": null, "tower_type": null, "mobile_phone": null, "operator": null, "waterway": "river", "natural": null, "lat": 12.98801, "lon": 107.4951527 }, "geometry": { "type": "Point", "coordinates": [ 107.4951527, 12.98801 ] } },
{ "type": "Feature", "properties": { "source_type": "water", "osm_type": "way", "osm_id": 813761796, "name": "ព្រែកដាក់ដាំ / Sông Đắk Đăm", "man_made": null, "tower_type": null, "mobile_phone": null, "operator": null, "waterway": "stream", "natural": null, "lat": 12.5133971, "lon": 107.5739985 }, "geometry": { "type": "Point", "coordinates": [ 107.5739985, 12.5133971 ] } },
{ "type": "Feature", "properties": { "source_type": "water", "osm_type": "way", "osm_id": 813761802, "name": "ព្រែកដាក់ដាំ / Sông Đắk Đăm", "man_made": null, "tower_type": null, "mobile_phone": null, "operator": null, "waterway": "stream", "natural": null, "lat": 12.434505, "lon": 107.5551096 }, "geometry": { "type": "Point", "coordinates": [ 107.5551096, 12.434505 ] } },
{ "type": "Feature", "properties": { "source_type": "water", "osm_type": "way", "osm_id": 814020674, "name": "Suối Đắk R'Tih", "man_made": null, "tower_type": null, "mobile_phone": null, "operator": null, "waterway": "stream", "natural": null, "lat": 12.0389634, "lon": 107.5158607 }, "geometry": { "type": "Point", "coordinates": [ 107.5158607, 12.0389634 ] } },
{ "type": "Feature", "properties": { "source_type": "water", "osm_type": "way", "osm_id": 814359447, "name": "Suối Đắk Mâm", "man_made": null, "tower_type": null, "mobile_phone": null, "operator": null, "waterway": "stream", "natural": null, "lat": 12.4350571, "lon": 107.7562166 }, "geometry": { "type": "Point", "coordinates": [ 107.7562166, 12.4350571 ] } },
{ "type": "Feature", "properties": { "source_type": "water", "osm_type": "way", "osm_id": 814812003, "name": null, "man_made": null, "tower_type": null, "mobile_phone": null, "operator": null, "waterway": "ditch", "natural": null, "lat": 11.954169, "lon": 107.4072774 }, "geometry": { "type": "Point", "coordinates": [ 107.4072774, 11.954169 ] } },
{ "type": "Feature", "properties": { "source_type": "water", "osm_type": "way", "osm_id": 816353950, "name": null, "man_made": null, "tower_type": null, "mobile_phone": null, "operator": null, "waterway": "river", "natural": null, "lat": 14.3152302, "lon": 107.5381334 }, "geometry": { "type": "Point", "coordinates": [ 107.5381334, 14.3152302 ] } },
{ "type": "Feature", "properties": { "source_type": "water", "osm_type": "way", "osm_id": 816353951, "name": null, "man_made": null, "tower_type": null, "mobile_phone": null, "operator": null, "waterway": "river", "natural": null, "lat": 14.0697025, "lon": 107.5512157 }, "geometry": { "type": "Point", "coordinates": [ 107.5512157, 14.0697025 ] } },
{ "type": "Feature", "properties": { "source_type": "water", "osm_type": "way", "osm_id": 816369092, "name": "Suối Đắk Nông", "man_made": null, "tower_type": null, "mobile_phone": null, "operator": null, "waterway": "stream", "natural": null, "lat": 12.0057264, "lon": 107.6872513 }, "geometry": { "type": "Point", "coordinates": [ 107.6872513, 12.0057264 ] } },
{ "type": "Feature", "properties": { "source_type": "water", "osm_type": "way", "osm_id": 816369093, "name": "Suối Đắk Nông", "man_made": null, "tower_type": null, "mobile_phone": null, "operator": null, "waterway": "river", "natural": null, "lat": 12.0010436, "lon": 107.6870785 }, "geometry": { "type": "Point", "coordinates": [ 107.6870785, 12.0010436 ] } },
{ "type": "Feature", "properties": { "source_type": "water", "osm_type": "way", "osm_id": 816369097, "name": "Suối Đắk Nông", "man_made": null, "tower_type": null, "mobile_phone": null, "operator": null, "waterway": "river", "natural": null, "lat": 11.996359, "lon": 107.6850026 }, "geometry": { "type": "Point", "coordinates": [ 107.6850026, 11.996359 ] } },
{ "type": "Feature", "properties": { "source_type": "water", "osm_type": "way", "osm_id": 816369098, "name": "Suối Đắk Nông", "man_made": null, "tower_type": null, "mobile_phone": null, "operator": null, "waterway": "river", "natural": null, "lat": 11.9661306, "lon": 107.6708171 }, "geometry": { "type": "Point", "coordinates": [ 107.6708171, 11.9661306 ] } },
{ "type": "Feature", "properties": { "source_type": "water", "osm_type": "way", "osm_id": 816420539, "name": "Sông Sê San", "man_made": null, "tower_type": null, "mobile_phone": null, "operator": null, "waterway": "river", "natural": null, "lat": 14.085245, "lon": 107.6520005 }, "geometry": { "type": "Point", "coordinates": [ 107.6520005, 14.085245 ] } },
{ "type": "Feature", "properties": { "source_type": "water", "osm_type": "way", "osm_id": 816448128, "name": null, "man_made": null, "tower_type": null, "mobile_phone": null, "operator": null, "waterway": "canal", "natural": null, "lat": 13.9745834, "lon": 107.7275284 }, "geometry": { "type": "Point", "coordinates": [ 107.7275284, 13.9745834 ] } },
{ "type": "Feature", "properties": { "source_type": "water", "osm_type": "way", "osm_id": 816706204, "name": "Suối Ia Púch", "man_made": null, "tower_type": null, "mobile_phone": null, "operator": null, "waterway": "river", "natural": null, "lat": 13.6604133, "lon": 107.7389213 }, "geometry": { "type": "Point", "coordinates": [ 107.7389213, 13.6604133 ] } },
{ "type": "Feature", "properties": { "source_type": "water", "osm_type": "way", "osm_id": 816746379, "name": "Sông Sê San", "man_made": null, "tower_type": null, "mobile_phone": null, "operator": null, "waterway": "river", "natural": null, "lat": 13.93051, "lon": 107.4665914 }, "geometry": { "type": "Point", "coordinates": [ 107.4665914, 13.93051 ] } },
{ "type": "Feature", "properties": { "source_type": "water", "osm_type": "way", "osm_id": 816746381, "name": "Sông Sê San / ទន្លេសាន", "man_made": null, "tower_type": null, "mobile_phone": null, "operator": null, "waterway": "river", "natural": null, "lat": 13.8590238, "lon": 107.4620596 }, "geometry": { "type": "Point", "coordinates": [ 107.4620596, 13.8590238 ] } },
{ "type": "Feature", "properties": { "source_type": "water", "osm_type": "way", "osm_id": 816746383, "name": "ទន្លេសាន", "man_made": null, "tower_type": null, "mobile_phone": null, "operator": null, "waterway": "river", "natural": null, "lat": 13.9710124, "lon": 107.2306892 }, "geometry": { "type": "Point", "coordinates": [ 107.2306892, 13.9710124 ] } },
{ "type": "Feature", "properties": { "source_type": "water", "osm_type": "way", "osm_id": 816746388, "name": "ទន្លេសាន", "man_made": null, "tower_type": null, "mobile_phone": null, "operator": null, "waterway": "river", "natural": null, "lat": 14.0097685, "lon": 106.8957249 }, "geometry": { "type": "Point", "coordinates": [ 106.8957249, 14.0097685 ] } },
{ "type": "Feature", "properties": { "source_type": "water", "osm_type": "way", "osm_id": 816746393, "name": "ទន្លេសាន", "man_made": null, "tower_type": null, "mobile_phone": null, "operator": null, "waterway": "river", "natural": null, "lat": 13.9023146, "lon": 106.7401191 }, "geometry": { "type": "Point", "coordinates": [ 106.7401191, 13.9023146 ] } },
{ "type": "Feature", "properties": { "source_type": "water", "osm_type": "way", "osm_id": 816764217, "name": "Sông Sê San", "man_made": null, "tower_type": null, "mobile_phone": null, "operator": null, "waterway": "river", "natural": null, "lat": 14.1063786, "lon": 107.6579581 }, "geometry": { "type": "Point", "coordinates": [ 107.6579581, 14.1063786 ] } },
{ "type": "Feature", "properties": { "source_type": "water", "osm_type": "way", "osm_id": 816782265, "name": null, "man_made": null, "tower_type": null, "mobile_phone": null, "operator": null, "waterway": "canal", "natural": null, "lat": 13.9723738, "lon": 107.7246795 }, "geometry": { "type": "Point", "coordinates": [ 107.7246795, 13.9723738 ] } },
{ "type": "Feature", "properties": { "source_type": "water", "osm_type": "way", "osm_id": 816782266, "name": "Sông Ia Grai", "man_made": null, "tower_type": null, "mobile_phone": null, "operator": null, "waterway": "river", "natural": null, "lat": 14.0074526, "lon": 107.74531 }, "geometry": { "type": "Point", "coordinates": [ 107.74531, 14.0074526 ] } },
{ "type": "Feature", "properties": { "source_type": "water", "osm_type": "way", "osm_id": 817464328, "name": "Sông Sê San", "man_made": null, "tower_type": null, "mobile_phone": null, "operator": null, "waterway": "river", "natural": null, "lat": 13.9495216, "lon": 107.4805551 }, "geometry": { "type": "Point", "coordinates": [ 107.4805551, 13.9495216 ] } },
{ "type": "Feature", "properties": { "source_type": "water", "osm_type": "way", "osm_id": 817464329, "name": "Sông Sê San", "man_made": null, "tower_type": null, "mobile_phone": null, "operator": null, "waterway": "river", "natural": null, "lat": 13.9688779, "lon": 107.4944989 }, "geometry": { "type": "Point", "coordinates": [ 107.4944989, 13.9688779 ] } },
{ "type": "Feature", "properties": { "source_type": "water", "osm_type": "way", "osm_id": 818634896, "name": "Sông Ia Lốp", "man_made": null, "tower_type": null, "mobile_phone": null, "operator": null, "waterway": "river", "natural": null, "lat": 13.3412464, "lon": 107.6590701 }, "geometry": { "type": "Point", "coordinates": [ 107.6590701, 13.3412464 ] } },
{ "type": "Feature", "properties": { "source_type": "water", "osm_type": "way", "osm_id": 818957167, "name": "Suối Ia Châm", "man_made": null, "tower_type": null, "mobile_phone": null, "operator": null, "waterway": "river", "natural": null, "lat": 13.9540235, "lon": 107.7624896 }, "geometry": { "type": "Point", "coordinates": [ 107.7624896, 13.9540235 ] } },
{ "type": "Feature", "properties": { "source_type": "water", "osm_type": "way", "osm_id": 819021460, "name": "Suối Ia Blang", "man_made": null, "tower_type": null, "mobile_phone": null, "operator": null, "waterway": "stream", "natural": null, "lat": 13.8888878, "lon": 107.7673046 }, "geometry": { "type": "Point", "coordinates": [ 107.7673046, 13.8888878 ] } },
{ "type": "Feature", "properties": { "source_type": "water", "osm_type": "way", "osm_id": 820891766, "name": null, "man_made": null, "tower_type": null, "mobile_phone": null, "operator": null, "waterway": "canal", "natural": null, "lat": 13.9718578, "lon": 107.723283 }, "geometry": { "type": "Point", "coordinates": [ 107.723283, 13.9718578 ] } },
{ "type": "Feature", "properties": { "source_type": "water", "osm_type": "way", "osm_id": 822140243, "name": null, "man_made": null, "tower_type": null, "mobile_phone": null, "operator": null, "waterway": "stream", "natural": null, "lat": 12.3910168, "lon": 106.0588145 }, "geometry": { "type": "Point", "coordinates": [ 106.0588145, 12.3910168 ] } },
{ "type": "Feature", "properties": { "source_type": "water", "osm_type": "way", "osm_id": 822140244, "name": null, "man_made": null, "tower_type": null, "mobile_phone": null, "operator": null, "waterway": null, "natural": "water", "lat": 12.3856733, "lon": 106.0680746 }, "geometry": { "type": "Point", "coordinates": [ 106.0680746, 12.3856733 ] } },
{ "type": "Feature", "properties": { "source_type": "water", "osm_type": "way", "osm_id": 822252213, "name": null, "man_made": null, "tower_type": null, "mobile_phone": null, "operator": null, "waterway": null, "natural": "water", "lat": 12.1349414, "lon": 107.6354223 }, "geometry": { "type": "Point", "coordinates": [ 107.6354223, 12.1349414 ] } },
{ "type": "Feature", "properties": { "source_type": "water", "osm_type": "way", "osm_id": 822252216, "name": "Suối Đắk Drung", "man_made": null, "tower_type": null, "mobile_phone": null, "operator": null, "waterway": "stream", "natural": null, "lat": 12.1429336, "lon": 107.6200022 }, "geometry": { "type": "Point", "coordinates": [ 107.6200022, 12.1429336 ] } },
{ "type": "Feature", "properties": { "source_type": "water", "osm_type": "way", "osm_id": 836311735, "name": "Rạch Chàm / ទន្លេចាម", "man_made": null, "tower_type": null, "mobile_phone": null, "operator": null, "waterway": "stream", "natural": null, "lat": 11.8463244, "lon": 106.4528327 }, "geometry": { "type": "Point", "coordinates": [ 106.4528327, 11.8463244 ] } },
{ "type": "Feature", "properties": { "source_type": "water", "osm_type": "way", "osm_id": 842543892, "name": "ព្រែកដាក់ដាំ / Sông Đắk Đăm", "man_made": null, "tower_type": null, "mobile_phone": null, "operator": null, "waterway": "river", "natural": null, "lat": 12.5900471, "lon": 107.5812757 }, "geometry": { "type": "Point", "coordinates": [ 107.5812757, 12.5900471 ] } },
{ "type": "Feature", "properties": { "source_type": "water", "osm_type": "way", "osm_id": 847589696, "name": null, "man_made": null, "tower_type": null, "mobile_phone": null, "operator": null, "waterway": "river", "natural": null, "lat": 12.882457, "lon": 105.9277417 }, "geometry": { "type": "Point", "coordinates": [ 105.9277417, 12.882457 ] } },
{ "type": "Feature", "properties": { "source_type": "water", "osm_type": "way", "osm_id": 850136586, "name": null, "man_made": null, "tower_type": null, "mobile_phone": null, "operator": null, "waterway": "river", "natural": null, "lat": 12.8455693, "lon": 105.9032088 }, "geometry": { "type": "Point", "coordinates": [ 105.9032088, 12.8455693 ] } },
{ "type": "Feature", "properties": { "source_type": "water", "osm_type": "way", "osm_id": 857503169, "name": "ទន្លេ​មេគង្គ", "man_made": null, "tower_type": null, "mobile_phone": null, "operator": null, "waterway": "river", "natural": null, "lat": 12.3755693, "lon": 105.7573454 }, "geometry": { "type": "Point", "coordinates": [ 105.7573454, 12.3755693 ] } },
{ "type": "Feature", "properties": { "source_type": "water", "osm_type": "way", "osm_id": 857503171, "name": "ទន្លេ​មេគង្គ", "man_made": null, "tower_type": null, "mobile_phone": null, "operator": null, "waterway": "river", "natural": null, "lat": 13.1398893, "lon": 105.9760308 }, "geometry": { "type": "Point", "coordinates": [ 105.9760308, 13.1398893 ] } },
{ "type": "Feature", "properties": { "source_type": "water", "osm_type": "way", "osm_id": 862477574, "name": "Sông Ia Grai", "man_made": null, "tower_type": null, "mobile_phone": null, "operator": null, "waterway": "river", "natural": null, "lat": 14.0432316, "lon": 107.6511772 }, "geometry": { "type": "Point", "coordinates": [ 107.6511772, 14.0432316 ] } },
{ "type": "Feature", "properties": { "source_type": "water", "osm_type": "way", "osm_id": 862477575, "name": "Sông Ia Grai", "man_made": null, "tower_type": null, "mobile_phone": null, "operator": null, "waterway": "river", "natural": null, "lat": 14.0221918, "lon": 107.6490287 }, "geometry": { "type": "Point", "coordinates": [ 107.6490287, 14.0221918 ] } },
{ "type": "Feature", "properties": { "source_type": "water", "osm_type": "way", "osm_id": 862906008, "name": "Sông Ia Grai", "man_made": null, "tower_type": null, "mobile_phone": null, "operator": null, "waterway": "river", "natural": null, "lat": 13.9994247, "lon": 107.6688874 }, "geometry": { "type": "Point", "coordinates": [ 107.6688874, 13.9994247 ] } },
{ "type": "Feature", "properties": { "source_type": "water", "osm_type": "way", "osm_id": 862906009, "name": "Sông Ia Grai", "man_made": null, "tower_type": null, "mobile_phone": null, "operator": null, "waterway": "river", "natural": null, "lat": 13.9761654, "lon": 107.6917258 }, "geometry": { "type": "Point", "coordinates": [ 107.6917258, 13.9761654 ] } },
{ "type": "Feature", "properties": { "source_type": "water", "osm_type": "way", "osm_id": 862906010, "name": "Hồ Ia Grai 2", "man_made": null, "tower_type": null, "mobile_phone": null, "operator": null, "waterway": null, "natural": "water", "lat": 13.9714017, "lon": 107.6988432 }, "geometry": { "type": "Point", "coordinates": [ 107.6988432, 13.9714017 ] } },
{ "type": "Feature", "properties": { "source_type": "water", "osm_type": "way", "osm_id": 863665503, "name": null, "man_made": null, "tower_type": null, "mobile_phone": null, "operator": null, "waterway": "river", "natural": null, "lat": 13.518746, "lon": 106.9676624 }, "geometry": { "type": "Point", "coordinates": [ 106.9676624, 13.518746 ] } },
{ "type": "Feature", "properties": { "source_type": "water", "osm_type": "way", "osm_id": 863665504, "name": null, "man_made": null, "tower_type": null, "mobile_phone": null, "operator": null, "waterway": "river", "natural": null, "lat": 13.5304936, "lon": 106.9779546 }, "geometry": { "type": "Point", "coordinates": [ 106.9779546, 13.5304936 ] } },
{ "type": "Feature", "properties": { "source_type": "water", "osm_type": "way", "osm_id": 863665535, "name": null, "man_made": null, "tower_type": null, "mobile_phone": null, "operator": null, "waterway": null, "natural": "water", "lat": 13.511964, "lon": 106.9640346 }, "geometry": { "type": "Point", "coordinates": [ 106.9640346, 13.511964 ] } },
{ "type": "Feature", "properties": { "source_type": "water", "osm_type": "way", "osm_id": 863665536, "name": null, "man_made": null, "tower_type": null, "mobile_phone": null, "operator": null, "waterway": null, "natural": "water", "lat": 13.5130554, "lon": 106.9575128 }, "geometry": { "type": "Point", "coordinates": [ 106.9575128, 13.5130554 ] } },
{ "type": "Feature", "properties": { "source_type": "water", "osm_type": "way", "osm_id": 874990825, "name": null, "man_made": null, "tower_type": null, "mobile_phone": null, "operator": null, "waterway": "stream", "natural": null, "lat": 12.0208001, "lon": 106.3234414 }, "geometry": { "type": "Point", "coordinates": [ 106.3234414, 12.0208001 ] } },
{ "type": "Feature", "properties": { "source_type": "water", "osm_type": "way", "osm_id": 874990826, "name": null, "man_made": null, "tower_type": null, "mobile_phone": null, "operator": null, "waterway": "stream", "natural": null, "lat": 12.0318857, "lon": 106.3252636 }, "geometry": { "type": "Point", "coordinates": [ 106.3252636, 12.0318857 ] } },
{ "type": "Feature", "properties": { "source_type": "water", "osm_type": "way", "osm_id": 875067697, "name": null, "man_made": null, "tower_type": null, "mobile_phone": null, "operator": null, "waterway": "stream", "natural": null, "lat": 12.1355911, "lon": 106.5973795 }, "geometry": { "type": "Point", "coordinates": [ 106.5973795, 12.1355911 ] } },
{ "type": "Feature", "properties": { "source_type": "water", "osm_type": "way", "osm_id": 875067698, "name": null, "man_made": null, "tower_type": null, "mobile_phone": null, "operator": null, "waterway": null, "natural": "water", "lat": 12.158814, "lon": 106.7846967 }, "geometry": { "type": "Point", "coordinates": [ 106.7846967, 12.158814 ] } },
{ "type": "Feature", "properties": { "source_type": "water", "osm_type": "way", "osm_id": 875067710, "name": null, "man_made": null, "tower_type": null, "mobile_phone": null, "operator": null, "waterway": "stream", "natural": null, "lat": 12.5118556, "lon": 107.0276868 }, "geometry": { "type": "Point", "coordinates": [ 107.0276868, 12.5118556 ] } },
{ "type": "Feature", "properties": { "source_type": "water", "osm_type": "way", "osm_id": 875067711, "name": null, "man_made": null, "tower_type": null, "mobile_phone": null, "operator": null, "waterway": "stream", "natural": null, "lat": 12.6304632, "lon": 106.8600143 }, "geometry": { "type": "Point", "coordinates": [ 106.8600143, 12.6304632 ] } },
{ "type": "Feature", "properties": { "source_type": "water", "osm_type": "way", "osm_id": 880410931, "name": null, "man_made": null, "tower_type": null, "mobile_phone": null, "operator": null, "waterway": null, "natural": "water", "lat": 13.4768491, "lon": 106.9814217 }, "geometry": { "type": "Point", "coordinates": [ 106.9814217, 13.4768491 ] } },
{ "type": "Feature", "properties": { "source_type": "water", "osm_type": "way", "osm_id": 892222606, "name": null, "man_made": null, "tower_type": null, "mobile_phone": null, "operator": null, "waterway": "stream", "natural": null, "lat": 12.4126406, "lon": 107.1852024 }, "geometry": { "type": "Point", "coordinates": [ 107.1852024, 12.4126406 ] } },
{ "type": "Feature", "properties": { "source_type": "water", "osm_type": "way", "osm_id": 894468453, "name": null, "man_made": null, "tower_type": null, "mobile_phone": null, "operator": null, "waterway": "stream", "natural": null, "lat": 12.3786322, "lon": 107.1272727 }, "geometry": { "type": "Point", "coordinates": [ 107.1272727, 12.3786322 ] } },
{ "type": "Feature", "properties": { "source_type": "water", "osm_type": "way", "osm_id": 894597019, "name": null, "man_made": null, "tower_type": null, "mobile_phone": null, "operator": null, "waterway": "stream", "natural": null, "lat": 12.3870683, "lon": 107.1343584 }, "geometry": { "type": "Point", "coordinates": [ 107.1343584, 12.3870683 ] } },
{ "type": "Feature", "properties": { "source_type": "water", "osm_type": "way", "osm_id": 895332924, "name": null, "man_made": null, "tower_type": null, "mobile_phone": null, "operator": null, "waterway": "river", "natural": null, "lat": 13.9470248, "lon": 105.9541275 }, "geometry": { "type": "Point", "coordinates": [ 105.9541275, 13.9470248 ] } },
{ "type": "Feature", "properties": { "source_type": "water", "osm_type": "way", "osm_id": 899826815, "name": null, "man_made": null, "tower_type": null, "mobile_phone": null, "operator": null, "waterway": "ditch", "natural": null, "lat": 12.1593279, "lon": 107.6293338 }, "geometry": { "type": "Point", "coordinates": [ 107.6293338, 12.1593279 ] } },
{ "type": "Feature", "properties": { "source_type": "water", "osm_type": "way", "osm_id": 899826817, "name": null, "man_made": null, "tower_type": null, "mobile_phone": null, "operator": null, "waterway": "ditch", "natural": null, "lat": 12.1627217, "lon": 107.6305813 }, "geometry": { "type": "Point", "coordinates": [ 107.6305813, 12.1627217 ] } },
{ "type": "Feature", "properties": { "source_type": "water", "osm_type": "way", "osm_id": 900612184, "name": null, "man_made": null, "tower_type": null, "mobile_phone": null, "operator": null, "waterway": "ditch", "natural": null, "lat": 12.1135116, "lon": 107.6334165 }, "geometry": { "type": "Point", "coordinates": [ 107.6334165, 12.1135116 ] } },
{ "type": "Feature", "properties": { "source_type": "water", "osm_type": "way", "osm_id": 905995928, "name": null, "man_made": null, "tower_type": null, "mobile_phone": null, "operator": null, "waterway": null, "natural": "water", "lat": 13.951187, "lon": 106.2213713 }, "geometry": { "type": "Point", "coordinates": [ 106.2213713, 13.951187 ] } },
{ "type": "Feature", "properties": { "source_type": "water", "osm_type": "way", "osm_id": 905995929, "name": null, "man_made": null, "tower_type": null, "mobile_phone": null, "operator": null, "waterway": null, "natural": "water", "lat": 13.9507949, "lon": 106.2196982 }, "geometry": { "type": "Point", "coordinates": [ 106.2196982, 13.9507949 ] } },
{ "type": "Feature", "properties": { "source_type": "water", "osm_type": "way", "osm_id": 905995930, "name": null, "man_made": null, "tower_type": null, "mobile_phone": null, "operator": null, "waterway": null, "natural": "water", "lat": 13.9711706, "lon": 106.2035694 }, "geometry": { "type": "Point", "coordinates": [ 106.2035694, 13.9711706 ] } },
{ "type": "Feature", "properties": { "source_type": "water", "osm_type": "way", "osm_id": 905995931, "name": null, "man_made": null, "tower_type": null, "mobile_phone": null, "operator": null, "waterway": null, "natural": "water", "lat": 13.9678688, "lon": 106.2105201 }, "geometry": { "type": "Point", "coordinates": [ 106.2105201, 13.9678688 ] } },
{ "type": "Feature", "properties": { "source_type": "water", "osm_type": "way", "osm_id": 905995932, "name": null, "man_made": null, "tower_type": null, "mobile_phone": null, "operator": null, "waterway": null, "natural": "water", "lat": 13.94892, "lon": 106.225769 }, "geometry": { "type": "Point", "coordinates": [ 106.225769, 13.94892 ] } },
{ "type": "Feature", "properties": { "source_type": "water", "osm_type": "way", "osm_id": 908679749, "name": null, "man_made": null, "tower_type": null, "mobile_phone": null, "operator": null, "waterway": null, "natural": "water", "lat": 14.1479541, "lon": 107.23637 }, "geometry": { "type": "Point", "coordinates": [ 107.23637, 14.1479541 ] } },
{ "type": "Feature", "properties": { "source_type": "water", "osm_type": "way", "osm_id": 909486910, "name": null, "man_made": null, "tower_type": null, "mobile_phone": null, "operator": null, "waterway": null, "natural": "water", "lat": 14.2519796, "lon": 107.2520408 }, "geometry": { "type": "Point", "coordinates": [ 107.2520408, 14.2519796 ] } },
{ "type": "Feature", "properties": { "source_type": "water", "osm_type": "way", "osm_id": 909501328, "name": null, "man_made": null, "tower_type": null, "mobile_phone": null, "operator": null, "waterway": null, "natural": "water", "lat": 14.2920965, "lon": 107.2535911 }, "geometry": { "type": "Point", "coordinates": [ 107.2535911, 14.2920965 ] } },
{ "type": "Feature", "properties": { "source_type": "water", "osm_type": "way", "osm_id": 913010320, "name": "Suối Đắk Kar", "man_made": null, "tower_type": null, "mobile_phone": null, "operator": null, "waterway": "river", "natural": null, "lat": 11.8329841, "lon": 107.415849 }, "geometry": { "type": "Point", "coordinates": [ 107.415849, 11.8329841 ] } },
{ "type": "Feature", "properties": { "source_type": "water", "osm_type": "way", "osm_id": 921578589, "name": null, "man_made": null, "tower_type": null, "mobile_phone": null, "operator": null, "waterway": "canal", "natural": null, "lat": 14.1211596, "lon": 105.8025305 }, "geometry": { "type": "Point", "coordinates": [ 105.8025305, 14.1211596 ] } },
{ "type": "Feature", "properties": { "source_type": "water", "osm_type": "way", "osm_id": 921984806, "name": null, "man_made": null, "tower_type": null, "mobile_phone": null, "operator": null, "waterway": "canal", "natural": null, "lat": 14.1050358, "lon": 105.8135319 }, "geometry": { "type": "Point", "coordinates": [ 105.8135319, 14.1050358 ] } },
{ "type": "Feature", "properties": { "source_type": "water", "osm_type": "way", "osm_id": 921984807, "name": null, "man_made": null, "tower_type": null, "mobile_phone": null, "operator": null, "waterway": "canal", "natural": null, "lat": 14.1119963, "lon": 105.8109369 }, "geometry": { "type": "Point", "coordinates": [ 105.8109369, 14.1119963 ] } },
{ "type": "Feature", "properties": { "source_type": "water", "osm_type": "way", "osm_id": 921984808, "name": null, "man_made": null, "tower_type": null, "mobile_phone": null, "operator": null, "waterway": "canal", "natural": null, "lat": 14.1299236, "lon": 105.7940986 }, "geometry": { "type": "Point", "coordinates": [ 105.7940986, 14.1299236 ] } },
{ "type": "Feature", "properties": { "source_type": "water", "osm_type": "way", "osm_id": 921984809, "name": null, "man_made": null, "tower_type": null, "mobile_phone": null, "operator": null, "waterway": "canal", "natural": null, "lat": 14.1296371, "lon": 105.7921738 }, "geometry": { "type": "Point", "coordinates": [ 105.7921738, 14.1296371 ] } },
{ "type": "Feature", "properties": { "source_type": "water", "osm_type": "way", "osm_id": 929556978, "name": "ទន្លេសាន", "man_made": null, "tower_type": null, "mobile_phone": null, "operator": null, "waterway": "river", "natural": null, "lat": 13.5549743, "lon": 106.2572379 }, "geometry": { "type": "Point", "coordinates": [ 106.2572379, 13.5549743 ] } },
{ "type": "Feature", "properties": { "source_type": "water", "osm_type": "way", "osm_id": 932752503, "name": "Suối Đắk Sôr", "man_made": null, "tower_type": null, "mobile_phone": null, "operator": null, "waterway": "stream", "natural": null, "lat": 12.3803557, "lon": 107.6708485 }, "geometry": { "type": "Point", "coordinates": [ 107.6708485, 12.3803557 ] } },
{ "type": "Feature", "properties": { "source_type": "water", "osm_type": "way", "osm_id": 934535506, "name": "Rạch Trou", "man_made": null, "tower_type": null, "mobile_phone": null, "operator": null, "waterway": "stream", "natural": null, "lat": 11.7568952, "lon": 106.614046 }, "geometry": { "type": "Point", "coordinates": [ 106.614046, 11.7568952 ] } },
{ "type": "Feature", "properties": { "source_type": "water", "osm_type": "way", "osm_id": 954483432, "name": "Suối Doãn Văn", "man_made": null, "tower_type": null, "mobile_phone": null, "operator": null, "waterway": "stream", "natural": null, "lat": 12.0741709, "lon": 107.4830645 }, "geometry": { "type": "Point", "coordinates": [ 107.4830645, 12.0741709 ] } },
{ "type": "Feature", "properties": { "source_type": "water", "osm_type": "way", "osm_id": 954486946, "name": "Suối Đắk R'Keh", "man_made": null, "tower_type": null, "mobile_phone": null, "operator": null, "waterway": "stream", "natural": null, "lat": 11.9130385, "lon": 107.542119 }, "geometry": { "type": "Point", "coordinates": [ 107.542119, 11.9130385 ] } },
{ "type": "Feature", "properties": { "source_type": "water", "osm_type": "way", "osm_id": 954522480, "name": "Suối Đắk Ken", "man_made": null, "tower_type": null, "mobile_phone": null, "operator": null, "waterway": "stream", "natural": null, "lat": 12.784722, "lon": 107.6413529 }, "geometry": { "type": "Point", "coordinates": [ 107.6413529, 12.784722 ] } },
{ "type": "Feature", "properties": { "source_type": "water", "osm_type": "way", "osm_id": 954560258, "name": "Suối Đắk Prí", "man_made": null, "tower_type": null, "mobile_phone": null, "operator": null, "waterway": "stream", "natural": null, "lat": 12.3225597, "lon": 107.7071648 }, "geometry": { "type": "Point", "coordinates": [ 107.7071648, 12.3225597 ] } },
{ "type": "Feature", "properties": { "source_type": "water", "osm_type": "way", "osm_id": 975453596, "name": null, "man_made": null, "tower_type": null, "mobile_phone": null, "operator": null, "waterway": "river", "natural": null, "lat": 14.4281321, "lon": 107.3595219 }, "geometry": { "type": "Point", "coordinates": [ 107.3595219, 14.4281321 ] } },
{ "type": "Feature", "properties": { "source_type": "water", "osm_type": "way", "osm_id": 975470457, "name": null, "man_made": null, "tower_type": null, "mobile_phone": null, "operator": null, "waterway": null, "natural": "water", "lat": 13.5861578, "lon": 106.0327603 }, "geometry": { "type": "Point", "coordinates": [ 106.0327603, 13.5861578 ] } },
{ "type": "Feature", "properties": { "source_type": "water", "osm_type": "way", "osm_id": 975470458, "name": null, "man_made": null, "tower_type": null, "mobile_phone": null, "operator": null, "waterway": null, "natural": "water", "lat": 13.5867822, "lon": 106.034407 }, "geometry": { "type": "Point", "coordinates": [ 106.034407, 13.5867822 ] } },
{ "type": "Feature", "properties": { "source_type": "water", "osm_type": "way", "osm_id": 975470459, "name": null, "man_made": null, "tower_type": null, "mobile_phone": null, "operator": null, "waterway": null, "natural": "water", "lat": 13.585689, "lon": 106.0347254 }, "geometry": { "type": "Point", "coordinates": [ 106.0347254, 13.585689 ] } },
{ "type": "Feature", "properties": { "source_type": "water", "osm_type": "way", "osm_id": 975470460, "name": null, "man_made": null, "tower_type": null, "mobile_phone": null, "operator": null, "waterway": null, "natural": "water", "lat": 13.5853341, "lon": 106.0307582 }, "geometry": { "type": "Point", "coordinates": [ 106.0307582, 13.5853341 ] } },
{ "type": "Feature", "properties": { "source_type": "water", "osm_type": "way", "osm_id": 975470969, "name": null, "man_made": null, "tower_type": null, "mobile_phone": null, "operator": null, "waterway": null, "natural": "water", "lat": 12.3382387, "lon": 106.0076901 }, "geometry": { "type": "Point", "coordinates": [ 106.0076901, 12.3382387 ] } },
{ "type": "Feature", "properties": { "source_type": "water", "osm_type": "way", "osm_id": 975471163, "name": null, "man_made": null, "tower_type": null, "mobile_phone": null, "operator": null, "waterway": null, "natural": "water", "lat": 12.4145035, "lon": 106.0488673 }, "geometry": { "type": "Point", "coordinates": [ 106.0488673, 12.4145035 ] } },
{ "type": "Feature", "properties": { "source_type": "water", "osm_type": "way", "osm_id": 975471725, "name": null, "man_made": null, "tower_type": null, "mobile_phone": null, "operator": null, "waterway": null, "natural": "water", "lat": 13.584137, "lon": 106.0490748 }, "geometry": { "type": "Point", "coordinates": [ 106.0490748, 13.584137 ] } },
{ "type": "Feature", "properties": { "source_type": "water", "osm_type": "way", "osm_id": 980845976, "name": null, "man_made": null, "tower_type": null, "mobile_phone": null, "operator": null, "waterway": "stream", "natural": null, "lat": 11.8052212, "lon": 106.1248351 }, "geometry": { "type": "Point", "coordinates": [ 106.1248351, 11.8052212 ] } },
{ "type": "Feature", "properties": { "source_type": "water", "osm_type": "way", "osm_id": 980845979, "name": null, "man_made": null, "tower_type": null, "mobile_phone": null, "operator": null, "waterway": "canal", "natural": null, "lat": 11.8137835, "lon": 106.1423731 }, "geometry": { "type": "Point", "coordinates": [ 106.1423731, 11.8137835 ] } },
{ "type": "Feature", "properties": { "source_type": "water", "osm_type": "way", "osm_id": 980845980, "name": null, "man_made": null, "tower_type": null, "mobile_phone": null, "operator": null, "waterway": "canal", "natural": null, "lat": 11.8175747, "lon": 106.1406901 }, "geometry": { "type": "Point", "coordinates": [ 106.1406901, 11.8175747 ] } },
{ "type": "Feature", "properties": { "source_type": "water", "osm_type": "way", "osm_id": 980845981, "name": null, "man_made": null, "tower_type": null, "mobile_phone": null, "operator": null, "waterway": "canal", "natural": null, "lat": 11.8164356, "lon": 106.1412028 }, "geometry": { "type": "Point", "coordinates": [ 106.1412028, 11.8164356 ] } },
{ "type": "Feature", "properties": { "source_type": "water", "osm_type": "way", "osm_id": 981084388, "name": null, "man_made": null, "tower_type": null, "mobile_phone": null, "operator": null, "waterway": "stream", "natural": null, "lat": 12.4304595, "lon": 107.1403633 }, "geometry": { "type": "Point", "coordinates": [ 107.1403633, 12.4304595 ] } },
{ "type": "Feature", "properties": { "source_type": "water", "osm_type": "way", "osm_id": 981084389, "name": null, "man_made": null, "tower_type": null, "mobile_phone": null, "operator": null, "waterway": "stream", "natural": null, "lat": 12.4423008, "lon": 107.1607279 }, "geometry": { "type": "Point", "coordinates": [ 107.1607279, 12.4423008 ] } },
{ "type": "Feature", "properties": { "source_type": "water", "osm_type": "way", "osm_id": 981084390, "name": null, "man_made": null, "tower_type": null, "mobile_phone": null, "operator": null, "waterway": "stream", "natural": null, "lat": 12.4486451, "lon": 107.1810708 }, "geometry": { "type": "Point", "coordinates": [ 107.1810708, 12.4486451 ] } },
{ "type": "Feature", "properties": { "source_type": "water", "osm_type": "way", "osm_id": 981084391, "name": null, "man_made": null, "tower_type": null, "mobile_phone": null, "operator": null, "waterway": "stream", "natural": null, "lat": 12.4486788, "lon": 107.176951 }, "geometry": { "type": "Point", "coordinates": [ 107.176951, 12.4486788 ] } },
{ "type": "Feature", "properties": { "source_type": "water", "osm_type": "way", "osm_id": 981084393, "name": null, "man_made": null, "tower_type": null, "mobile_phone": null, "operator": null, "waterway": null, "natural": "water", "lat": 12.4446466, "lon": 107.161458 }, "geometry": { "type": "Point", "coordinates": [ 107.161458, 12.4446466 ] } },
{ "type": "Feature", "properties": { "source_type": "water", "osm_type": "way", "osm_id": 981084401, "name": null, "man_made": null, "tower_type": null, "mobile_phone": null, "operator": null, "waterway": "stream", "natural": null, "lat": 12.4828341, "lon": 107.3560863 }, "geometry": { "type": "Point", "coordinates": [ 107.3560863, 12.4828341 ] } },
{ "type": "Feature", "properties": { "source_type": "water", "osm_type": "way", "osm_id": 981084402, "name": null, "man_made": null, "tower_type": null, "mobile_phone": null, "operator": null, "waterway": "stream", "natural": null, "lat": 12.5011682, "lon": 107.3374979 }, "geometry": { "type": "Point", "coordinates": [ 107.3374979, 12.5011682 ] } },
{ "type": "Feature", "properties": { "source_type": "water", "osm_type": "way", "osm_id": 981084403, "name": null, "man_made": null, "tower_type": null, "mobile_phone": null, "operator": null, "waterway": "stream", "natural": null, "lat": 12.4675409, "lon": 107.2952939 }, "geometry": { "type": "Point", "coordinates": [ 107.2952939, 12.4675409 ] } },
{ "type": "Feature", "properties": { "source_type": "water", "osm_type": "way", "osm_id": 981084404, "name": null, "man_made": null, "tower_type": null, "mobile_phone": null, "operator": null, "waterway": "stream", "natural": null, "lat": 12.4760046, "lon": 107.3010282 }, "geometry": { "type": "Point", "coordinates": [ 107.3010282, 12.4760046 ] } },
{ "type": "Feature", "properties": { "source_type": "water", "osm_type": "way", "osm_id": 981084409, "name": null, "man_made": null, "tower_type": null, "mobile_phone": null, "operator": null, "waterway": null, "natural": "water", "lat": 12.4551094, "lon": 107.2100148 }, "geometry": { "type": "Point", "coordinates": [ 107.2100148, 12.4551094 ] } },
{ "type": "Feature", "properties": { "source_type": "water", "osm_type": "way", "osm_id": 981084410, "name": null, "man_made": null, "tower_type": null, "mobile_phone": null, "operator": null, "waterway": "stream", "natural": null, "lat": 12.4513345, "lon": 107.2061284 }, "geometry": { "type": "Point", "coordinates": [ 107.2061284, 12.4513345 ] } },
{ "type": "Feature", "properties": { "source_type": "water", "osm_type": "way", "osm_id": 981084411, "name": null, "man_made": null, "tower_type": null, "mobile_phone": null, "operator": null, "waterway": null, "natural": "water", "lat": 12.448775, "lon": 107.2103231 }, "geometry": { "type": "Point", "coordinates": [ 107.2103231, 12.448775 ] } },
{ "type": "Feature", "properties": { "source_type": "water", "osm_type": "way", "osm_id": 981084412, "name": null, "man_made": null, "tower_type": null, "mobile_phone": null, "operator": null, "waterway": "stream", "natural": null, "lat": 12.4497244, "lon": 107.2078987 }, "geometry": { "type": "Point", "coordinates": [ 107.2078987, 12.4497244 ] } },
{ "type": "Feature", "properties": { "source_type": "water", "osm_type": "way", "osm_id": 981084413, "name": null, "man_made": null, "tower_type": null, "mobile_phone": null, "operator": null, "waterway": "stream", "natural": null, "lat": 12.4497874, "lon": 107.2077445 }, "geometry": { "type": "Point", "coordinates": [ 107.2077445, 12.4497874 ] } },
{ "type": "Feature", "properties": { "source_type": "water", "osm_type": "way", "osm_id": 981084416, "name": null, "man_made": null, "tower_type": null, "mobile_phone": null, "operator": null, "waterway": "stream", "natural": null, "lat": 12.4510053, "lon": 107.2202907 }, "geometry": { "type": "Point", "coordinates": [ 107.2202907, 12.4510053 ] } },
{ "type": "Feature", "properties": { "source_type": "water", "osm_type": "way", "osm_id": 981084417, "name": null, "man_made": null, "tower_type": null, "mobile_phone": null, "operator": null, "waterway": "stream", "natural": null, "lat": 12.4421484, "lon": 107.2318108 }, "geometry": { "type": "Point", "coordinates": [ 107.2318108, 12.4421484 ] } },
{ "type": "Feature", "properties": { "source_type": "water", "osm_type": "way", "osm_id": 981084418, "name": null, "man_made": null, "tower_type": null, "mobile_phone": null, "operator": null, "waterway": "stream", "natural": null, "lat": 12.446955, "lon": 107.218809 }, "geometry": { "type": "Point", "coordinates": [ 107.218809, 12.446955 ] } },
{ "type": "Feature", "properties": { "source_type": "water", "osm_type": "way", "osm_id": 981084419, "name": null, "man_made": null, "tower_type": null, "mobile_phone": null, "operator": null, "waterway": "stream", "natural": null, "lat": 12.4455851, "lon": 107.2203416 }, "geometry": { "type": "Point", "coordinates": [ 107.2203416, 12.4455851 ] } },
{ "type": "Feature", "properties": { "source_type": "water", "osm_type": "way", "osm_id": 981084424, "name": null, "man_made": null, "tower_type": null, "mobile_phone": null, "operator": null, "waterway": "stream", "natural": null, "lat": 12.4267142, "lon": 107.3318853 }, "geometry": { "type": "Point", "coordinates": [ 107.3318853, 12.4267142 ] } },
{ "type": "Feature", "properties": { "source_type": "water", "osm_type": "way", "osm_id": 981084425, "name": null, "man_made": null, "tower_type": null, "mobile_phone": null, "operator": null, "waterway": "stream", "natural": null, "lat": 12.4244149, "lon": 107.3315125 }, "geometry": { "type": "Point", "coordinates": [ 107.3315125, 12.4244149 ] } },
{ "type": "Feature", "properties": { "source_type": "water", "osm_type": "way", "osm_id": 981099825, "name": null, "man_made": null, "tower_type": null, "mobile_phone": null, "operator": null, "waterway": "stream", "natural": null, "lat": 12.3050612, "lon": 105.7322264 }, "geometry": { "type": "Point", "coordinates": [ 105.7322264, 12.3050612 ] } },
{ "type": "Feature", "properties": { "source_type": "water", "osm_type": "way", "osm_id": 981155841, "name": null, "man_made": null, "tower_type": null, "mobile_phone": null, "operator": null, "waterway": "stream", "natural": null, "lat": 12.0324418, "lon": 106.3189899 }, "geometry": { "type": "Point", "coordinates": [ 106.3189899, 12.0324418 ] } },
{ "type": "Feature", "properties": { "source_type": "water", "osm_type": "way", "osm_id": 981481611, "name": null, "man_made": null, "tower_type": null, "mobile_phone": null, "operator": null, "waterway": "stream", "natural": null, "lat": 12.042396, "lon": 106.3475101 }, "geometry": { "type": "Point", "coordinates": [ 106.3475101, 12.042396 ] } },
{ "type": "Feature", "properties": { "source_type": "water", "osm_type": "way", "osm_id": 981481612, "name": null, "man_made": null, "tower_type": null, "mobile_phone": null, "operator": null, "waterway": "stream", "natural": null, "lat": 12.041686, "lon": 106.3414095 }, "geometry": { "type": "Point", "coordinates": [ 106.3414095, 12.041686 ] } },
{ "type": "Feature", "properties": { "source_type": "water", "osm_type": "way", "osm_id": 981481613, "name": "ព្រែកឆ្លូង", "man_made": null, "tower_type": null, "mobile_phone": null, "operator": null, "waterway": "river", "natural": null, "lat": 12.079622, "lon": 106.2602576 }, "geometry": { "type": "Point", "coordinates": [ 106.2602576, 12.079622 ] } },
{ "type": "Feature", "properties": { "source_type": "water", "osm_type": "way", "osm_id": 981481614, "name": null, "man_made": null, "tower_type": null, "mobile_phone": null, "operator": null, "waterway": "stream", "natural": null, "lat": 12.0316671, "lon": 106.3457617 }, "geometry": { "type": "Point", "coordinates": [ 106.3457617, 12.0316671 ] } },
{ "type": "Feature", "properties": { "source_type": "water", "osm_type": "way", "osm_id": 981481615, "name": null, "man_made": null, "tower_type": null, "mobile_phone": null, "operator": null, "waterway": "stream", "natural": null, "lat": 12.0277682, "lon": 106.3408162 }, "geometry": { "type": "Point", "coordinates": [ 106.3408162, 12.0277682 ] } },
{ "type": "Feature", "properties": { "source_type": "water", "osm_type": "way", "osm_id": 981481616, "name": null, "man_made": null, "tower_type": null, "mobile_phone": null, "operator": null, "waterway": "stream", "natural": null, "lat": 12.0205703, "lon": 106.3596399 }, "geometry": { "type": "Point", "coordinates": [ 106.3596399, 12.0205703 ] } },
{ "type": "Feature", "properties": { "source_type": "water", "osm_type": "way", "osm_id": 981481617, "name": null, "man_made": null, "tower_type": null, "mobile_phone": null, "operator": null, "waterway": "stream", "natural": null, "lat": 12.0226929, "lon": 106.3391297 }, "geometry": { "type": "Point", "coordinates": [ 106.3391297, 12.0226929 ] } },
{ "type": "Feature", "properties": { "source_type": "water", "osm_type": "way", "osm_id": 981481618, "name": null, "man_made": null, "tower_type": null, "mobile_phone": null, "operator": null, "waterway": "stream", "natural": null, "lat": 12.0221268, "lon": 106.3410024 }, "geometry": { "type": "Point", "coordinates": [ 106.3410024, 12.0221268 ] } },
{ "type": "Feature", "properties": { "source_type": "water", "osm_type": "way", "osm_id": 981481619, "name": null, "man_made": null, "tower_type": null, "mobile_phone": null, "operator": null, "waterway": "stream", "natural": null, "lat": 12.0232998, "lon": 106.3467769 }, "geometry": { "type": "Point", "coordinates": [ 106.3467769, 12.0232998 ] } },
{ "type": "Feature", "properties": { "source_type": "water", "osm_type": "way", "osm_id": 981481620, "name": null, "man_made": null, "tower_type": null, "mobile_phone": null, "operator": null, "waterway": "stream", "natural": null, "lat": 12.0249471, "lon": 106.3496721 }, "geometry": { "type": "Point", "coordinates": [ 106.3496721, 12.0249471 ] } },
{ "type": "Feature", "properties": { "source_type": "water", "osm_type": "way", "osm_id": 981481621, "name": null, "man_made": null, "tower_type": null, "mobile_phone": null, "operator": null, "waterway": "stream", "natural": null, "lat": 12.0249055, "lon": 106.3480309 }, "geometry": { "type": "Point", "coordinates": [ 106.3480309, 12.0249055 ] } },
{ "type": "Feature", "properties": { "source_type": "water", "osm_type": "way", "osm_id": 981481622, "name": null, "man_made": null, "tower_type": null, "mobile_phone": null, "operator": null, "waterway": "stream", "natural": null, "lat": 12.0245473, "lon": 106.3734637 }, "geometry": { "type": "Point", "coordinates": [ 106.3734637, 12.0245473 ] } },
{ "type": "Feature", "properties": { "source_type": "water", "osm_type": "way", "osm_id": 981481623, "name": null, "man_made": null, "tower_type": null, "mobile_phone": null, "operator": null, "waterway": "stream", "natural": null, "lat": 12.0222813, "lon": 106.3820958 }, "geometry": { "type": "Point", "coordinates": [ 106.3820958, 12.0222813 ] } },
{ "type": "Feature", "properties": { "source_type": "water", "osm_type": "way", "osm_id": 981537250, "name": null, "man_made": null, "tower_type": null, "mobile_phone": null, "operator": null, "waterway": "stream", "natural": null, "lat": 12.0294418, "lon": 106.2495344 }, "geometry": { "type": "Point", "coordinates": [ 106.2495344, 12.0294418 ] } },
{ "type": "Feature", "properties": { "source_type": "water", "osm_type": "way", "osm_id": 981537251, "name": null, "man_made": null, "tower_type": null, "mobile_phone": null, "operator": null, "waterway": "stream", "natural": null, "lat": 12.0460144, "lon": 106.2753149 }, "geometry": { "type": "Point", "coordinates": [ 106.2753149, 12.0460144 ] } },
{ "type": "Feature", "properties": { "source_type": "water", "osm_type": "way", "osm_id": 982366608, "name": null, "man_made": null, "tower_type": null, "mobile_phone": null, "operator": null, "waterway": "canal", "natural": null, "lat": 12.0094462, "lon": 106.3814527 }, "geometry": { "type": "Point", "coordinates": [ 106.3814527, 12.0094462 ] } },
{ "type": "Feature", "properties": { "source_type": "water", "osm_type": "way", "osm_id": 982366609, "name": null, "man_made": null, "tower_type": null, "mobile_phone": null, "operator": null, "waterway": "canal", "natural": null, "lat": 12.0094336, "lon": 106.3813867 }, "geometry": { "type": "Point", "coordinates": [ 106.3813867, 12.0094336 ] } },
{ "type": "Feature", "properties": { "source_type": "water", "osm_type": "way", "osm_id": 982366610, "name": null, "man_made": null, "tower_type": null, "mobile_phone": null, "operator": null, "waterway": "canal", "natural": null, "lat": 11.998711, "lon": 106.3857856 }, "geometry": { "type": "Point", "coordinates": [ 106.3857856, 11.998711 ] } },
{ "type": "Feature", "properties": { "source_type": "water", "osm_type": "way", "osm_id": 982366611, "name": null, "man_made": null, "tower_type": null, "mobile_phone": null, "operator": null, "waterway": "canal", "natural": null, "lat": 11.9990605, "lon": 106.3848435 }, "geometry": { "type": "Point", "coordinates": [ 106.3848435, 11.9990605 ] } },
{ "type": "Feature", "properties": { "source_type": "water", "osm_type": "way", "osm_id": 982366612, "name": null, "man_made": null, "tower_type": null, "mobile_phone": null, "operator": null, "waterway": "canal", "natural": null, "lat": 12.0035617, "lon": 106.3862477 }, "geometry": { "type": "Point", "coordinates": [ 106.3862477, 12.0035617 ] } },
{ "type": "Feature", "properties": { "source_type": "water", "osm_type": "way", "osm_id": 982366613, "name": null, "man_made": null, "tower_type": null, "mobile_phone": null, "operator": null, "waterway": "canal", "natural": null, "lat": 12.0035779, "lon": 106.3862012 }, "geometry": { "type": "Point", "coordinates": [ 106.3862012, 12.0035779 ] } },
{ "type": "Feature", "properties": { "source_type": "water", "osm_type": "way", "osm_id": 982366614, "name": null, "man_made": null, "tower_type": null, "mobile_phone": null, "operator": null, "waterway": "canal", "natural": null, "lat": 12.0091556, "lon": 106.3815243 }, "geometry": { "type": "Point", "coordinates": [ 106.3815243, 12.0091556 ] } },
{ "type": "Feature", "properties": { "source_type": "water", "osm_type": "way", "osm_id": 982366615, "name": null, "man_made": null, "tower_type": null, "mobile_phone": null, "operator": null, "waterway": "canal", "natural": null, "lat": 12.0091661, "lon": 106.3815738 }, "geometry": { "type": "Point", "coordinates": [ 106.3815738, 12.0091661 ] } },
{ "type": "Feature", "properties": { "source_type": "water", "osm_type": "way", "osm_id": 982366619, "name": null, "man_made": null, "tower_type": null, "mobile_phone": null, "operator": null, "waterway": "stream", "natural": null, "lat": 12.0901397, "lon": 106.3408525 }, "geometry": { "type": "Point", "coordinates": [ 106.3408525, 12.0901397 ] } },
{ "type": "Feature", "properties": { "source_type": "water", "osm_type": "way", "osm_id": 982366622, "name": null, "man_made": null, "tower_type": null, "mobile_phone": null, "operator": null, "waterway": "stream", "natural": null, "lat": 12.1053395, "lon": 106.3364328 }, "geometry": { "type": "Point", "coordinates": [ 106.3364328, 12.1053395 ] } },
{ "type": "Feature", "properties": { "source_type": "water", "osm_type": "way", "osm_id": 982366630, "name": null, "man_made": null, "tower_type": null, "mobile_phone": null, "operator": null, "waterway": null, "natural": "water", "lat": 12.0879089, "lon": 106.273443 }, "geometry": { "type": "Point", "coordinates": [ 106.273443, 12.0879089 ] } },
{ "type": "Feature", "properties": { "source_type": "water", "osm_type": "way", "osm_id": 982366632, "name": null, "man_made": null, "tower_type": null, "mobile_phone": null, "operator": null, "waterway": "stream", "natural": null, "lat": 12.0763532, "lon": 106.2943744 }, "geometry": { "type": "Point", "coordinates": [ 106.2943744, 12.0763532 ] } },
{ "type": "Feature", "properties": { "source_type": "water", "osm_type": "way", "osm_id": 982366633, "name": null, "man_made": null, "tower_type": null, "mobile_phone": null, "operator": null, "waterway": "stream", "natural": null, "lat": 12.0560323, "lon": 106.2913214 }, "geometry": { "type": "Point", "coordinates": [ 106.2913214, 12.0560323 ] } },
{ "type": "Feature", "properties": { "source_type": "water", "osm_type": "way", "osm_id": 982366634, "name": null, "man_made": null, "tower_type": null, "mobile_phone": null, "operator": null, "waterway": "stream", "natural": null, "lat": 12.0560422, "lon": 106.291554 }, "geometry": { "type": "Point", "coordinates": [ 106.291554, 12.0560422 ] } },
{ "type": "Feature", "properties": { "source_type": "water", "osm_type": "way", "osm_id": 982366635, "name": null, "man_made": null, "tower_type": null, "mobile_phone": null, "operator": null, "waterway": "stream", "natural": null, "lat": 12.0563248, "lon": 106.2917458 }, "geometry": { "type": "Point", "coordinates": [ 106.2917458, 12.0563248 ] } },
{ "type": "Feature", "properties": { "source_type": "water", "osm_type": "way", "osm_id": 982366636, "name": null, "man_made": null, "tower_type": null, "mobile_phone": null, "operator": null, "waterway": "stream", "natural": null, "lat": 12.0566824, "lon": 106.2917571 }, "geometry": { "type": "Point", "coordinates": [ 106.2917571, 12.0566824 ] } },
{ "type": "Feature", "properties": { "source_type": "water", "osm_type": "way", "osm_id": 982366637, "name": null, "man_made": null, "tower_type": null, "mobile_phone": null, "operator": null, "waterway": "stream", "natural": null, "lat": 12.0798765, "lon": 106.2885513 }, "geometry": { "type": "Point", "coordinates": [ 106.2885513, 12.0798765 ] } },
{ "type": "Feature", "properties": { "source_type": "water", "osm_type": "way", "osm_id": 982366641, "name": null, "man_made": null, "tower_type": null, "mobile_phone": null, "operator": null, "waterway": "canal", "natural": null, "lat": 11.9973382, "lon": 106.3834143 }, "geometry": { "type": "Point", "coordinates": [ 106.3834143, 11.9973382 ] } },
{ "type": "Feature", "properties": { "source_type": "water", "osm_type": "way", "osm_id": 982366642, "name": null, "man_made": null, "tower_type": null, "mobile_phone": null, "operator": null, "waterway": "canal", "natural": null, "lat": 11.9971144, "lon": 106.3842772 }, "geometry": { "type": "Point", "coordinates": [ 106.3842772, 11.9971144 ] } },
{ "type": "Feature", "properties": { "source_type": "water", "osm_type": "way", "osm_id": 982366643, "name": null, "man_made": null, "tower_type": null, "mobile_phone": null, "operator": null, "waterway": "stream", "natural": null, "lat": 12.099849, "lon": 106.3341527 }, "geometry": { "type": "Point", "coordinates": [ 106.3341527, 12.099849 ] } },
{ "type": "Feature", "properties": { "source_type": "water", "osm_type": "way", "osm_id": 982366644, "name": null, "man_made": null, "tower_type": null, "mobile_phone": null, "operator": null, "waterway": "stream", "natural": null, "lat": 12.100856, "lon": 106.3342014 }, "geometry": { "type": "Point", "coordinates": [ 106.3342014, 12.100856 ] } },
{ "type": "Feature", "properties": { "source_type": "water", "osm_type": "way", "osm_id": 982370053, "name": null, "man_made": null, "tower_type": null, "mobile_phone": null, "operator": null, "waterway": "stream", "natural": null, "lat": 12.0450187, "lon": 106.2827661 }, "geometry": { "type": "Point", "coordinates": [ 106.2827661, 12.0450187 ] } },
{ "type": "Feature", "properties": { "source_type": "water", "osm_type": "way", "osm_id": 982370054, "name": null, "man_made": null, "tower_type": null, "mobile_phone": null, "operator": null, "waterway": "stream", "natural": null, "lat": 12.0522011, "lon": 106.2693285 }, "geometry": { "type": "Point", "coordinates": [ 106.2693285, 12.0522011 ] } },
{ "type": "Feature", "properties": { "source_type": "water", "osm_type": "way", "osm_id": 982370058, "name": null, "man_made": null, "tower_type": null, "mobile_phone": null, "operator": null, "waterway": null, "natural": "water", "lat": 12.2854403, "lon": 106.1589501 }, "geometry": { "type": "Point", "coordinates": [ 106.1589501, 12.2854403 ] } },
{ "type": "Feature", "properties": { "source_type": "water", "osm_type": "way", "osm_id": 982370061, "name": null, "man_made": null, "tower_type": null, "mobile_phone": null, "operator": null, "waterway": "stream", "natural": null, "lat": 12.2169703, "lon": 106.1002958 }, "geometry": { "type": "Point", "coordinates": [ 106.1002958, 12.2169703 ] } },
{ "type": "Feature", "properties": { "source_type": "water", "osm_type": "way", "osm_id": 982370066, "name": "ព្រែកឆ្លូង", "man_made": null, "tower_type": null, "mobile_phone": null, "operator": null, "waterway": "river", "natural": null, "lat": 12.2225783, "lon": 106.3907389 }, "geometry": { "type": "Point", "coordinates": [ 106.3907389, 12.2225783 ] } },
{ "type": "Feature", "properties": { "source_type": "water", "osm_type": "way", "osm_id": 982370069, "name": "ស្ទឹងជ្រៃមាំង", "man_made": null, "tower_type": null, "mobile_phone": null, "operator": null, "waterway": "river", "natural": null, "lat": 12.156461, "lon": 106.4773086 }, "geometry": { "type": "Point", "coordinates": [ 106.4773086, 12.156461 ] } },
{ "type": "Feature", "properties": { "source_type": "water", "osm_type": "way", "osm_id": 982372228, "name": null, "man_made": null, "tower_type": null, "mobile_phone": null, "operator": null, "waterway": null, "natural": "water", "lat": 11.7971459, "lon": 105.7480909 }, "geometry": { "type": "Point", "coordinates": [ 105.7480909, 11.7971459 ] } },
{ "type": "Feature", "properties": { "source_type": "water", "osm_type": "way", "osm_id": 982372230, "name": null, "man_made": null, "tower_type": null, "mobile_phone": null, "operator": null, "waterway": null, "natural": "water", "lat": 11.7946372, "lon": 105.7527377 }, "geometry": { "type": "Point", "coordinates": [ 105.7527377, 11.7946372 ] } },
{ "type": "Feature", "properties": { "source_type": "water", "osm_type": "way", "osm_id": 982372232, "name": null, "man_made": null, "tower_type": null, "mobile_phone": null, "operator": null, "waterway": "canal", "natural": null, "lat": 11.7882885, "lon": 105.756033 }, "geometry": { "type": "Point", "coordinates": [ 105.756033, 11.7882885 ] } },
{ "type": "Feature", "properties": { "source_type": "water", "osm_type": "way", "osm_id": 982372233, "name": null, "man_made": null, "tower_type": null, "mobile_phone": null, "operator": null, "waterway": "canal", "natural": null, "lat": 11.7880358, "lon": 105.758737 }, "geometry": { "type": "Point", "coordinates": [ 105.758737, 11.7880358 ] } },
{ "type": "Feature", "properties": { "source_type": "water", "osm_type": "way", "osm_id": 996531197, "name": null, "man_made": null, "tower_type": null, "mobile_phone": null, "operator": null, "waterway": "stream", "natural": null, "lat": 12.4682397, "lon": 106.0383936 }, "geometry": { "type": "Point", "coordinates": [ 106.0383936, 12.4682397 ] } },
{ "type": "Feature", "properties": { "source_type": "water", "osm_type": "way", "osm_id": 996531198, "name": null, "man_made": null, "tower_type": null, "mobile_phone": null, "operator": null, "waterway": "stream", "natural": null, "lat": 12.4528144, "lon": 106.0461519 }, "geometry": { "type": "Point", "coordinates": [ 106.0461519, 12.4528144 ] } },
{ "type": "Feature", "properties": { "source_type": "water", "osm_type": "way", "osm_id": 996531199, "name": null, "man_made": null, "tower_type": null, "mobile_phone": null, "operator": null, "waterway": "stream", "natural": null, "lat": 12.4689872, "lon": 106.0385391 }, "geometry": { "type": "Point", "coordinates": [ 106.0385391, 12.4689872 ] } },
{ "type": "Feature", "properties": { "source_type": "water", "osm_type": "way", "osm_id": 996531200, "name": null, "man_made": null, "tower_type": null, "mobile_phone": null, "operator": null, "waterway": "stream", "natural": null, "lat": 12.4680226, "lon": 106.0378843 }, "geometry": { "type": "Point", "coordinates": [ 106.0378843, 12.4680226 ] } },
{ "type": "Feature", "properties": { "source_type": "water", "osm_type": "way", "osm_id": 996531203, "name": null, "man_made": null, "tower_type": null, "mobile_phone": null, "operator": null, "waterway": "canal", "natural": null, "lat": 12.4609374, "lon": 106.0473778 }, "geometry": { "type": "Point", "coordinates": [ 106.0473778, 12.4609374 ] } },
{ "type": "Feature", "properties": { "source_type": "water", "osm_type": "way", "osm_id": 996531209, "name": null, "man_made": null, "tower_type": null, "mobile_phone": null, "operator": null, "waterway": "canal", "natural": null, "lat": 12.3726139, "lon": 106.0621588 }, "geometry": { "type": "Point", "coordinates": [ 106.0621588, 12.3726139 ] } },
{ "type": "Feature", "properties": { "source_type": "water", "osm_type": "way", "osm_id": 996531210, "name": null, "man_made": null, "tower_type": null, "mobile_phone": null, "operator": null, "waterway": "canal", "natural": null, "lat": 12.3777731, "lon": 106.0620272 }, "geometry": { "type": "Point", "coordinates": [ 106.0620272, 12.3777731 ] } },
{ "type": "Feature", "properties": { "source_type": "water", "osm_type": "way", "osm_id": 996531211, "name": null, "man_made": null, "tower_type": null, "mobile_phone": null, "operator": null, "waterway": "canal", "natural": null, "lat": 12.3778539, "lon": 106.0619863 }, "geometry": { "type": "Point", "coordinates": [ 106.0619863, 12.3778539 ] } },
{ "type": "Feature", "properties": { "source_type": "water", "osm_type": "way", "osm_id": 996531212, "name": null, "man_made": null, "tower_type": null, "mobile_phone": null, "operator": null, "waterway": null, "natural": "water", "lat": 12.4259319, "lon": 106.0494367 }, "geometry": { "type": "Point", "coordinates": [ 106.0494367, 12.4259319 ] } },
{ "type": "Feature", "properties": { "source_type": "water", "osm_type": "way", "osm_id": 998298439, "name": null, "man_made": null, "tower_type": null, "mobile_phone": null, "operator": null, "waterway": null, "natural": "water", "lat": 12.4844952, "lon": 106.0022462 }, "geometry": { "type": "Point", "coordinates": [ 106.0022462, 12.4844952 ] } },
{ "type": "Feature", "properties": { "source_type": "water", "osm_type": "way", "osm_id": 998298440, "name": null, "man_made": null, "tower_type": null, "mobile_phone": null, "operator": null, "waterway": null, "natural": "water", "lat": 12.484021, "lon": 106.0003736 }, "geometry": { "type": "Point", "coordinates": [ 106.0003736, 12.484021 ] } },
{ "type": "Feature", "properties": { "source_type": "water", "osm_type": "way", "osm_id": 1001943897, "name": "Suối Đắk Ki Na", "man_made": null, "tower_type": null, "mobile_phone": null, "operator": null, "waterway": "stream", "natural": null, "lat": 12.8877276, "lon": 107.7041447 }, "geometry": { "type": "Point", "coordinates": [ 107.7041447, 12.8877276 ] } },
{ "type": "Feature", "properties": { "source_type": "water", "osm_type": "way", "osm_id": 1013506091, "name": null, "man_made": null, "tower_type": null, "mobile_phone": null, "operator": null, "waterway": "stream", "natural": null, "lat": 12.1404923, "lon": 106.9341594 }, "geometry": { "type": "Point", "coordinates": [ 106.9341594, 12.1404923 ] } },
{ "type": "Feature", "properties": { "source_type": "water", "osm_type": "way", "osm_id": 1015698008, "name": null, "man_made": null, "tower_type": null, "mobile_phone": null, "operator": null, "waterway": null, "natural": "water", "lat": 11.8364918, "lon": 107.1943654 }, "geometry": { "type": "Point", "coordinates": [ 107.1943654, 11.8364918 ] } },
{ "type": "Feature", "properties": { "source_type": "water", "osm_type": "way", "osm_id": 1015811042, "name": null, "man_made": null, "tower_type": null, "mobile_phone": null, "operator": null, "waterway": "canal", "natural": null, "lat": 13.5262369, "lon": 105.9505189 }, "geometry": { "type": "Point", "coordinates": [ 105.9505189, 13.5262369 ] } },
{ "type": "Feature", "properties": { "source_type": "water", "osm_type": "way", "osm_id": 1015811043, "name": null, "man_made": null, "tower_type": null, "mobile_phone": null, "operator": null, "waterway": null, "natural": "water", "lat": 13.5267901, "lon": 105.9486222 }, "geometry": { "type": "Point", "coordinates": [ 105.9486222, 13.5267901 ] } },
{ "type": "Feature", "properties": { "source_type": "water", "osm_type": "way", "osm_id": 1015811044, "name": null, "man_made": null, "tower_type": null, "mobile_phone": null, "operator": null, "waterway": null, "natural": "water", "lat": 13.524108, "lon": 105.9528357 }, "geometry": { "type": "Point", "coordinates": [ 105.9528357, 13.524108 ] } },
{ "type": "Feature", "properties": { "source_type": "water", "osm_type": "way", "osm_id": 1015811046, "name": null, "man_made": null, "tower_type": null, "mobile_phone": null, "operator": null, "waterway": "canal", "natural": null, "lat": 13.5265907, "lon": 105.9491004 }, "geometry": { "type": "Point", "coordinates": [ 105.9491004, 13.5265907 ] } },
{ "type": "Feature", "properties": { "source_type": "water", "osm_type": "way", "osm_id": 1015811047, "name": null, "man_made": null, "tower_type": null, "mobile_phone": null, "operator": null, "waterway": "canal", "natural": null, "lat": 13.5266672, "lon": 105.9490227 }, "geometry": { "type": "Point", "coordinates": [ 105.9490227, 13.5266672 ] } },
{ "type": "Feature", "properties": { "source_type": "water", "osm_type": "way", "osm_id": 1015820813, "name": null, "man_made": null, "tower_type": null, "mobile_phone": null, "operator": null, "waterway": "stream", "natural": null, "lat": 13.1044455, "lon": 107.1951333 }, "geometry": { "type": "Point", "coordinates": [ 107.1951333, 13.1044455 ] } },
{ "type": "Feature", "properties": { "source_type": "water", "osm_type": "way", "osm_id": 1015820814, "name": null, "man_made": null, "tower_type": null, "mobile_phone": null, "operator": null, "waterway": "stream", "natural": null, "lat": 12.9457501, "lon": 107.1518089 }, "geometry": { "type": "Point", "coordinates": [ 107.1518089, 12.9457501 ] } },
{ "type": "Feature", "properties": { "source_type": "water", "osm_type": "way", "osm_id": 1015820817, "name": null, "man_made": null, "tower_type": null, "mobile_phone": null, "operator": null, "waterway": "stream", "natural": null, "lat": 12.9339653, "lon": 107.1340561 }, "geometry": { "type": "Point", "coordinates": [ 107.1340561, 12.9339653 ] } },
{ "type": "Feature", "properties": { "source_type": "water", "osm_type": "way", "osm_id": 1015820818, "name": null, "man_made": null, "tower_type": null, "mobile_phone": null, "operator": null, "waterway": "stream", "natural": null, "lat": 13.041203, "lon": 107.1207952 }, "geometry": { "type": "Point", "coordinates": [ 107.1207952, 13.041203 ] } },
{ "type": "Feature", "properties": { "source_type": "water", "osm_type": "way", "osm_id": 1015820819, "name": null, "man_made": null, "tower_type": null, "mobile_phone": null, "operator": null, "waterway": "stream", "natural": null, "lat": 13.0161144, "lon": 107.1053371 }, "geometry": { "type": "Point", "coordinates": [ 107.1053371, 13.0161144 ] } },
{ "type": "Feature", "properties": { "source_type": "water", "osm_type": "way", "osm_id": 1015820820, "name": null, "man_made": null, "tower_type": null, "mobile_phone": null, "operator": null, "waterway": "stream", "natural": null, "lat": 13.0167222, "lon": 107.1054087 }, "geometry": { "type": "Point", "coordinates": [ 107.1054087, 13.0167222 ] } },
{ "type": "Feature", "properties": { "source_type": "water", "osm_type": "way", "osm_id": 1015820821, "name": null, "man_made": null, "tower_type": null, "mobile_phone": null, "operator": null, "waterway": "stream", "natural": null, "lat": 13.0331103, "lon": 107.1852959 }, "geometry": { "type": "Point", "coordinates": [ 107.1852959, 13.0331103 ] } },
{ "type": "Feature", "properties": { "source_type": "water", "osm_type": "way", "osm_id": 1015820822, "name": null, "man_made": null, "tower_type": null, "mobile_phone": null, "operator": null, "waterway": "canal", "natural": null, "lat": 13.5695936, "lon": 106.2547069 }, "geometry": { "type": "Point", "coordinates": [ 106.2547069, 13.5695936 ] } },
{ "type": "Feature", "properties": { "source_type": "water", "osm_type": "way", "osm_id": 1015820823, "name": null, "man_made": null, "tower_type": null, "mobile_phone": null, "operator": null, "waterway": "canal", "natural": null, "lat": 13.5807676, "lon": 106.2618735 }, "geometry": { "type": "Point", "coordinates": [ 106.2618735, 13.5807676 ] } },
{ "type": "Feature", "properties": { "source_type": "water", "osm_type": "way", "osm_id": 1015820824, "name": null, "man_made": null, "tower_type": null, "mobile_phone": null, "operator": null, "waterway": "canal", "natural": null, "lat": 13.5793484, "lon": 106.2604481 }, "geometry": { "type": "Point", "coordinates": [ 106.2604481, 13.5793484 ] } },
{ "type": "Feature", "properties": { "source_type": "water", "osm_type": "way", "osm_id": 1016766205, "name": null, "man_made": null, "tower_type": null, "mobile_phone": null, "operator": null, "waterway": "stream", "natural": null, "lat": 13.5296374, "lon": 105.9757292 }, "geometry": { "type": "Point", "coordinates": [ 105.9757292, 13.5296374 ] } },
{ "type": "Feature", "properties": { "source_type": "water", "osm_type": "way", "osm_id": 1016766212, "name": null, "man_made": null, "tower_type": null, "mobile_phone": null, "operator": null, "waterway": "stream", "natural": null, "lat": 13.4991043, "lon": 106.0109711 }, "geometry": { "type": "Point", "coordinates": [ 106.0109711, 13.4991043 ] } },
{ "type": "Feature", "properties": { "source_type": "water", "osm_type": "way", "osm_id": 1016766213, "name": null, "man_made": null, "tower_type": null, "mobile_phone": null, "operator": null, "waterway": "stream", "natural": null, "lat": 13.5034373, "lon": 106.0089967 }, "geometry": { "type": "Point", "coordinates": [ 106.0089967, 13.5034373 ] } },
{ "type": "Feature", "properties": { "source_type": "water", "osm_type": "way", "osm_id": 1016766214, "name": null, "man_made": null, "tower_type": null, "mobile_phone": null, "operator": null, "waterway": "stream", "natural": null, "lat": 13.5014344, "lon": 106.0061572 }, "geometry": { "type": "Point", "coordinates": [ 106.0061572, 13.5014344 ] } },
{ "type": "Feature", "properties": { "source_type": "water", "osm_type": "way", "osm_id": 1016766215, "name": null, "man_made": null, "tower_type": null, "mobile_phone": null, "operator": null, "waterway": "stream", "natural": null, "lat": 13.5279689, "lon": 105.9745089 }, "geometry": { "type": "Point", "coordinates": [ 105.9745089, 13.5279689 ] } },
{ "type": "Feature", "properties": { "source_type": "water", "osm_type": "way", "osm_id": 1016766216, "name": null, "man_made": null, "tower_type": null, "mobile_phone": null, "operator": null, "waterway": "stream", "natural": null, "lat": 13.5281156, "lon": 105.9745786 }, "geometry": { "type": "Point", "coordinates": [ 105.9745786, 13.5281156 ] } },
{ "type": "Feature", "properties": { "source_type": "water", "osm_type": "way", "osm_id": 1016781616, "name": null, "man_made": null, "tower_type": null, "mobile_phone": null, "operator": null, "waterway": "stream", "natural": null, "lat": 13.4222341, "lon": 106.0010625 }, "geometry": { "type": "Point", "coordinates": [ 106.0010625, 13.4222341 ] } },
{ "type": "Feature", "properties": { "source_type": "water", "osm_type": "way", "osm_id": 1026579709, "name": null, "man_made": null, "tower_type": null, "mobile_phone": null, "operator": null, "waterway": null, "natural": "water", "lat": 13.546394, "lon": 105.9852099 }, "geometry": { "type": "Point", "coordinates": [ 105.9852099, 13.546394 ] } },
{ "type": "Feature", "properties": { "source_type": "water", "osm_type": "way", "osm_id": 1026581378, "name": null, "man_made": null, "tower_type": null, "mobile_phone": null, "operator": null, "waterway": null, "natural": "water", "lat": 13.5505428, "lon": 105.9864642 }, "geometry": { "type": "Point", "coordinates": [ 105.9864642, 13.5505428 ] } },
{ "type": "Feature", "properties": { "source_type": "water", "osm_type": "way", "osm_id": 1026581379, "name": null, "man_made": null, "tower_type": null, "mobile_phone": null, "operator": null, "waterway": null, "natural": "water", "lat": 13.5510767, "lon": 105.986075 }, "geometry": { "type": "Point", "coordinates": [ 105.986075, 13.5510767 ] } },
{ "type": "Feature", "properties": { "source_type": "water", "osm_type": "way", "osm_id": 1026581380, "name": null, "man_made": null, "tower_type": null, "mobile_phone": null, "operator": null, "waterway": null, "natural": "water", "lat": 13.5457967, "lon": 105.985628 }, "geometry": { "type": "Point", "coordinates": [ 105.985628, 13.5457967 ] } },
{ "type": "Feature", "properties": { "source_type": "water", "osm_type": "way", "osm_id": 1026587008, "name": null, "man_made": null, "tower_type": null, "mobile_phone": null, "operator": null, "waterway": null, "natural": "water", "lat": 13.5496383, "lon": 105.9880818 }, "geometry": { "type": "Point", "coordinates": [ 105.9880818, 13.5496383 ] } },
{ "type": "Feature", "properties": { "source_type": "water", "osm_type": "way", "osm_id": 1026589820, "name": null, "man_made": null, "tower_type": null, "mobile_phone": null, "operator": null, "waterway": null, "natural": "water", "lat": 13.5499144, "lon": 105.9881826 }, "geometry": { "type": "Point", "coordinates": [ 105.9881826, 13.5499144 ] } },
{ "type": "Feature", "properties": { "source_type": "water", "osm_type": "way", "osm_id": 1026589821, "name": null, "man_made": null, "tower_type": null, "mobile_phone": null, "operator": null, "waterway": null, "natural": "water", "lat": 13.5501658, "lon": 105.9883757 }, "geometry": { "type": "Point", "coordinates": [ 105.9883757, 13.5501658 ] } },
{ "type": "Feature", "properties": { "source_type": "water", "osm_type": "way", "osm_id": 1026592505, "name": null, "man_made": null, "tower_type": null, "mobile_phone": null, "operator": null, "waterway": null, "natural": "water", "lat": 13.5500062, "lon": 105.9894467 }, "geometry": { "type": "Point", "coordinates": [ 105.9894467, 13.5500062 ] } },
{ "type": "Feature", "properties": { "source_type": "water", "osm_type": "way", "osm_id": 1026593702, "name": null, "man_made": null, "tower_type": null, "mobile_phone": null, "operator": null, "waterway": null, "natural": "water", "lat": 13.5502333, "lon": 105.99081 }, "geometry": { "type": "Point", "coordinates": [ 105.99081, 13.5502333 ] } },
{ "type": "Feature", "properties": { "source_type": "water", "osm_type": "way", "osm_id": 1026599199, "name": null, "man_made": null, "tower_type": null, "mobile_phone": null, "operator": null, "waterway": null, "natural": "water", "lat": 13.5487876, "lon": 105.9880193 }, "geometry": { "type": "Point", "coordinates": [ 105.9880193, 13.5487876 ] } },
{ "type": "Feature", "properties": { "source_type": "water", "osm_type": "way", "osm_id": 1026601795, "name": null, "man_made": null, "tower_type": null, "mobile_phone": null, "operator": null, "waterway": null, "natural": "water", "lat": 13.5520299, "lon": 105.9869711 }, "geometry": { "type": "Point", "coordinates": [ 105.9869711, 13.5520299 ] } },
{ "type": "Feature", "properties": { "source_type": "water", "osm_type": "way", "osm_id": 1026605931, "name": null, "man_made": null, "tower_type": null, "mobile_phone": null, "operator": null, "waterway": null, "natural": "water", "lat": 13.5488724, "lon": 105.9929708 }, "geometry": { "type": "Point", "coordinates": [ 105.9929708, 13.5488724 ] } },
{ "type": "Feature", "properties": { "source_type": "water", "osm_type": "way", "osm_id": 1026630515, "name": null, "man_made": null, "tower_type": null, "mobile_phone": null, "operator": null, "waterway": null, "natural": "water", "lat": 13.5541014, "lon": 105.9875203 }, "geometry": { "type": "Point", "coordinates": [ 105.9875203, 13.5541014 ] } },
{ "type": "Feature", "properties": { "source_type": "water", "osm_type": "way", "osm_id": 1026632442, "name": null, "man_made": null, "tower_type": null, "mobile_phone": null, "operator": null, "waterway": null, "natural": "water", "lat": 13.5541663, "lon": 105.9870588 }, "geometry": { "type": "Point", "coordinates": [ 105.9870588, 13.5541663 ] } },
{ "type": "Feature", "properties": { "source_type": "water", "osm_type": "way", "osm_id": 1026633056, "name": null, "man_made": null, "tower_type": null, "mobile_phone": null, "operator": null, "waterway": null, "natural": "water", "lat": 13.5526042, "lon": 105.98224 }, "geometry": { "type": "Point", "coordinates": [ 105.98224, 13.5526042 ] } },
{ "type": "Feature", "properties": { "source_type": "water", "osm_type": "way", "osm_id": 1026633057, "name": null, "man_made": null, "tower_type": null, "mobile_phone": null, "operator": null, "waterway": null, "natural": "water", "lat": 13.5531953, "lon": 105.9829488 }, "geometry": { "type": "Point", "coordinates": [ 105.9829488, 13.5531953 ] } },
{ "type": "Feature", "properties": { "source_type": "water", "osm_type": "way", "osm_id": 1026633058, "name": null, "man_made": null, "tower_type": null, "mobile_phone": null, "operator": null, "waterway": null, "natural": "water", "lat": 13.5532447, "lon": 105.9851984 }, "geometry": { "type": "Point", "coordinates": [ 105.9851984, 13.5532447 ] } },
{ "type": "Feature", "properties": { "source_type": "water", "osm_type": "way", "osm_id": 1026639339, "name": null, "man_made": null, "tower_type": null, "mobile_phone": null, "operator": null, "waterway": null, "natural": "water", "lat": 13.5513016, "lon": 105.9816913 }, "geometry": { "type": "Point", "coordinates": [ 105.9816913, 13.5513016 ] } },
{ "type": "Feature", "properties": { "source_type": "water", "osm_type": "way", "osm_id": 1026639340, "name": null, "man_made": null, "tower_type": null, "mobile_phone": null, "operator": null, "waterway": null, "natural": "water", "lat": 13.551835, "lon": 105.9822518 }, "geometry": { "type": "Point", "coordinates": [ 105.9822518, 13.551835 ] } },
{ "type": "Feature", "properties": { "source_type": "water", "osm_type": "way", "osm_id": 1026645823, "name": null, "man_made": null, "tower_type": null, "mobile_phone": null, "operator": null, "waterway": null, "natural": "water", "lat": 13.5583963, "lon": 105.9950215 }, "geometry": { "type": "Point", "coordinates": [ 105.9950215, 13.5583963 ] } },
{ "type": "Feature", "properties": { "source_type": "water", "osm_type": "way", "osm_id": 1026645824, "name": null, "man_made": null, "tower_type": null, "mobile_phone": null, "operator": null, "waterway": null, "natural": "water", "lat": 13.5488862, "lon": 105.9825032 }, "geometry": { "type": "Point", "coordinates": [ 105.9825032, 13.5488862 ] } },
{ "type": "Feature", "properties": { "source_type": "water", "osm_type": "way", "osm_id": 1026645825, "name": null, "man_made": null, "tower_type": null, "mobile_phone": null, "operator": null, "waterway": null, "natural": "water", "lat": 13.552834, "lon": 105.9820534 }, "geometry": { "type": "Point", "coordinates": [ 105.9820534, 13.552834 ] } },
{ "type": "Feature", "properties": { "source_type": "water", "osm_type": "way", "osm_id": 1026647040, "name": null, "man_made": null, "tower_type": null, "mobile_phone": null, "operator": null, "waterway": null, "natural": "water", "lat": 13.55198, "lon": 105.9909906 }, "geometry": { "type": "Point", "coordinates": [ 105.9909906, 13.55198 ] } },
{ "type": "Feature", "properties": { "source_type": "water", "osm_type": "way", "osm_id": 1026647041, "name": null, "man_made": null, "tower_type": null, "mobile_phone": null, "operator": null, "waterway": null, "natural": "water", "lat": 13.5462853, "lon": 105.9909545 }, "geometry": { "type": "Point", "coordinates": [ 105.9909545, 13.5462853 ] } },
{ "type": "Feature", "properties": { "source_type": "water", "osm_type": "way", "osm_id": 1026647042, "name": null, "man_made": null, "tower_type": null, "mobile_phone": null, "operator": null, "waterway": null, "natural": "water", "lat": 13.5454751, "lon": 105.9903166 }, "geometry": { "type": "Point", "coordinates": [ 105.9903166, 13.5454751 ] } },
{ "type": "Feature", "properties": { "source_type": "water", "osm_type": "way", "osm_id": 1028610525, "name": null, "man_made": null, "tower_type": null, "mobile_phone": null, "operator": null, "waterway": "stream", "natural": null, "lat": 12.496058, "lon": 106.8966709 }, "geometry": { "type": "Point", "coordinates": [ 106.8966709, 12.496058 ] } },
{ "type": "Feature", "properties": { "source_type": "water", "osm_type": "way", "osm_id": 1028610526, "name": null, "man_made": null, "tower_type": null, "mobile_phone": null, "operator": null, "waterway": "stream", "natural": null, "lat": 12.4629503, "lon": 106.8779692 }, "geometry": { "type": "Point", "coordinates": [ 106.8779692, 12.4629503 ] } },
{ "type": "Feature", "properties": { "source_type": "water", "osm_type": "way", "osm_id": 1028829038, "name": null, "man_made": null, "tower_type": null, "mobile_phone": null, "operator": null, "waterway": "river", "natural": null, "lat": 12.5860095, "lon": 107.1818535 }, "geometry": { "type": "Point", "coordinates": [ 107.1818535, 12.5860095 ] } },
{ "type": "Feature", "properties": { "source_type": "water", "osm_type": "way", "osm_id": 1028851359, "name": null, "man_made": null, "tower_type": null, "mobile_phone": null, "operator": null, "waterway": "river", "natural": null, "lat": 12.4686537, "lon": 107.4438349 }, "geometry": { "type": "Point", "coordinates": [ 107.4438349, 12.4686537 ] } },
{ "type": "Feature", "properties": { "source_type": "water", "osm_type": "way", "osm_id": 1035032737, "name": null, "man_made": null, "tower_type": null, "mobile_phone": null, "operator": null, "waterway": null, "natural": "water", "lat": 13.3109806, "lon": 107.1813351 }, "geometry": { "type": "Point", "coordinates": [ 107.1813351, 13.3109806 ] } },
{ "type": "Feature", "properties": { "source_type": "water", "osm_type": "way", "osm_id": 1035039509, "name": "ទន្លេស្រែពក", "man_made": null, "tower_type": null, "mobile_phone": null, "operator": null, "waterway": null, "natural": "water", "lat": 13.5301009, "lon": 106.5600738 }, "geometry": { "type": "Point", "coordinates": [ 106.5600738, 13.5301009 ] } },
{ "type": "Feature", "properties": { "source_type": "water", "osm_type": "way", "osm_id": 1035045710, "name": "ទន្លេស្រែពក", "man_made": null, "tower_type": null, "mobile_phone": null, "operator": null, "waterway": null, "natural": "water", "lat": 13.5541419, "lon": 106.5224008 }, "geometry": { "type": "Point", "coordinates": [ 106.5224008, 13.5541419 ] } },
{ "type": "Feature", "properties": { "source_type": "water", "osm_type": "way", "osm_id": 1035054013, "name": "ទន្លេស្រែពក", "man_made": null, "tower_type": null, "mobile_phone": null, "operator": null, "waterway": null, "natural": "water", "lat": 13.4444861, "lon": 106.8083618 }, "geometry": { "type": "Point", "coordinates": [ 106.8083618, 13.4444861 ] } },
{ "type": "Feature", "properties": { "source_type": "water", "osm_type": "way", "osm_id": 1035253805, "name": null, "man_made": null, "tower_type": null, "mobile_phone": null, "operator": null, "waterway": "river", "natural": null, "lat": 14.3811911, "lon": 106.1018428 }, "geometry": { "type": "Point", "coordinates": [ 106.1018428, 14.3811911 ] } },
{ "type": "Feature", "properties": { "source_type": "water", "osm_type": "way", "osm_id": 1035256732, "name": null, "man_made": null, "tower_type": null, "mobile_phone": null, "operator": null, "waterway": null, "natural": "water", "lat": 14.3348311, "lon": 105.8868906 }, "geometry": { "type": "Point", "coordinates": [ 105.8868906, 14.3348311 ] } },
{ "type": "Feature", "properties": { "source_type": "water", "osm_type": "way", "osm_id": 1037903018, "name": null, "man_made": null, "tower_type": null, "mobile_phone": null, "operator": null, "waterway": "river", "natural": null, "lat": 11.7792884, "lon": 105.7732288 }, "geometry": { "type": "Point", "coordinates": [ 105.7732288, 11.7792884 ] } },
{ "type": "Feature", "properties": { "source_type": "water", "osm_type": "way", "osm_id": 1037903019, "name": null, "man_made": null, "tower_type": null, "mobile_phone": null, "operator": null, "waterway": "stream", "natural": null, "lat": 11.7841093, "lon": 105.7815895 }, "geometry": { "type": "Point", "coordinates": [ 105.7815895, 11.7841093 ] } },
{ "type": "Feature", "properties": { "source_type": "water", "osm_type": "way", "osm_id": 1037903020, "name": null, "man_made": null, "tower_type": null, "mobile_phone": null, "operator": null, "waterway": "stream", "natural": null, "lat": 11.7733082, "lon": 105.7648823 }, "geometry": { "type": "Point", "coordinates": [ 105.7648823, 11.7733082 ] } },
{ "type": "Feature", "properties": { "source_type": "water", "osm_type": "way", "osm_id": 1037903021, "name": null, "man_made": null, "tower_type": null, "mobile_phone": null, "operator": null, "waterway": "stream", "natural": null, "lat": 11.7731644, "lon": 105.7647973 }, "geometry": { "type": "Point", "coordinates": [ 105.7647973, 11.7731644 ] } },
{ "type": "Feature", "properties": { "source_type": "water", "osm_type": "way", "osm_id": 1037903022, "name": null, "man_made": null, "tower_type": null, "mobile_phone": null, "operator": null, "waterway": "river", "natural": null, "lat": 11.7633669, "lon": 105.760656 }, "geometry": { "type": "Point", "coordinates": [ 105.760656, 11.7633669 ] } },
{ "type": "Feature", "properties": { "source_type": "water", "osm_type": "way", "osm_id": 1037903024, "name": null, "man_made": null, "tower_type": null, "mobile_phone": null, "operator": null, "waterway": "stream", "natural": null, "lat": 11.7715088, "lon": 105.7662869 }, "geometry": { "type": "Point", "coordinates": [ 105.7662869, 11.7715088 ] } },
{ "type": "Feature", "properties": { "source_type": "water", "osm_type": "way", "osm_id": 1037903025, "name": null, "man_made": null, "tower_type": null, "mobile_phone": null, "operator": null, "waterway": "stream", "natural": null, "lat": 11.7719978, "lon": 105.7669394 }, "geometry": { "type": "Point", "coordinates": [ 105.7669394, 11.7719978 ] } },
{ "type": "Feature", "properties": { "source_type": "water", "osm_type": "way", "osm_id": 1037903026, "name": null, "man_made": null, "tower_type": null, "mobile_phone": null, "operator": null, "waterway": "stream", "natural": null, "lat": 11.77256, "lon": 105.7666211 }, "geometry": { "type": "Point", "coordinates": [ 105.7666211, 11.77256 ] } },
{ "type": "Feature", "properties": { "source_type": "water", "osm_type": "way", "osm_id": 1037903027, "name": null, "man_made": null, "tower_type": null, "mobile_phone": null, "operator": null, "waterway": "stream", "natural": null, "lat": 11.7727277, "lon": 105.7662023 }, "geometry": { "type": "Point", "coordinates": [ 105.7662023, 11.7727277 ] } },
{ "type": "Feature", "properties": { "source_type": "water", "osm_type": "way", "osm_id": 1041081211, "name": null, "man_made": null, "tower_type": null, "mobile_phone": null, "operator": null, "waterway": "stream", "natural": null, "lat": 12.756557, "lon": 107.2445547 }, "geometry": { "type": "Point", "coordinates": [ 107.2445547, 12.756557 ] } },
{ "type": "Feature", "properties": { "source_type": "water", "osm_type": "way", "osm_id": 1041081212, "name": null, "man_made": null, "tower_type": null, "mobile_phone": null, "operator": null, "waterway": "stream", "natural": null, "lat": 12.817486, "lon": 107.2182262 }, "geometry": { "type": "Point", "coordinates": [ 107.2182262, 12.817486 ] } },
{ "type": "Feature", "properties": { "source_type": "water", "osm_type": "way", "osm_id": 1041081213, "name": null, "man_made": null, "tower_type": null, "mobile_phone": null, "operator": null, "waterway": "stream", "natural": null, "lat": 12.9091913, "lon": 107.229985 }, "geometry": { "type": "Point", "coordinates": [ 107.229985, 12.9091913 ] } },
{ "type": "Feature", "properties": { "source_type": "water", "osm_type": "way", "osm_id": 1041618353, "name": null, "man_made": null, "tower_type": null, "mobile_phone": null, "operator": null, "waterway": "stream", "natural": null, "lat": 12.5582841, "lon": 107.2799251 }, "geometry": { "type": "Point", "coordinates": [ 107.2799251, 12.5582841 ] } },
{ "type": "Feature", "properties": { "source_type": "water", "osm_type": "way", "osm_id": 1041618354, "name": null, "man_made": null, "tower_type": null, "mobile_phone": null, "operator": null, "waterway": "stream", "natural": null, "lat": 12.5967072, "lon": 107.3000738 }, "geometry": { "type": "Point", "coordinates": [ 107.3000738, 12.5967072 ] } },
{ "type": "Feature", "properties": { "source_type": "water", "osm_type": "way", "osm_id": 1041618355, "name": null, "man_made": null, "tower_type": null, "mobile_phone": null, "operator": null, "waterway": "stream", "natural": null, "lat": 12.5202539, "lon": 107.3453966 }, "geometry": { "type": "Point", "coordinates": [ 107.3453966, 12.5202539 ] } },
{ "type": "Feature", "properties": { "source_type": "water", "osm_type": "way", "osm_id": 1041618358, "name": null, "man_made": null, "tower_type": null, "mobile_phone": null, "operator": null, "waterway": "stream", "natural": null, "lat": 12.5421288, "lon": 107.3442976 }, "geometry": { "type": "Point", "coordinates": [ 107.3442976, 12.5421288 ] } },
{ "type": "Feature", "properties": { "source_type": "water", "osm_type": "way", "osm_id": 1041622179, "name": null, "man_made": null, "tower_type": null, "mobile_phone": null, "operator": null, "waterway": "river", "natural": null, "lat": 12.9309736, "lon": 107.3256755 }, "geometry": { "type": "Point", "coordinates": [ 107.3256755, 12.9309736 ] } },
{ "type": "Feature", "properties": { "source_type": "water", "osm_type": "way", "osm_id": 1042087463, "name": null, "man_made": null, "tower_type": null, "mobile_phone": null, "operator": null, "waterway": "stream", "natural": null, "lat": 12.8388288, "lon": 107.2868988 }, "geometry": { "type": "Point", "coordinates": [ 107.2868988, 12.8388288 ] } },
{ "type": "Feature", "properties": { "source_type": "water", "osm_type": "way", "osm_id": 1042097076, "name": null, "man_made": null, "tower_type": null, "mobile_phone": null, "operator": null, "waterway": "river", "natural": null, "lat": 12.9798943, "lon": 106.8103105 }, "geometry": { "type": "Point", "coordinates": [ 106.8103105, 12.9798943 ] } },
{ "type": "Feature", "properties": { "source_type": "water", "osm_type": "way", "osm_id": 1042097077, "name": null, "man_made": null, "tower_type": null, "mobile_phone": null, "operator": null, "waterway": "river", "natural": null, "lat": 12.9022087, "lon": 106.7890405 }, "geometry": { "type": "Point", "coordinates": [ 106.7890405, 12.9022087 ] } },
{ "type": "Feature", "properties": { "source_type": "water", "osm_type": "way", "osm_id": 1042132872, "name": null, "man_made": null, "tower_type": null, "mobile_phone": null, "operator": null, "waterway": "river", "natural": null, "lat": 12.9172012, "lon": 106.7397577 }, "geometry": { "type": "Point", "coordinates": [ 106.7397577, 12.9172012 ] } },
{ "type": "Feature", "properties": { "source_type": "water", "osm_type": "way", "osm_id": 1047131381, "name": null, "man_made": null, "tower_type": null, "mobile_phone": null, "operator": null, "waterway": null, "natural": "water", "lat": 13.485684, "lon": 107.0075432 }, "geometry": { "type": "Point", "coordinates": [ 107.0075432, 13.485684 ] } },
{ "type": "Feature", "properties": { "source_type": "water", "osm_type": "way", "osm_id": 1047136945, "name": null, "man_made": null, "tower_type": null, "mobile_phone": null, "operator": null, "waterway": "river", "natural": null, "lat": 13.5060493, "lon": 107.0414192 }, "geometry": { "type": "Point", "coordinates": [ 107.0414192, 13.5060493 ] } },
{ "type": "Feature", "properties": { "source_type": "water", "osm_type": "way", "osm_id": 1047144118, "name": null, "man_made": null, "tower_type": null, "mobile_phone": null, "operator": null, "waterway": null, "natural": "water", "lat": 13.4755744, "lon": 107.0210329 }, "geometry": { "type": "Point", "coordinates": [ 107.0210329, 13.4755744 ] } },
{ "type": "Feature", "properties": { "source_type": "water", "osm_type": "way", "osm_id": 1047144121, "name": null, "man_made": null, "tower_type": null, "mobile_phone": null, "operator": null, "waterway": null, "natural": "water", "lat": 13.476179, "lon": 107.0157696 }, "geometry": { "type": "Point", "coordinates": [ 107.0157696, 13.476179 ] } },
{ "type": "Feature", "properties": { "source_type": "water", "osm_type": "way", "osm_id": 1047144123, "name": null, "man_made": null, "tower_type": null, "mobile_phone": null, "operator": null, "waterway": null, "natural": "water", "lat": 13.484521, "lon": 107.0068821 }, "geometry": { "type": "Point", "coordinates": [ 107.0068821, 13.484521 ] } },
{ "type": "Feature", "properties": { "source_type": "water", "osm_type": "way", "osm_id": 1047144125, "name": null, "man_made": null, "tower_type": null, "mobile_phone": null, "operator": null, "waterway": null, "natural": "water", "lat": 13.4837748, "lon": 107.0062384 }, "geometry": { "type": "Point", "coordinates": [ 107.0062384, 13.4837748 ] } },
{ "type": "Feature", "properties": { "source_type": "water", "osm_type": "way", "osm_id": 1047144126, "name": null, "man_made": null, "tower_type": null, "mobile_phone": null, "operator": null, "waterway": null, "natural": "water", "lat": 13.4868689, "lon": 107.0099867 }, "geometry": { "type": "Point", "coordinates": [ 107.0099867, 13.4868689 ] } },
{ "type": "Feature", "properties": { "source_type": "water", "osm_type": "way", "osm_id": 1047147705, "name": null, "man_made": null, "tower_type": null, "mobile_phone": null, "operator": null, "waterway": null, "natural": "water", "lat": 13.4814037, "lon": 107.0010307 }, "geometry": { "type": "Point", "coordinates": [ 107.0010307, 13.4814037 ] } },
{ "type": "Feature", "properties": { "source_type": "water", "osm_type": "way", "osm_id": 1047147706, "name": null, "man_made": null, "tower_type": null, "mobile_phone": null, "operator": null, "waterway": null, "natural": "water", "lat": 13.4808568, "lon": 106.9999157 }, "geometry": { "type": "Point", "coordinates": [ 106.9999157, 13.4808568 ] } },
{ "type": "Feature", "properties": { "source_type": "water", "osm_type": "way", "osm_id": 1047149888, "name": null, "man_made": null, "tower_type": null, "mobile_phone": null, "operator": null, "waterway": null, "natural": "water", "lat": 13.4757493, "lon": 106.9870917 }, "geometry": { "type": "Point", "coordinates": [ 106.9870917, 13.4757493 ] } },
{ "type": "Feature", "properties": { "source_type": "water", "osm_type": "way", "osm_id": 1047149889, "name": null, "man_made": null, "tower_type": null, "mobile_phone": null, "operator": null, "waterway": null, "natural": "water", "lat": 13.4762188, "lon": 106.9868651 }, "geometry": { "type": "Point", "coordinates": [ 106.9868651, 13.4762188 ] } },
{ "type": "Feature", "properties": { "source_type": "water", "osm_type": "way", "osm_id": 1047152752, "name": null, "man_made": null, "tower_type": null, "mobile_phone": null, "operator": null, "waterway": "river", "natural": null, "lat": 13.4692465, "lon": 107.0264988 }, "geometry": { "type": "Point", "coordinates": [ 107.0264988, 13.4692465 ] } },
{ "type": "Feature", "properties": { "source_type": "water", "osm_type": "way", "osm_id": 1047152753, "name": null, "man_made": null, "tower_type": null, "mobile_phone": null, "operator": null, "waterway": "river", "natural": null, "lat": 13.4698647, "lon": 107.0171108 }, "geometry": { "type": "Point", "coordinates": [ 107.0171108, 13.4698647 ] } },
{ "type": "Feature", "properties": { "source_type": "water", "osm_type": "way", "osm_id": 1047153971, "name": null, "man_made": null, "tower_type": null, "mobile_phone": null, "operator": null, "waterway": null, "natural": "water", "lat": 13.4874612, "lon": 107.0195524 }, "geometry": { "type": "Point", "coordinates": [ 107.0195524, 13.4874612 ] } },
{ "type": "Feature", "properties": { "source_type": "water", "osm_type": "way", "osm_id": 1047153972, "name": null, "man_made": null, "tower_type": null, "mobile_phone": null, "operator": null, "waterway": null, "natural": "water", "lat": 13.4872324, "lon": 107.0193499 }, "geometry": { "type": "Point", "coordinates": [ 107.0193499, 13.4872324 ] } },
{ "type": "Feature", "properties": { "source_type": "water", "osm_type": "way", "osm_id": 1047153974, "name": null, "man_made": null, "tower_type": null, "mobile_phone": null, "operator": null, "waterway": null, "natural": "water", "lat": 13.4994456, "lon": 107.0028683 }, "geometry": { "type": "Point", "coordinates": [ 107.0028683, 13.4994456 ] } },
{ "type": "Feature", "properties": { "source_type": "water", "osm_type": "way", "osm_id": 1047162010, "name": null, "man_made": null, "tower_type": null, "mobile_phone": null, "operator": null, "waterway": null, "natural": "water", "lat": 13.5059281, "lon": 107.0378156 }, "geometry": { "type": "Point", "coordinates": [ 107.0378156, 13.5059281 ] } },
{ "type": "Feature", "properties": { "source_type": "water", "osm_type": "way", "osm_id": 1047162011, "name": null, "man_made": null, "tower_type": null, "mobile_phone": null, "operator": null, "waterway": null, "natural": "water", "lat": 13.5034771, "lon": 107.0359108 }, "geometry": { "type": "Point", "coordinates": [ 107.0359108, 13.5034771 ] } },
{ "type": "Feature", "properties": { "source_type": "water", "osm_type": "way", "osm_id": 1049259445, "name": null, "man_made": null, "tower_type": null, "mobile_phone": null, "operator": null, "waterway": null, "natural": "water", "lat": 13.7694062, "lon": 107.1099962 }, "geometry": { "type": "Point", "coordinates": [ 107.1099962, 13.7694062 ] } },
{ "type": "Feature", "properties": { "source_type": "water", "osm_type": "way", "osm_id": 1049633833, "name": null, "man_made": null, "tower_type": null, "mobile_phone": null, "operator": null, "waterway": null, "natural": "water", "lat": 13.4663295, "lon": 106.9846309 }, "geometry": { "type": "Point", "coordinates": [ 106.9846309, 13.4663295 ] } },
{ "type": "Feature", "properties": { "source_type": "water", "osm_type": "way", "osm_id": 1049633834, "name": null, "man_made": null, "tower_type": null, "mobile_phone": null, "operator": null, "waterway": null, "natural": "water", "lat": 13.4657583, "lon": 106.9847248 }, "geometry": { "type": "Point", "coordinates": [ 106.9847248, 13.4657583 ] } },
{ "type": "Feature", "properties": { "source_type": "water", "osm_type": "way", "osm_id": 1049633835, "name": null, "man_made": null, "tower_type": null, "mobile_phone": null, "operator": null, "waterway": null, "natural": "water", "lat": 13.480595, "lon": 107.0411724 }, "geometry": { "type": "Point", "coordinates": [ 107.0411724, 13.480595 ] } },
{ "type": "Feature", "properties": { "source_type": "water", "osm_type": "way", "osm_id": 1049633836, "name": null, "man_made": null, "tower_type": null, "mobile_phone": null, "operator": null, "waterway": null, "natural": "water", "lat": 13.4828833, "lon": 107.0352528 }, "geometry": { "type": "Point", "coordinates": [ 107.0352528, 13.4828833 ] } },
{ "type": "Feature", "properties": { "source_type": "water", "osm_type": "way", "osm_id": 1049633837, "name": null, "man_made": null, "tower_type": null, "mobile_phone": null, "operator": null, "waterway": null, "natural": "water", "lat": 13.4847422, "lon": 107.0270849 }, "geometry": { "type": "Point", "coordinates": [ 107.0270849, 13.4847422 ] } },
{ "type": "Feature", "properties": { "source_type": "water", "osm_type": "way", "osm_id": 1049633838, "name": null, "man_made": null, "tower_type": null, "mobile_phone": null, "operator": null, "waterway": null, "natural": "water", "lat": 13.4842789, "lon": 107.0274445 }, "geometry": { "type": "Point", "coordinates": [ 107.0274445, 13.4842789 ] } },
{ "type": "Feature", "properties": { "source_type": "water", "osm_type": "way", "osm_id": 1049633839, "name": null, "man_made": null, "tower_type": null, "mobile_phone": null, "operator": null, "waterway": null, "natural": "water", "lat": 13.4843076, "lon": 107.0270919 }, "geometry": { "type": "Point", "coordinates": [ 107.0270919, 13.4843076 ] } },
{ "type": "Feature", "properties": { "source_type": "water", "osm_type": "way", "osm_id": 1049633840, "name": null, "man_made": null, "tower_type": null, "mobile_phone": null, "operator": null, "waterway": null, "natural": "water", "lat": 13.4856414, "lon": 107.0244841 }, "geometry": { "type": "Point", "coordinates": [ 107.0244841, 13.4856414 ] } },
{ "type": "Feature", "properties": { "source_type": "water", "osm_type": "way", "osm_id": 1049648892, "name": null, "man_made": null, "tower_type": null, "mobile_phone": null, "operator": null, "waterway": null, "natural": "water", "lat": 13.493282, "lon": 107.0463398 }, "geometry": { "type": "Point", "coordinates": [ 107.0463398, 13.493282 ] } },
{ "type": "Feature", "properties": { "source_type": "water", "osm_type": "way", "osm_id": 1049983056, "name": null, "man_made": null, "tower_type": null, "mobile_phone": null, "operator": null, "waterway": null, "natural": "water", "lat": 13.8470177, "lon": 107.0421869 }, "geometry": { "type": "Point", "coordinates": [ 107.0421869, 13.8470177 ] } },
{ "type": "Feature", "properties": { "source_type": "water", "osm_type": "way", "osm_id": 1049983057, "name": null, "man_made": null, "tower_type": null, "mobile_phone": null, "operator": null, "waterway": null, "natural": "water", "lat": 13.8470386, "lon": 107.0424631 }, "geometry": { "type": "Point", "coordinates": [ 107.0424631, 13.8470386 ] } },
{ "type": "Feature", "properties": { "source_type": "water", "osm_type": "way", "osm_id": 1049983058, "name": null, "man_made": null, "tower_type": null, "mobile_phone": null, "operator": null, "waterway": null, "natural": "water", "lat": 13.8474006, "lon": 107.044067 }, "geometry": { "type": "Point", "coordinates": [ 107.044067, 13.8474006 ] } },
{ "type": "Feature", "properties": { "source_type": "water", "osm_type": "way", "osm_id": 1049983059, "name": null, "man_made": null, "tower_type": null, "mobile_phone": null, "operator": null, "waterway": null, "natural": "water", "lat": 13.8465412, "lon": 107.0457193 }, "geometry": { "type": "Point", "coordinates": [ 107.0457193, 13.8465412 ] } },
{ "type": "Feature", "properties": { "source_type": "water", "osm_type": "way", "osm_id": 1051734249, "name": null, "man_made": null, "tower_type": null, "mobile_phone": null, "operator": null, "waterway": "ditch", "natural": null, "lat": 12.1563497, "lon": 107.6282301 }, "geometry": { "type": "Point", "coordinates": [ 107.6282301, 12.1563497 ] } },
{ "type": "Feature", "properties": { "source_type": "water", "osm_type": "way", "osm_id": 1056788367, "name": null, "man_made": null, "tower_type": null, "mobile_phone": null, "operator": null, "waterway": "stream", "natural": null, "lat": 12.7873146, "lon": 107.4066352 }, "geometry": { "type": "Point", "coordinates": [ 107.4066352, 12.7873146 ] } },
{ "type": "Feature", "properties": { "source_type": "water", "osm_type": "way", "osm_id": 1058919503, "name": null, "man_made": null, "tower_type": null, "mobile_phone": null, "operator": null, "waterway": "stream", "natural": null, "lat": 12.7144633, "lon": 107.230496 }, "geometry": { "type": "Point", "coordinates": [ 107.230496, 12.7144633 ] } },
{ "type": "Feature", "properties": { "source_type": "water", "osm_type": "way", "osm_id": 1058924086, "name": null, "man_made": null, "tower_type": null, "mobile_phone": null, "operator": null, "waterway": "stream", "natural": null, "lat": 14.3667998, "lon": 107.2254897 }, "geometry": { "type": "Point", "coordinates": [ 107.2254897, 14.3667998 ] } },
{ "type": "Feature", "properties": { "source_type": "water", "osm_type": "way", "osm_id": 1083118380, "name": null, "man_made": null, "tower_type": null, "mobile_phone": null, "operator": null, "waterway": null, "natural": "water", "lat": 12.030476, "lon": 106.3178946 }, "geometry": { "type": "Point", "coordinates": [ 106.3178946, 12.030476 ] } },
{ "type": "Feature", "properties": { "source_type": "water", "osm_type": "way", "osm_id": 1083118381, "name": null, "man_made": null, "tower_type": null, "mobile_phone": null, "operator": null, "waterway": null, "natural": "water", "lat": 12.0298326, "lon": 106.3179698 }, "geometry": { "type": "Point", "coordinates": [ 106.3179698, 12.0298326 ] } },
{ "type": "Feature", "properties": { "source_type": "water", "osm_type": "way", "osm_id": 1083427049, "name": null, "man_made": null, "tower_type": null, "mobile_phone": null, "operator": null, "waterway": "canal", "natural": null, "lat": 11.9313114, "lon": 105.7288789 }, "geometry": { "type": "Point", "coordinates": [ 105.7288789, 11.9313114 ] } },
{ "type": "Feature", "properties": { "source_type": "water", "osm_type": "way", "osm_id": 1083427050, "name": null, "man_made": null, "tower_type": null, "mobile_phone": null, "operator": null, "waterway": "canal", "natural": null, "lat": 11.9361234, "lon": 105.7363114 }, "geometry": { "type": "Point", "coordinates": [ 105.7363114, 11.9361234 ] } },
{ "type": "Feature", "properties": { "source_type": "water", "osm_type": "way", "osm_id": 1083427051, "name": null, "man_made": null, "tower_type": null, "mobile_phone": null, "operator": null, "waterway": "canal", "natural": null, "lat": 11.931346, "lon": 105.7362873 }, "geometry": { "type": "Point", "coordinates": [ 105.7362873, 11.931346 ] } },
{ "type": "Feature", "properties": { "source_type": "water", "osm_type": "way", "osm_id": 1083427064, "name": null, "man_made": null, "tower_type": null, "mobile_phone": null, "operator": null, "waterway": "stream", "natural": null, "lat": 12.0781955, "lon": 105.7830462 }, "geometry": { "type": "Point", "coordinates": [ 105.7830462, 12.0781955 ] } },
{ "type": "Feature", "properties": { "source_type": "water", "osm_type": "way", "osm_id": 1085774952, "name": null, "man_made": null, "tower_type": null, "mobile_phone": null, "operator": null, "waterway": "river", "natural": null, "lat": 14.0731584, "lon": 106.1717968 }, "geometry": { "type": "Point", "coordinates": [ 106.1717968, 14.0731584 ] } },
{ "type": "Feature", "properties": { "source_type": "water", "osm_type": "way", "osm_id": 1085780147, "name": null, "man_made": null, "tower_type": null, "mobile_phone": null, "operator": null, "waterway": "stream", "natural": null, "lat": 14.5003974, "lon": 106.024709 }, "geometry": { "type": "Point", "coordinates": [ 106.024709, 14.5003974 ] } },
{ "type": "Feature", "properties": { "source_type": "water", "osm_type": "way", "osm_id": 1085789465, "name": null, "man_made": null, "tower_type": null, "mobile_phone": null, "operator": null, "waterway": "stream", "natural": null, "lat": 14.5148137, "lon": 105.9329396 }, "geometry": { "type": "Point", "coordinates": [ 105.9329396, 14.5148137 ] } },
{ "type": "Feature", "properties": { "source_type": "water", "osm_type": "way", "osm_id": 1085789466, "name": null, "man_made": null, "tower_type": null, "mobile_phone": null, "operator": null, "waterway": "stream", "natural": null, "lat": 14.518548, "lon": 105.9343427 }, "geometry": { "type": "Point", "coordinates": [ 105.9343427, 14.518548 ] } },
{ "type": "Feature", "properties": { "source_type": "water", "osm_type": "way", "osm_id": 1085789467, "name": null, "man_made": null, "tower_type": null, "mobile_phone": null, "operator": null, "waterway": "stream", "natural": null, "lat": 14.5194703, "lon": 105.9381815 }, "geometry": { "type": "Point", "coordinates": [ 105.9381815, 14.5194703 ] } },
{ "type": "Feature", "properties": { "source_type": "water", "osm_type": "way", "osm_id": 1085789468, "name": null, "man_made": null, "tower_type": null, "mobile_phone": null, "operator": null, "waterway": "stream", "natural": null, "lat": 14.5173495, "lon": 105.9714842 }, "geometry": { "type": "Point", "coordinates": [ 105.9714842, 14.5173495 ] } },
{ "type": "Feature", "properties": { "source_type": "water", "osm_type": "way", "osm_id": 1086957089, "name": null, "man_made": null, "tower_type": null, "mobile_phone": null, "operator": null, "waterway": "river", "natural": null, "lat": 14.3394591, "lon": 107.1384841 }, "geometry": { "type": "Point", "coordinates": [ 107.1384841, 14.3394591 ] } },
{ "type": "Feature", "properties": { "source_type": "water", "osm_type": "way", "osm_id": 1086957090, "name": null, "man_made": null, "tower_type": null, "mobile_phone": null, "operator": null, "waterway": "river", "natural": null, "lat": 14.3358032, "lon": 107.1472335 }, "geometry": { "type": "Point", "coordinates": [ 107.1472335, 14.3358032 ] } },
{ "type": "Feature", "properties": { "source_type": "water", "osm_type": "way", "osm_id": 1088012298, "name": null, "man_made": null, "tower_type": null, "mobile_phone": null, "operator": null, "waterway": null, "natural": "water", "lat": 13.4806026, "lon": 107.0355167 }, "geometry": { "type": "Point", "coordinates": [ 107.0355167, 13.4806026 ] } },
{ "type": "Feature", "properties": { "source_type": "water", "osm_type": "way", "osm_id": 1088012336, "name": null, "man_made": null, "tower_type": null, "mobile_phone": null, "operator": null, "waterway": "stream", "natural": null, "lat": 13.4918515, "lon": 107.0351257 }, "geometry": { "type": "Point", "coordinates": [ 107.0351257, 13.4918515 ] } },
{ "type": "Feature", "properties": { "source_type": "water", "osm_type": "way", "osm_id": 1088012347, "name": null, "man_made": null, "tower_type": null, "mobile_phone": null, "operator": null, "waterway": "stream", "natural": null, "lat": 13.4837586, "lon": 107.0350882 }, "geometry": { "type": "Point", "coordinates": [ 107.0350882, 13.4837586 ] } },
{ "type": "Feature", "properties": { "source_type": "water", "osm_type": "way", "osm_id": 1088094595, "name": null, "man_made": null, "tower_type": null, "mobile_phone": null, "operator": null, "waterway": "river", "natural": null, "lat": 12.2951662, "lon": 105.7416716 }, "geometry": { "type": "Point", "coordinates": [ 105.7416716, 12.2951662 ] } },
{ "type": "Feature", "properties": { "source_type": "water", "osm_type": "way", "osm_id": 1088094598, "name": null, "man_made": null, "tower_type": null, "mobile_phone": null, "operator": null, "waterway": "stream", "natural": null, "lat": 12.3154243, "lon": 105.7549377 }, "geometry": { "type": "Point", "coordinates": [ 105.7549377, 12.3154243 ] } },
{ "type": "Feature", "properties": { "source_type": "water", "osm_type": "way", "osm_id": 1088227104, "name": null, "man_made": null, "tower_type": null, "mobile_phone": null, "operator": null, "waterway": null, "natural": "water", "lat": 14.1335425, "lon": 105.7379208 }, "geometry": { "type": "Point", "coordinates": [ 105.7379208, 14.1335425 ] } },
{ "type": "Feature", "properties": { "source_type": "water", "osm_type": "way", "osm_id": 1088300730, "name": null, "man_made": null, "tower_type": null, "mobile_phone": null, "operator": null, "waterway": "stream", "natural": null, "lat": 13.799901, "lon": 106.9944277 }, "geometry": { "type": "Point", "coordinates": [ 106.9944277, 13.799901 ] } },
{ "type": "Feature", "properties": { "source_type": "water", "osm_type": "way", "osm_id": 1088366227, "name": null, "man_made": null, "tower_type": null, "mobile_phone": null, "operator": null, "waterway": "stream", "natural": null, "lat": 13.8060871, "lon": 107.0092714 }, "geometry": { "type": "Point", "coordinates": [ 107.0092714, 13.8060871 ] } },
{ "type": "Feature", "properties": { "source_type": "water", "osm_type": "way", "osm_id": 1088366238, "name": null, "man_made": null, "tower_type": null, "mobile_phone": null, "operator": null, "waterway": "stream", "natural": null, "lat": 13.7929421, "lon": 107.0020348 }, "geometry": { "type": "Point", "coordinates": [ 107.0020348, 13.7929421 ] } },
{ "type": "Feature", "properties": { "source_type": "water", "osm_type": "way", "osm_id": 1088366240, "name": null, "man_made": null, "tower_type": null, "mobile_phone": null, "operator": null, "waterway": "stream", "natural": null, "lat": 13.7964638, "lon": 107.0005113 }, "geometry": { "type": "Point", "coordinates": [ 107.0005113, 13.7964638 ] } },
{ "type": "Feature", "properties": { "source_type": "water", "osm_type": "way", "osm_id": 1088366241, "name": null, "man_made": null, "tower_type": null, "mobile_phone": null, "operator": null, "waterway": "stream", "natural": null, "lat": 13.7985477, "lon": 106.9975733 }, "geometry": { "type": "Point", "coordinates": [ 106.9975733, 13.7985477 ] } },
{ "type": "Feature", "properties": { "source_type": "water", "osm_type": "way", "osm_id": 1088516134, "name": null, "man_made": null, "tower_type": null, "mobile_phone": null, "operator": null, "waterway": "stream", "natural": null, "lat": 13.7765686, "lon": 106.9723481 }, "geometry": { "type": "Point", "coordinates": [ 106.9723481, 13.7765686 ] } },
{ "type": "Feature", "properties": { "source_type": "water", "osm_type": "way", "osm_id": 1088516135, "name": null, "man_made": null, "tower_type": null, "mobile_phone": null, "operator": null, "waterway": "stream", "natural": null, "lat": 13.7914108, "lon": 106.9712484 }, "geometry": { "type": "Point", "coordinates": [ 106.9712484, 13.7914108 ] } },
{ "type": "Feature", "properties": { "source_type": "water", "osm_type": "way", "osm_id": 1089471352, "name": null, "man_made": null, "tower_type": null, "mobile_phone": null, "operator": null, "waterway": "stream", "natural": null, "lat": 13.754577, "lon": 107.074449 }, "geometry": { "type": "Point", "coordinates": [ 107.074449, 13.754577 ] } },
{ "type": "Feature", "properties": { "source_type": "water", "osm_type": "way", "osm_id": 1089471353, "name": null, "man_made": null, "tower_type": null, "mobile_phone": null, "operator": null, "waterway": "stream", "natural": null, "lat": 13.7837279, "lon": 107.1179197 }, "geometry": { "type": "Point", "coordinates": [ 107.1179197, 13.7837279 ] } },
{ "type": "Feature", "properties": { "source_type": "water", "osm_type": "way", "osm_id": 1089471356, "name": null, "man_made": null, "tower_type": null, "mobile_phone": null, "operator": null, "waterway": "stream", "natural": null, "lat": 13.7612022, "lon": 107.1262895 }, "geometry": { "type": "Point", "coordinates": [ 107.1262895, 13.7612022 ] } },
{ "type": "Feature", "properties": { "source_type": "water", "osm_type": "way", "osm_id": 1089471358, "name": null, "man_made": null, "tower_type": null, "mobile_phone": null, "operator": null, "waterway": "stream", "natural": null, "lat": 13.7718908, "lon": 107.0854918 }, "geometry": { "type": "Point", "coordinates": [ 107.0854918, 13.7718908 ] } },
{ "type": "Feature", "properties": { "source_type": "water", "osm_type": "way", "osm_id": 1089471359, "name": null, "man_made": null, "tower_type": null, "mobile_phone": null, "operator": null, "waterway": "stream", "natural": null, "lat": 13.7814964, "lon": 107.0956117 }, "geometry": { "type": "Point", "coordinates": [ 107.0956117, 13.7814964 ] } },
{ "type": "Feature", "properties": { "source_type": "water", "osm_type": "way", "osm_id": 1089471360, "name": null, "man_made": null, "tower_type": null, "mobile_phone": null, "operator": null, "waterway": "stream", "natural": null, "lat": 13.7852315, "lon": 107.0933371 }, "geometry": { "type": "Point", "coordinates": [ 107.0933371, 13.7852315 ] } },
{ "type": "Feature", "properties": { "source_type": "water", "osm_type": "way", "osm_id": 1089471361, "name": null, "man_made": null, "tower_type": null, "mobile_phone": null, "operator": null, "waterway": "stream", "natural": null, "lat": 13.7638126, "lon": 107.0966202 }, "geometry": { "type": "Point", "coordinates": [ 107.0966202, 13.7638126 ] } },
{ "type": "Feature", "properties": { "source_type": "water", "osm_type": "way", "osm_id": 1089471362, "name": null, "man_made": null, "tower_type": null, "mobile_phone": null, "operator": null, "waterway": "stream", "natural": null, "lat": 13.7633893, "lon": 107.1016132 }, "geometry": { "type": "Point", "coordinates": [ 107.1016132, 13.7633893 ] } },
{ "type": "Feature", "properties": { "source_type": "water", "osm_type": "way", "osm_id": 1089471363, "name": null, "man_made": null, "tower_type": null, "mobile_phone": null, "operator": null, "waterway": "stream", "natural": null, "lat": 13.7775837, "lon": 107.092688 }, "geometry": { "type": "Point", "coordinates": [ 107.092688, 13.7775837 ] } },
{ "type": "Feature", "properties": { "source_type": "water", "osm_type": "way", "osm_id": 1089471364, "name": null, "man_made": null, "tower_type": null, "mobile_phone": null, "operator": null, "waterway": "stream", "natural": null, "lat": 13.7539465, "lon": 107.1262962 }, "geometry": { "type": "Point", "coordinates": [ 107.1262962, 13.7539465 ] } },
{ "type": "Feature", "properties": { "source_type": "water", "osm_type": "way", "osm_id": 1089481866, "name": null, "man_made": null, "tower_type": null, "mobile_phone": null, "operator": null, "waterway": null, "natural": "water", "lat": 13.7397401, "lon": 107.0997543 }, "geometry": { "type": "Point", "coordinates": [ 107.0997543, 13.7397401 ] } },
{ "type": "Feature", "properties": { "source_type": "water", "osm_type": "way", "osm_id": 1089481867, "name": null, "man_made": null, "tower_type": null, "mobile_phone": null, "operator": null, "waterway": "stream", "natural": null, "lat": 13.7487958, "lon": 107.1014478 }, "geometry": { "type": "Point", "coordinates": [ 107.1014478, 13.7487958 ] } },
{ "type": "Feature", "properties": { "source_type": "water", "osm_type": "way", "osm_id": 1089481869, "name": null, "man_made": null, "tower_type": null, "mobile_phone": null, "operator": null, "waterway": "stream", "natural": null, "lat": 13.745229, "lon": 107.1091864 }, "geometry": { "type": "Point", "coordinates": [ 107.1091864, 13.745229 ] } },
{ "type": "Feature", "properties": { "source_type": "water", "osm_type": "way", "osm_id": 1089481871, "name": null, "man_made": null, "tower_type": null, "mobile_phone": null, "operator": null, "waterway": "stream", "natural": null, "lat": 13.7427379, "lon": 107.0998315 }, "geometry": { "type": "Point", "coordinates": [ 107.0998315, 13.7427379 ] } },
{ "type": "Feature", "properties": { "source_type": "water", "osm_type": "way", "osm_id": 1089481872, "name": null, "man_made": null, "tower_type": null, "mobile_phone": null, "operator": null, "waterway": "stream", "natural": null, "lat": 13.7482982, "lon": 107.1018158 }, "geometry": { "type": "Point", "coordinates": [ 107.1018158, 13.7482982 ] } },
{ "type": "Feature", "properties": { "source_type": "water", "osm_type": "way", "osm_id": 1098055453, "name": null, "man_made": null, "tower_type": null, "mobile_phone": null, "operator": null, "waterway": "stream", "natural": null, "lat": 13.7964917, "lon": 106.9919435 }, "geometry": { "type": "Point", "coordinates": [ 106.9919435, 13.7964917 ] } },
{ "type": "Feature", "properties": { "source_type": "water", "osm_type": "way", "osm_id": 1098055454, "name": null, "man_made": null, "tower_type": null, "mobile_phone": null, "operator": null, "waterway": "stream", "natural": null, "lat": 13.798699, "lon": 106.9916532 }, "geometry": { "type": "Point", "coordinates": [ 106.9916532, 13.798699 ] } },
{ "type": "Feature", "properties": { "source_type": "water", "osm_type": "way", "osm_id": 1098111499, "name": null, "man_made": null, "tower_type": null, "mobile_phone": null, "operator": null, "waterway": "stream", "natural": null, "lat": 13.8177495, "lon": 106.992234 }, "geometry": { "type": "Point", "coordinates": [ 106.992234, 13.8177495 ] } },
{ "type": "Feature", "properties": { "source_type": "water", "osm_type": "way", "osm_id": 1098111500, "name": null, "man_made": null, "tower_type": null, "mobile_phone": null, "operator": null, "waterway": "stream", "natural": null, "lat": 13.8148647, "lon": 106.990406 }, "geometry": { "type": "Point", "coordinates": [ 106.990406, 13.8148647 ] } },
{ "type": "Feature", "properties": { "source_type": "water", "osm_type": "way", "osm_id": 1098111731, "name": null, "man_made": null, "tower_type": null, "mobile_phone": null, "operator": null, "waterway": "stream", "natural": null, "lat": 13.8120646, "lon": 106.9883515 }, "geometry": { "type": "Point", "coordinates": [ 106.9883515, 13.8120646 ] } },
{ "type": "Feature", "properties": { "source_type": "water", "osm_type": "way", "osm_id": 1098114506, "name": null, "man_made": null, "tower_type": null, "mobile_phone": null, "operator": null, "waterway": "stream", "natural": null, "lat": 13.7984378, "lon": 107.0034738 }, "geometry": { "type": "Point", "coordinates": [ 107.0034738, 13.7984378 ] } },
{ "type": "Feature", "properties": { "source_type": "water", "osm_type": "way", "osm_id": 1098114507, "name": null, "man_made": null, "tower_type": null, "mobile_phone": null, "operator": null, "waterway": "stream", "natural": null, "lat": 13.799135, "lon": 107.0070947 }, "geometry": { "type": "Point", "coordinates": [ 107.0070947, 13.799135 ] } },
{ "type": "Feature", "properties": { "source_type": "water", "osm_type": "way", "osm_id": 1098114508, "name": null, "man_made": null, "tower_type": null, "mobile_phone": null, "operator": null, "waterway": "stream", "natural": null, "lat": 13.8035956, "lon": 106.9961782 }, "geometry": { "type": "Point", "coordinates": [ 106.9961782, 13.8035956 ] } },
{ "type": "Feature", "properties": { "source_type": "water", "osm_type": "way", "osm_id": 1098114509, "name": null, "man_made": null, "tower_type": null, "mobile_phone": null, "operator": null, "waterway": "stream", "natural": null, "lat": 13.8047938, "lon": 106.9978787 }, "geometry": { "type": "Point", "coordinates": [ 106.9978787, 13.8047938 ] } },
{ "type": "Feature", "properties": { "source_type": "water", "osm_type": "way", "osm_id": 1098114511, "name": null, "man_made": null, "tower_type": null, "mobile_phone": null, "operator": null, "waterway": "stream", "natural": null, "lat": 13.808516, "lon": 107.0000875 }, "geometry": { "type": "Point", "coordinates": [ 107.0000875, 13.808516 ] } },
{ "type": "Feature", "properties": { "source_type": "water", "osm_type": "way", "osm_id": 1098114512, "name": null, "man_made": null, "tower_type": null, "mobile_phone": null, "operator": null, "waterway": "stream", "natural": null, "lat": 13.8158793, "lon": 107.0044515 }, "geometry": { "type": "Point", "coordinates": [ 107.0044515, 13.8158793 ] } },
{ "type": "Feature", "properties": { "source_type": "water", "osm_type": "way", "osm_id": 1098114513, "name": null, "man_made": null, "tower_type": null, "mobile_phone": null, "operator": null, "waterway": "stream", "natural": null, "lat": 13.8137045, "lon": 107.0092446 }, "geometry": { "type": "Point", "coordinates": [ 107.0092446, 13.8137045 ] } },
{ "type": "Feature", "properties": { "source_type": "water", "osm_type": "way", "osm_id": 1098119228, "name": null, "man_made": null, "tower_type": null, "mobile_phone": null, "operator": null, "waterway": "stream", "natural": null, "lat": 13.814804, "lon": 106.9956465 }, "geometry": { "type": "Point", "coordinates": [ 106.9956465, 13.814804 ] } },
{ "type": "Feature", "properties": { "source_type": "water", "osm_type": "way", "osm_id": 1098119229, "name": null, "man_made": null, "tower_type": null, "mobile_phone": null, "operator": null, "waterway": "stream", "natural": null, "lat": 13.7989771, "lon": 106.9917559 }, "geometry": { "type": "Point", "coordinates": [ 106.9917559, 13.7989771 ] } },
{ "type": "Feature", "properties": { "source_type": "water", "osm_type": "way", "osm_id": 1105956566, "name": null, "man_made": null, "tower_type": null, "mobile_phone": null, "operator": null, "waterway": "stream", "natural": null, "lat": 12.2591831, "lon": 107.125024 }, "geometry": { "type": "Point", "coordinates": [ 107.125024, 12.2591831 ] } },
{ "type": "Feature", "properties": { "source_type": "water", "osm_type": "way", "osm_id": 1105956567, "name": null, "man_made": null, "tower_type": null, "mobile_phone": null, "operator": null, "waterway": "stream", "natural": null, "lat": 12.2075371, "lon": 107.2109011 }, "geometry": { "type": "Point", "coordinates": [ 107.2109011, 12.2075371 ] } },
{ "type": "Feature", "properties": { "source_type": "water", "osm_type": "way", "osm_id": 1105956568, "name": null, "man_made": null, "tower_type": null, "mobile_phone": null, "operator": null, "waterway": "stream", "natural": null, "lat": 12.225408, "lon": 107.1848689 }, "geometry": { "type": "Point", "coordinates": [ 107.1848689, 12.225408 ] } },
{ "type": "Feature", "properties": { "source_type": "water", "osm_type": "way", "osm_id": 1105956569, "name": null, "man_made": null, "tower_type": null, "mobile_phone": null, "operator": null, "waterway": "stream", "natural": null, "lat": 12.2261932, "lon": 107.2394315 }, "geometry": { "type": "Point", "coordinates": [ 107.2394315, 12.2261932 ] } },
{ "type": "Feature", "properties": { "source_type": "water", "osm_type": "way", "osm_id": 1105956570, "name": null, "man_made": null, "tower_type": null, "mobile_phone": null, "operator": null, "waterway": "stream", "natural": null, "lat": 12.1739773, "lon": 107.1132299 }, "geometry": { "type": "Point", "coordinates": [ 107.1132299, 12.1739773 ] } },
{ "type": "Feature", "properties": { "source_type": "water", "osm_type": "way", "osm_id": 1105956571, "name": null, "man_made": null, "tower_type": null, "mobile_phone": null, "operator": null, "waterway": "stream", "natural": null, "lat": 12.046979, "lon": 106.6506966 }, "geometry": { "type": "Point", "coordinates": [ 106.6506966, 12.046979 ] } },
{ "type": "Feature", "properties": { "source_type": "water", "osm_type": "way", "osm_id": 1105956574, "name": null, "man_made": null, "tower_type": null, "mobile_phone": null, "operator": null, "waterway": "stream", "natural": null, "lat": 12.0548781, "lon": 106.732994 }, "geometry": { "type": "Point", "coordinates": [ 106.732994, 12.0548781 ] } },
{ "type": "Feature", "properties": { "source_type": "water", "osm_type": "way", "osm_id": 1105956575, "name": null, "man_made": null, "tower_type": null, "mobile_phone": null, "operator": null, "waterway": "stream", "natural": null, "lat": 12.0536837, "lon": 106.7084758 }, "geometry": { "type": "Point", "coordinates": [ 106.7084758, 12.0536837 ] } },
{ "type": "Feature", "properties": { "source_type": "water", "osm_type": "way", "osm_id": 1105956576, "name": null, "man_made": null, "tower_type": null, "mobile_phone": null, "operator": null, "waterway": "stream", "natural": null, "lat": 12.0582366, "lon": 106.7620883 }, "geometry": { "type": "Point", "coordinates": [ 106.7620883, 12.0582366 ] } },
{ "type": "Feature", "properties": { "source_type": "water", "osm_type": "way", "osm_id": 1105956577, "name": null, "man_made": null, "tower_type": null, "mobile_phone": null, "operator": null, "waterway": "stream", "natural": null, "lat": 12.0573398, "lon": 106.7575194 }, "geometry": { "type": "Point", "coordinates": [ 106.7575194, 12.0573398 ] } },
{ "type": "Feature", "properties": { "source_type": "water", "osm_type": "way", "osm_id": 1105956578, "name": null, "man_made": null, "tower_type": null, "mobile_phone": null, "operator": null, "waterway": "stream", "natural": null, "lat": 12.0627686, "lon": 106.7680957 }, "geometry": { "type": "Point", "coordinates": [ 106.7680957, 12.0627686 ] } },
{ "type": "Feature", "properties": { "source_type": "water", "osm_type": "way", "osm_id": 1105956579, "name": null, "man_made": null, "tower_type": null, "mobile_phone": null, "operator": null, "waterway": "stream", "natural": null, "lat": 12.0595695, "lon": 106.7666459 }, "geometry": { "type": "Point", "coordinates": [ 106.7666459, 12.0595695 ] } },
{ "type": "Feature", "properties": { "source_type": "water", "osm_type": "way", "osm_id": 1105960130, "name": null, "man_made": null, "tower_type": null, "mobile_phone": null, "operator": null, "waterway": "stream", "natural": null, "lat": 12.0725255, "lon": 106.7328372 }, "geometry": { "type": "Point", "coordinates": [ 106.7328372, 12.0725255 ] } },
{ "type": "Feature", "properties": { "source_type": "water", "osm_type": "way", "osm_id": 1105960131, "name": null, "man_made": null, "tower_type": null, "mobile_phone": null, "operator": null, "waterway": "stream", "natural": null, "lat": 12.0666759, "lon": 106.7422007 }, "geometry": { "type": "Point", "coordinates": [ 106.7422007, 12.0666759 ] } },
{ "type": "Feature", "properties": { "source_type": "water", "osm_type": "way", "osm_id": 1105960132, "name": null, "man_made": null, "tower_type": null, "mobile_phone": null, "operator": null, "waterway": "stream", "natural": null, "lat": 12.0643824, "lon": 106.7427833 }, "geometry": { "type": "Point", "coordinates": [ 106.7427833, 12.0643824 ] } },
{ "type": "Feature", "properties": { "source_type": "water", "osm_type": "way", "osm_id": 1105960133, "name": null, "man_made": null, "tower_type": null, "mobile_phone": null, "operator": null, "waterway": "stream", "natural": null, "lat": 12.1166775, "lon": 106.7397446 }, "geometry": { "type": "Point", "coordinates": [ 106.7397446, 12.1166775 ] } },
{ "type": "Feature", "properties": { "source_type": "water", "osm_type": "way", "osm_id": 1105960134, "name": null, "man_made": null, "tower_type": null, "mobile_phone": null, "operator": null, "waterway": "stream", "natural": null, "lat": 12.0743822, "lon": 106.6730654 }, "geometry": { "type": "Point", "coordinates": [ 106.6730654, 12.0743822 ] } },
{ "type": "Feature", "properties": { "source_type": "water", "osm_type": "way", "osm_id": 1105960135, "name": null, "man_made": null, "tower_type": null, "mobile_phone": null, "operator": null, "waterway": "stream", "natural": null, "lat": 12.0860401, "lon": 106.6870818 }, "geometry": { "type": "Point", "coordinates": [ 106.6870818, 12.0860401 ] } },
{ "type": "Feature", "properties": { "source_type": "water", "osm_type": "way", "osm_id": 1105960136, "name": null, "man_made": null, "tower_type": null, "mobile_phone": null, "operator": null, "waterway": "stream", "natural": null, "lat": 12.0954149, "lon": 106.7025838 }, "geometry": { "type": "Point", "coordinates": [ 106.7025838, 12.0954149 ] } },
{ "type": "Feature", "properties": { "source_type": "water", "osm_type": "way", "osm_id": 1105960137, "name": null, "man_made": null, "tower_type": null, "mobile_phone": null, "operator": null, "waterway": "stream", "natural": null, "lat": 12.1047861, "lon": 106.7180889 }, "geometry": { "type": "Point", "coordinates": [ 106.7180889, 12.1047861 ] } },
{ "type": "Feature", "properties": { "source_type": "water", "osm_type": "way", "osm_id": 1105960138, "name": null, "man_made": null, "tower_type": null, "mobile_phone": null, "operator": null, "waterway": "stream", "natural": null, "lat": 12.0904213, "lon": 106.7156089 }, "geometry": { "type": "Point", "coordinates": [ 106.7156089, 12.0904213 ] } },
{ "type": "Feature", "properties": { "source_type": "water", "osm_type": "way", "osm_id": 1105960139, "name": null, "man_made": null, "tower_type": null, "mobile_phone": null, "operator": null, "waterway": "stream", "natural": null, "lat": 12.095314, "lon": 106.7269059 }, "geometry": { "type": "Point", "coordinates": [ 106.7269059, 12.095314 ] } },
{ "type": "Feature", "properties": { "source_type": "water", "osm_type": "way", "osm_id": 1105960140, "name": null, "man_made": null, "tower_type": null, "mobile_phone": null, "operator": null, "waterway": "stream", "natural": null, "lat": 12.0940457, "lon": 106.7248035 }, "geometry": { "type": "Point", "coordinates": [ 106.7248035, 12.0940457 ] } },
{ "type": "Feature", "properties": { "source_type": "water", "osm_type": "way", "osm_id": 1105960141, "name": null, "man_made": null, "tower_type": null, "mobile_phone": null, "operator": null, "waterway": "stream", "natural": null, "lat": 12.0729569, "lon": 106.6927918 }, "geometry": { "type": "Point", "coordinates": [ 106.6927918, 12.0729569 ] } },
{ "type": "Feature", "properties": { "source_type": "water", "osm_type": "way", "osm_id": 1105960142, "name": "Hồ Lộc Thạnh", "man_made": null, "tower_type": null, "mobile_phone": null, "operator": null, "waterway": null, "natural": "water", "lat": 11.8966241, "lon": 106.5871171 }, "geometry": { "type": "Point", "coordinates": [ 106.5871171, 11.8966241 ] } },
{ "type": "Feature", "properties": { "source_type": "water", "osm_type": "way", "osm_id": 1105960144, "name": "Rạch Chàm", "man_made": null, "tower_type": null, "mobile_phone": null, "operator": null, "waterway": "stream", "natural": null, "lat": 11.8948044, "lon": 106.4939549 }, "geometry": { "type": "Point", "coordinates": [ 106.4939549, 11.8948044 ] } },
{ "type": "Feature", "properties": { "source_type": "water", "osm_type": "way", "osm_id": 1105960145, "name": null, "man_made": null, "tower_type": null, "mobile_phone": null, "operator": null, "waterway": "stream", "natural": null, "lat": 11.909639, "lon": 106.5489168 }, "geometry": { "type": "Point", "coordinates": [ 106.5489168, 11.909639 ] } },
{ "type": "Feature", "properties": { "source_type": "water", "osm_type": "way", "osm_id": 1105960146, "name": null, "man_made": null, "tower_type": null, "mobile_phone": null, "operator": null, "waterway": "stream", "natural": null, "lat": 11.9079282, "lon": 106.5691517 }, "geometry": { "type": "Point", "coordinates": [ 106.5691517, 11.9079282 ] } },
{ "type": "Feature", "properties": { "source_type": "water", "osm_type": "way", "osm_id": 1111261460, "name": null, "man_made": null, "tower_type": null, "mobile_phone": null, "operator": null, "waterway": "river", "natural": null, "lat": 12.8871145, "lon": 106.6775894 }, "geometry": { "type": "Point", "coordinates": [ 106.6775894, 12.8871145 ] } },
{ "type": "Feature", "properties": { "source_type": "water", "osm_type": "way", "osm_id": 1111261461, "name": null, "man_made": null, "tower_type": null, "mobile_phone": null, "operator": null, "waterway": "river", "natural": null, "lat": 12.8614872, "lon": 106.6665387 }, "geometry": { "type": "Point", "coordinates": [ 106.6665387, 12.8614872 ] } },
{ "type": "Feature", "properties": { "source_type": "water", "osm_type": "way", "osm_id": 1118078795, "name": "Sông Đắk Glun", "man_made": null, "tower_type": null, "mobile_phone": null, "operator": null, "waterway": "stream", "natural": null, "lat": 12.1463007, "lon": 107.4181902 }, "geometry": { "type": "Point", "coordinates": [ 107.4181902, 12.1463007 ] } },
{ "type": "Feature", "properties": { "source_type": "water", "osm_type": "way", "osm_id": 1119734159, "name": "Suối Đắk Ken", "man_made": null, "tower_type": null, "mobile_phone": null, "operator": null, "waterway": "stream", "natural": null, "lat": 12.5832667, "lon": 107.6245234 }, "geometry": { "type": "Point", "coordinates": [ 107.6245234, 12.5832667 ] } },
{ "type": "Feature", "properties": { "source_type": "water", "osm_type": "way", "osm_id": 1119734160, "name": "Suối Đắk Ken", "man_made": null, "tower_type": null, "mobile_phone": null, "operator": null, "waterway": "stream", "natural": null, "lat": 12.6565616, "lon": 107.6176564 }, "geometry": { "type": "Point", "coordinates": [ 107.6176564, 12.6565616 ] } },
{ "type": "Feature", "properties": { "source_type": "water", "osm_type": "way", "osm_id": 1123695994, "name": null, "man_made": null, "tower_type": null, "mobile_phone": null, "operator": null, "waterway": null, "natural": "water", "lat": 13.8404999, "lon": 106.0866901 }, "geometry": { "type": "Point", "coordinates": [ 106.0866901, 13.8404999 ] } },
{ "type": "Feature", "properties": { "source_type": "water", "osm_type": "way", "osm_id": 1123696165, "name": null, "man_made": null, "tower_type": null, "mobile_phone": null, "operator": null, "waterway": null, "natural": "water", "lat": 13.8444347, "lon": 106.0829098 }, "geometry": { "type": "Point", "coordinates": [ 106.0829098, 13.8444347 ] } },
{ "type": "Feature", "properties": { "source_type": "water", "osm_type": "way", "osm_id": 1123698568, "name": null, "man_made": null, "tower_type": null, "mobile_phone": null, "operator": null, "waterway": null, "natural": "water", "lat": 13.9151485, "lon": 106.068913 }, "geometry": { "type": "Point", "coordinates": [ 106.068913, 13.9151485 ] } },
{ "type": "Feature", "properties": { "source_type": "water", "osm_type": "way", "osm_id": 1126411132, "name": "Sông Bé", "man_made": null, "tower_type": null, "mobile_phone": null, "operator": null, "waterway": "river", "natural": null, "lat": 11.8151508, "lon": 107.029987 }, "geometry": { "type": "Point", "coordinates": [ 107.029987, 11.8151508 ] } },
{ "type": "Feature", "properties": { "source_type": "water", "osm_type": "way", "osm_id": 1126411133, "name": "Sông Bé", "man_made": null, "tower_type": null, "mobile_phone": null, "operator": null, "waterway": "river", "natural": null, "lat": 11.8230852, "lon": 107.0432013 }, "geometry": { "type": "Point", "coordinates": [ 107.0432013, 11.8230852 ] } },
{ "type": "Feature", "properties": { "source_type": "water", "osm_type": "way", "osm_id": 1126416296, "name": "Hồ Hố Kè", "man_made": null, "tower_type": null, "mobile_phone": null, "operator": null, "waterway": null, "natural": "water", "lat": 12.0696714, "lon": 107.6623139 }, "geometry": { "type": "Point", "coordinates": [ 107.6623139, 12.0696714 ] } },
{ "type": "Feature", "properties": { "source_type": "water", "osm_type": "way", "osm_id": 1126416297, "name": "Suối Đắk Búk So", "man_made": null, "tower_type": null, "mobile_phone": null, "operator": null, "waterway": "stream", "natural": null, "lat": 12.0495605, "lon": 107.5890083 }, "geometry": { "type": "Point", "coordinates": [ 107.5890083, 12.0495605 ] } },
{ "type": "Feature", "properties": { "source_type": "water", "osm_type": "way", "osm_id": 1126733903, "name": null, "man_made": null, "tower_type": null, "mobile_phone": null, "operator": null, "waterway": null, "natural": "water", "lat": 13.9291464, "lon": 106.8523153 }, "geometry": { "type": "Point", "coordinates": [ 106.8523153, 13.9291464 ] } },
{ "type": "Feature", "properties": { "source_type": "water", "osm_type": "way", "osm_id": 1126736931, "name": null, "man_made": null, "tower_type": null, "mobile_phone": null, "operator": null, "waterway": null, "natural": "water", "lat": 13.9464461, "lon": 106.8060915 }, "geometry": { "type": "Point", "coordinates": [ 106.8060915, 13.9464461 ] } },
{ "type": "Feature", "properties": { "source_type": "water", "osm_type": "way", "osm_id": 1126736932, "name": null, "man_made": null, "tower_type": null, "mobile_phone": null, "operator": null, "waterway": null, "natural": "water", "lat": 13.9460249, "lon": 106.806078 }, "geometry": { "type": "Point", "coordinates": [ 106.806078, 13.9460249 ] } },
{ "type": "Feature", "properties": { "source_type": "water", "osm_type": "way", "osm_id": 1126736933, "name": null, "man_made": null, "tower_type": null, "mobile_phone": null, "operator": null, "waterway": null, "natural": "water", "lat": 13.9457404, "lon": 106.8060654 }, "geometry": { "type": "Point", "coordinates": [ 106.8060654, 13.9457404 ] } },
{ "type": "Feature", "properties": { "source_type": "water", "osm_type": "way", "osm_id": 1126740060, "name": null, "man_made": null, "tower_type": null, "mobile_phone": null, "operator": null, "waterway": null, "natural": "water", "lat": 13.9633612, "lon": 106.8077374 }, "geometry": { "type": "Point", "coordinates": [ 106.8077374, 13.9633612 ] } },
{ "type": "Feature", "properties": { "source_type": "water", "osm_type": "way", "osm_id": 1126743002, "name": null, "man_made": null, "tower_type": null, "mobile_phone": null, "operator": null, "waterway": null, "natural": "water", "lat": 13.9674729, "lon": 106.8213956 }, "geometry": { "type": "Point", "coordinates": [ 106.8213956, 13.9674729 ] } },
{ "type": "Feature", "properties": { "source_type": "water", "osm_type": "way", "osm_id": 1126743358, "name": null, "man_made": null, "tower_type": null, "mobile_phone": null, "operator": null, "waterway": null, "natural": "water", "lat": 13.9694253, "lon": 106.8231224 }, "geometry": { "type": "Point", "coordinates": [ 106.8231224, 13.9694253 ] } },
{ "type": "Feature", "properties": { "source_type": "water", "osm_type": "way", "osm_id": 1126743359, "name": null, "man_made": null, "tower_type": null, "mobile_phone": null, "operator": null, "waterway": null, "natural": "water", "lat": 13.9694783, "lon": 106.8237217 }, "geometry": { "type": "Point", "coordinates": [ 106.8237217, 13.9694783 ] } },
{ "type": "Feature", "properties": { "source_type": "water", "osm_type": "way", "osm_id": 1126745277, "name": null, "man_made": null, "tower_type": null, "mobile_phone": null, "operator": null, "waterway": null, "natural": "water", "lat": 13.9705646, "lon": 106.8184071 }, "geometry": { "type": "Point", "coordinates": [ 106.8184071, 13.9705646 ] } },
{ "type": "Feature", "properties": { "source_type": "water", "osm_type": "way", "osm_id": 1126745278, "name": null, "man_made": null, "tower_type": null, "mobile_phone": null, "operator": null, "waterway": null, "natural": "water", "lat": 13.9702908, "lon": 106.8179925 }, "geometry": { "type": "Point", "coordinates": [ 106.8179925, 13.9702908 ] } },
{ "type": "Feature", "properties": { "source_type": "water", "osm_type": "way", "osm_id": 1126745415, "name": null, "man_made": null, "tower_type": null, "mobile_phone": null, "operator": null, "waterway": null, "natural": "water", "lat": 13.9699157, "lon": 106.8176505 }, "geometry": { "type": "Point", "coordinates": [ 106.8176505, 13.9699157 ] } },
{ "type": "Feature", "properties": { "source_type": "water", "osm_type": "way", "osm_id": 1126748915, "name": null, "man_made": null, "tower_type": null, "mobile_phone": null, "operator": null, "waterway": null, "natural": "water", "lat": 13.964189, "lon": 106.8159103 }, "geometry": { "type": "Point", "coordinates": [ 106.8159103, 13.964189 ] } },
{ "type": "Feature", "properties": { "source_type": "water", "osm_type": "way", "osm_id": 1127887948, "name": null, "man_made": null, "tower_type": null, "mobile_phone": null, "operator": null, "waterway": "river", "natural": null, "lat": 14.1113552, "lon": 107.0749216 }, "geometry": { "type": "Point", "coordinates": [ 107.0749216, 14.1113552 ] } },
{ "type": "Feature", "properties": { "source_type": "water", "osm_type": "way", "osm_id": 1132277939, "name": "ស្ទឹងខាំផា", "man_made": null, "tower_type": null, "mobile_phone": null, "operator": null, "waterway": "river", "natural": null, "lat": 14.2554077, "lon": 107.1313463 }, "geometry": { "type": "Point", "coordinates": [ 107.1313463, 14.2554077 ] } },
{ "type": "Feature", "properties": { "source_type": "water", "osm_type": "way", "osm_id": 1132278929, "name": "ស្ទឹងខាំផា", "man_made": null, "tower_type": null, "mobile_phone": null, "operator": null, "waterway": "river", "natural": null, "lat": 14.2875965, "lon": 107.1040698 }, "geometry": { "type": "Point", "coordinates": [ 107.1040698, 14.2875965 ] } },
{ "type": "Feature", "properties": { "source_type": "water", "osm_type": "way", "osm_id": 1132296801, "name": null, "man_made": null, "tower_type": null, "mobile_phone": null, "operator": null, "waterway": null, "natural": "water", "lat": 13.9842249, "lon": 106.8186 }, "geometry": { "type": "Point", "coordinates": [ 106.8186, 13.9842249 ] } },
{ "type": "Feature", "properties": { "source_type": "water", "osm_type": "way", "osm_id": 1132325816, "name": null, "man_made": null, "tower_type": null, "mobile_phone": null, "operator": null, "waterway": null, "natural": "water", "lat": 13.7655862, "lon": 107.4899197 }, "geometry": { "type": "Point", "coordinates": [ 107.4899197, 13.7655862 ] } },
{ "type": "Feature", "properties": { "source_type": "water", "osm_type": "way", "osm_id": 1132443710, "name": null, "man_made": null, "tower_type": null, "mobile_phone": null, "operator": null, "waterway": null, "natural": "water", "lat": 13.7666738, "lon": 107.4867592 }, "geometry": { "type": "Point", "coordinates": [ 107.4867592, 13.7666738 ] } },
{ "type": "Feature", "properties": { "source_type": "water", "osm_type": "way", "osm_id": 1132444012, "name": null, "man_made": null, "tower_type": null, "mobile_phone": null, "operator": null, "waterway": null, "natural": "water", "lat": 13.7650357, "lon": 107.4850101 }, "geometry": { "type": "Point", "coordinates": [ 107.4850101, 13.7650357 ] } },
{ "type": "Feature", "properties": { "source_type": "water", "osm_type": "way", "osm_id": 1132446684, "name": null, "man_made": null, "tower_type": null, "mobile_phone": null, "operator": null, "waterway": null, "natural": "water", "lat": 13.7703933, "lon": 107.4886751 }, "geometry": { "type": "Point", "coordinates": [ 107.4886751, 13.7703933 ] } },
{ "type": "Feature", "properties": { "source_type": "water", "osm_type": "way", "osm_id": 1144241100, "name": null, "man_made": null, "tower_type": null, "mobile_phone": null, "operator": null, "waterway": "stream", "natural": null, "lat": 11.8539948, "lon": 106.9867749 }, "geometry": { "type": "Point", "coordinates": [ 106.9867749, 11.8539948 ] } },
{ "type": "Feature", "properties": { "source_type": "water", "osm_type": "way", "osm_id": 1144241101, "name": null, "man_made": null, "tower_type": null, "mobile_phone": null, "operator": null, "waterway": "stream", "natural": null, "lat": 11.8358856, "lon": 106.9917602 }, "geometry": { "type": "Point", "coordinates": [ 106.9917602, 11.8358856 ] } },
{ "type": "Feature", "properties": { "source_type": "water", "osm_type": "way", "osm_id": 1144241108, "name": "Suối Đá", "man_made": null, "tower_type": null, "mobile_phone": null, "operator": null, "waterway": "stream", "natural": null, "lat": 11.8165405, "lon": 106.9981262 }, "geometry": { "type": "Point", "coordinates": [ 106.9981262, 11.8165405 ] } },
{ "type": "Feature", "properties": { "source_type": "water", "osm_type": "way", "osm_id": 1147393027, "name": null, "man_made": null, "tower_type": null, "mobile_phone": null, "operator": null, "waterway": "stream", "natural": null, "lat": 13.7169236, "lon": 106.9138129 }, "geometry": { "type": "Point", "coordinates": [ 106.9138129, 13.7169236 ] } },
{ "type": "Feature", "properties": { "source_type": "water", "osm_type": "way", "osm_id": 1147530898, "name": "Don SaHong", "man_made": null, "tower_type": null, "mobile_phone": null, "operator": null, "waterway": null, "natural": "water", "lat": 13.9498434, "lon": 105.9627589 }, "geometry": { "type": "Point", "coordinates": [ 105.9627589, 13.9498434 ] } },
{ "type": "Feature", "properties": { "source_type": "water", "osm_type": "way", "osm_id": 1150862242, "name": null, "man_made": null, "tower_type": null, "mobile_phone": null, "operator": null, "waterway": "stream", "natural": null, "lat": 12.2924218, "lon": 105.9136853 }, "geometry": { "type": "Point", "coordinates": [ 105.9136853, 12.2924218 ] } },
{ "type": "Feature", "properties": { "source_type": "water", "osm_type": "way", "osm_id": 1150862252, "name": null, "man_made": null, "tower_type": null, "mobile_phone": null, "operator": null, "waterway": "stream", "natural": null, "lat": 12.4264984, "lon": 106.0421646 }, "geometry": { "type": "Point", "coordinates": [ 106.0421646, 12.4264984 ] } },
{ "type": "Feature", "properties": { "source_type": "water", "osm_type": "way", "osm_id": 1150862253, "name": null, "man_made": null, "tower_type": null, "mobile_phone": null, "operator": null, "waterway": "stream", "natural": null, "lat": 12.4284037, "lon": 106.0439218 }, "geometry": { "type": "Point", "coordinates": [ 106.0439218, 12.4284037 ] } },
{ "type": "Feature", "properties": { "source_type": "water", "osm_type": "way", "osm_id": 1150862254, "name": null, "man_made": null, "tower_type": null, "mobile_phone": null, "operator": null, "waterway": "stream", "natural": null, "lat": 12.4274328, "lon": 106.0453239 }, "geometry": { "type": "Point", "coordinates": [ 106.0453239, 12.4274328 ] } },
{ "type": "Feature", "properties": { "source_type": "water", "osm_type": "way", "osm_id": 1150862255, "name": null, "man_made": null, "tower_type": null, "mobile_phone": null, "operator": null, "waterway": "stream", "natural": null, "lat": 12.4228929, "lon": 106.0414556 }, "geometry": { "type": "Point", "coordinates": [ 106.0414556, 12.4228929 ] } },
{ "type": "Feature", "properties": { "source_type": "water", "osm_type": "way", "osm_id": 1150862256, "name": null, "man_made": null, "tower_type": null, "mobile_phone": null, "operator": null, "waterway": "stream", "natural": null, "lat": 12.4220885, "lon": 106.0414504 }, "geometry": { "type": "Point", "coordinates": [ 106.0414504, 12.4220885 ] } },
{ "type": "Feature", "properties": { "source_type": "water", "osm_type": "way", "osm_id": 1150862257, "name": null, "man_made": null, "tower_type": null, "mobile_phone": null, "operator": null, "waterway": "stream", "natural": null, "lat": 12.4223616, "lon": 106.0414741 }, "geometry": { "type": "Point", "coordinates": [ 106.0414741, 12.4223616 ] } },
{ "type": "Feature", "properties": { "source_type": "water", "osm_type": "way", "osm_id": 1150862258, "name": null, "man_made": null, "tower_type": null, "mobile_phone": null, "operator": null, "waterway": "stream", "natural": null, "lat": 12.4160527, "lon": 106.0458866 }, "geometry": { "type": "Point", "coordinates": [ 106.0458866, 12.4160527 ] } },
{ "type": "Feature", "properties": { "source_type": "water", "osm_type": "way", "osm_id": 1150862259, "name": null, "man_made": null, "tower_type": null, "mobile_phone": null, "operator": null, "waterway": "stream", "natural": null, "lat": 12.4179315, "lon": 106.0450311 }, "geometry": { "type": "Point", "coordinates": [ 106.0450311, 12.4179315 ] } },
{ "type": "Feature", "properties": { "source_type": "water", "osm_type": "way", "osm_id": 1150862260, "name": null, "man_made": null, "tower_type": null, "mobile_phone": null, "operator": null, "waterway": "stream", "natural": null, "lat": 12.4178676, "lon": 106.0450081 }, "geometry": { "type": "Point", "coordinates": [ 106.0450081, 12.4178676 ] } },
{ "type": "Feature", "properties": { "source_type": "water", "osm_type": "way", "osm_id": 1150862261, "name": null, "man_made": null, "tower_type": null, "mobile_phone": null, "operator": null, "waterway": null, "natural": "water", "lat": 12.3990278, "lon": 106.0533561 }, "geometry": { "type": "Point", "coordinates": [ 106.0533561, 12.3990278 ] } },
{ "type": "Feature", "properties": { "source_type": "water", "osm_type": "way", "osm_id": 1150862262, "name": null, "man_made": null, "tower_type": null, "mobile_phone": null, "operator": null, "waterway": "stream", "natural": null, "lat": 12.391415, "lon": 106.0565079 }, "geometry": { "type": "Point", "coordinates": [ 106.0565079, 12.391415 ] } },
{ "type": "Feature", "properties": { "source_type": "water", "osm_type": "way", "osm_id": 1150862263, "name": null, "man_made": null, "tower_type": null, "mobile_phone": null, "operator": null, "waterway": "stream", "natural": null, "lat": 12.4236571, "lon": 106.0456414 }, "geometry": { "type": "Point", "coordinates": [ 106.0456414, 12.4236571 ] } },
{ "type": "Feature", "properties": { "source_type": "water", "osm_type": "way", "osm_id": 1150862264, "name": null, "man_made": null, "tower_type": null, "mobile_phone": null, "operator": null, "waterway": "stream", "natural": null, "lat": 12.4236578, "lon": 106.0457716 }, "geometry": { "type": "Point", "coordinates": [ 106.0457716, 12.4236578 ] } },
{ "type": "Feature", "properties": { "source_type": "water", "osm_type": "way", "osm_id": 1151922088, "name": null, "man_made": null, "tower_type": null, "mobile_phone": null, "operator": null, "waterway": "stream", "natural": null, "lat": 12.6705423, "lon": 105.9611869 }, "geometry": { "type": "Point", "coordinates": [ 105.9611869, 12.6705423 ] } },
{ "type": "Feature", "properties": { "source_type": "water", "osm_type": "way", "osm_id": 1151922098, "name": null, "man_made": null, "tower_type": null, "mobile_phone": null, "operator": null, "waterway": "canal", "natural": null, "lat": 12.6802169, "lon": 105.9776227 }, "geometry": { "type": "Point", "coordinates": [ 105.9776227, 12.6802169 ] } },
{ "type": "Feature", "properties": { "source_type": "water", "osm_type": "way", "osm_id": 1151922099, "name": null, "man_made": null, "tower_type": null, "mobile_phone": null, "operator": null, "waterway": null, "natural": "water", "lat": 12.6774294, "lon": 105.9723015 }, "geometry": { "type": "Point", "coordinates": [ 105.9723015, 12.6774294 ] } },
{ "type": "Feature", "properties": { "source_type": "water", "osm_type": "way", "osm_id": 1151922101, "name": null, "man_made": null, "tower_type": null, "mobile_phone": null, "operator": null, "waterway": "stream", "natural": null, "lat": 12.8642654, "lon": 105.9186254 }, "geometry": { "type": "Point", "coordinates": [ 105.9186254, 12.8642654 ] } },
{ "type": "Feature", "properties": { "source_type": "water", "osm_type": "way", "osm_id": 1151922104, "name": null, "man_made": null, "tower_type": null, "mobile_phone": null, "operator": null, "waterway": "canal", "natural": null, "lat": 12.6783807, "lon": 105.9745617 }, "geometry": { "type": "Point", "coordinates": [ 105.9745617, 12.6783807 ] } },
{ "type": "Feature", "properties": { "source_type": "water", "osm_type": "way", "osm_id": 1151922105, "name": null, "man_made": null, "tower_type": null, "mobile_phone": null, "operator": null, "waterway": "canal", "natural": null, "lat": 12.6783622, "lon": 105.9745037 }, "geometry": { "type": "Point", "coordinates": [ 105.9745037, 12.6783622 ] } },
{ "type": "Feature", "properties": { "source_type": "water", "osm_type": "way", "osm_id": 1151930413, "name": null, "man_made": null, "tower_type": null, "mobile_phone": null, "operator": null, "waterway": "river", "natural": null, "lat": 13.0141609, "lon": 105.9333335 }, "geometry": { "type": "Point", "coordinates": [ 105.9333335, 13.0141609 ] } },
{ "type": "Feature", "properties": { "source_type": "water", "osm_type": "way", "osm_id": 1151930416, "name": null, "man_made": null, "tower_type": null, "mobile_phone": null, "operator": null, "waterway": "stream", "natural": null, "lat": 12.9070432, "lon": 105.9482097 }, "geometry": { "type": "Point", "coordinates": [ 105.9482097, 12.9070432 ] } },
{ "type": "Feature", "properties": { "source_type": "water", "osm_type": "way", "osm_id": 1152313273, "name": null, "man_made": null, "tower_type": null, "mobile_phone": null, "operator": null, "waterway": "stream", "natural": null, "lat": 12.9466436, "lon": 106.4228065 }, "geometry": { "type": "Point", "coordinates": [ 106.4228065, 12.9466436 ] } },
{ "type": "Feature", "properties": { "source_type": "water", "osm_type": "way", "osm_id": 1152313274, "name": null, "man_made": null, "tower_type": null, "mobile_phone": null, "operator": null, "waterway": "stream", "natural": null, "lat": 12.9430711, "lon": 106.4549318 }, "geometry": { "type": "Point", "coordinates": [ 106.4549318, 12.9430711 ] } },
{ "type": "Feature", "properties": { "source_type": "water", "osm_type": "way", "osm_id": 1152313275, "name": null, "man_made": null, "tower_type": null, "mobile_phone": null, "operator": null, "waterway": "stream", "natural": null, "lat": 12.9432315, "lon": 106.4551563 }, "geometry": { "type": "Point", "coordinates": [ 106.4551563, 12.9432315 ] } },
{ "type": "Feature", "properties": { "source_type": "water", "osm_type": "way", "osm_id": 1152313276, "name": null, "man_made": null, "tower_type": null, "mobile_phone": null, "operator": null, "waterway": "stream", "natural": null, "lat": 12.9197868, "lon": 106.5270751 }, "geometry": { "type": "Point", "coordinates": [ 106.5270751, 12.9197868 ] } },
{ "type": "Feature", "properties": { "source_type": "water", "osm_type": "way", "osm_id": 1152313277, "name": null, "man_made": null, "tower_type": null, "mobile_phone": null, "operator": null, "waterway": "stream", "natural": null, "lat": 12.8784238, "lon": 106.5394443 }, "geometry": { "type": "Point", "coordinates": [ 106.5394443, 12.8784238 ] } },
{ "type": "Feature", "properties": { "source_type": "water", "osm_type": "way", "osm_id": 1152313278, "name": null, "man_made": null, "tower_type": null, "mobile_phone": null, "operator": null, "waterway": "stream", "natural": null, "lat": 13.185214, "lon": 106.5808282 }, "geometry": { "type": "Point", "coordinates": [ 106.5808282, 13.185214 ] } },
{ "type": "Feature", "properties": { "source_type": "water", "osm_type": "way", "osm_id": 1152313279, "name": null, "man_made": null, "tower_type": null, "mobile_phone": null, "operator": null, "waterway": "river", "natural": null, "lat": 13.2619211, "lon": 105.8359248 }, "geometry": { "type": "Point", "coordinates": [ 105.8359248, 13.2619211 ] } },
{ "type": "Feature", "properties": { "source_type": "water", "osm_type": "way", "osm_id": 1152313280, "name": null, "man_made": null, "tower_type": null, "mobile_phone": null, "operator": null, "waterway": "stream", "natural": null, "lat": 13.2198679, "lon": 105.9471951 }, "geometry": { "type": "Point", "coordinates": [ 105.9471951, 13.2198679 ] } },
{ "type": "Feature", "properties": { "source_type": "water", "osm_type": "way", "osm_id": 1152313281, "name": null, "man_made": null, "tower_type": null, "mobile_phone": null, "operator": null, "waterway": "river", "natural": null, "lat": 13.1818735, "lon": 105.9570884 }, "geometry": { "type": "Point", "coordinates": [ 105.9570884, 13.1818735 ] } },
{ "type": "Feature", "properties": { "source_type": "water", "osm_type": "way", "osm_id": 1152313282, "name": null, "man_made": null, "tower_type": null, "mobile_phone": null, "operator": null, "waterway": "stream", "natural": null, "lat": 13.188889, "lon": 105.967369 }, "geometry": { "type": "Point", "coordinates": [ 105.967369, 13.188889 ] } },
{ "type": "Feature", "properties": { "source_type": "water", "osm_type": "way", "osm_id": 1154413292, "name": null, "man_made": null, "tower_type": null, "mobile_phone": null, "operator": null, "waterway": "stream", "natural": null, "lat": 13.8001714, "lon": 105.9240807 }, "geometry": { "type": "Point", "coordinates": [ 105.9240807, 13.8001714 ] } },
{ "type": "Feature", "properties": { "source_type": "water", "osm_type": "way", "osm_id": 1155961041, "name": "ទន្លេសាន", "man_made": null, "tower_type": null, "mobile_phone": null, "operator": null, "waterway": null, "natural": "water", "lat": 13.9693449, "lon": 107.2323816 }, "geometry": { "type": "Point", "coordinates": [ 107.2323816, 13.9693449 ] } },
{ "type": "Feature", "properties": { "source_type": "water", "osm_type": "way", "osm_id": 1155962215, "name": null, "man_made": null, "tower_type": null, "mobile_phone": null, "operator": null, "waterway": "stream", "natural": null, "lat": 12.1843248, "lon": 107.023369 }, "geometry": { "type": "Point", "coordinates": [ 107.023369, 12.1843248 ] } },
{ "type": "Feature", "properties": { "source_type": "water", "osm_type": "way", "osm_id": 1155962218, "name": "Sông Ia Lốp", "man_made": null, "tower_type": null, "mobile_phone": null, "operator": null, "waterway": null, "natural": "water", "lat": 13.3365224, "lon": 107.65055 }, "geometry": { "type": "Point", "coordinates": [ 107.65055, 13.3365224 ] } },
{ "type": "Feature", "properties": { "source_type": "water", "osm_type": "way", "osm_id": 1155962222, "name": null, "man_made": null, "tower_type": null, "mobile_phone": null, "operator": null, "waterway": null, "natural": "water", "lat": 13.3622292, "lon": 107.6846194 }, "geometry": { "type": "Point", "coordinates": [ 107.6846194, 13.3622292 ] } },
{ "type": "Feature", "properties": { "source_type": "water", "osm_type": "way", "osm_id": 1155962226, "name": null, "man_made": null, "tower_type": null, "mobile_phone": null, "operator": null, "waterway": null, "natural": "water", "lat": 13.3126334, "lon": 107.6194109 }, "geometry": { "type": "Point", "coordinates": [ 107.6194109, 13.3126334 ] } },
{ "type": "Feature", "properties": { "source_type": "water", "osm_type": "way", "osm_id": 1155963978, "name": "ទន្លេកុង / ເຊກອງ", "man_made": null, "tower_type": null, "mobile_phone": null, "operator": null, "waterway": "river", "natural": null, "lat": 14.5167176, "lon": 106.439411 }, "geometry": { "type": "Point", "coordinates": [ 106.439411, 14.5167176 ] } },
{ "type": "Feature", "properties": { "source_type": "water", "osm_type": "way", "osm_id": 1155963984, "name": "Sông Đắk Huýt", "man_made": null, "tower_type": null, "mobile_phone": null, "operator": null, "waterway": "river", "natural": null, "lat": 11.9881102, "lon": 106.9309216 }, "geometry": { "type": "Point", "coordinates": [ 106.9309216, 11.9881102 ] } },
{ "type": "Feature", "properties": { "source_type": "water", "osm_type": "way", "osm_id": 1155963986, "name": "Sông Đắk Huýt / ព្រែកដាក់ហួត", "man_made": null, "tower_type": null, "mobile_phone": null, "operator": null, "waterway": "river", "natural": null, "lat": 12.2485685, "lon": 107.144066 }, "geometry": { "type": "Point", "coordinates": [ 107.144066, 12.2485685 ] } },
{ "type": "Feature", "properties": { "source_type": "water", "osm_type": "way", "osm_id": 1155963988, "name": "Sông Đắk Huýt / ព្រែកដាក់ហួត", "man_made": null, "tower_type": null, "mobile_phone": null, "operator": null, "waterway": "river", "natural": null, "lat": 12.1141568, "lon": 107.0199972 }, "geometry": { "type": "Point", "coordinates": [ 107.0199972, 12.1141568 ] } },
{ "type": "Feature", "properties": { "source_type": "water", "osm_type": "way", "osm_id": 1155963996, "name": "Sông Sê San", "man_made": null, "tower_type": null, "mobile_phone": null, "operator": null, "waterway": "river", "natural": null, "lat": 13.9270356, "lon": 107.4624521 }, "geometry": { "type": "Point", "coordinates": [ 107.4624521, 13.9270356 ] } },
{ "type": "Feature", "properties": { "source_type": "water", "osm_type": "way", "osm_id": 1158594104, "name": null, "man_made": null, "tower_type": null, "mobile_phone": null, "operator": null, "waterway": null, "natural": "water", "lat": 12.8134051, "lon": 105.884295 }, "geometry": { "type": "Point", "coordinates": [ 105.884295, 12.8134051 ] } },
{ "type": "Feature", "properties": { "source_type": "water", "osm_type": "way", "osm_id": 1158594105, "name": null, "man_made": null, "tower_type": null, "mobile_phone": null, "operator": null, "waterway": null, "natural": "water", "lat": 12.8131788, "lon": 105.8853491 }, "geometry": { "type": "Point", "coordinates": [ 105.8853491, 12.8131788 ] } },
{ "type": "Feature", "properties": { "source_type": "water", "osm_type": "way", "osm_id": 1158594106, "name": null, "man_made": null, "tower_type": null, "mobile_phone": null, "operator": null, "waterway": null, "natural": "water", "lat": 12.8131514, "lon": 105.885718 }, "geometry": { "type": "Point", "coordinates": [ 105.885718, 12.8131514 ] } },
{ "type": "Feature", "properties": { "source_type": "water", "osm_type": "way", "osm_id": 1158594107, "name": null, "man_made": null, "tower_type": null, "mobile_phone": null, "operator": null, "waterway": null, "natural": "water", "lat": 12.8149874, "lon": 105.886815 }, "geometry": { "type": "Point", "coordinates": [ 105.886815, 12.8149874 ] } },
{ "type": "Feature", "properties": { "source_type": "water", "osm_type": "way", "osm_id": 1158594108, "name": null, "man_made": null, "tower_type": null, "mobile_phone": null, "operator": null, "waterway": null, "natural": "water", "lat": 12.8152045, "lon": 105.8874869 }, "geometry": { "type": "Point", "coordinates": [ 105.8874869, 12.8152045 ] } },
{ "type": "Feature", "properties": { "source_type": "water", "osm_type": "way", "osm_id": 1174699042, "name": "ព្រែកដាក់ដាំ / Sông Đắk Đăm", "man_made": null, "tower_type": null, "mobile_phone": null, "operator": null, "waterway": "river", "natural": null, "lat": 12.7668223, "lon": 107.5546616 }, "geometry": { "type": "Point", "coordinates": [ 107.5546616, 12.7668223 ] } },
{ "type": "Feature", "properties": { "source_type": "water", "osm_type": "way", "osm_id": 1177894773, "name": "Sông Chiu Riu / ព្រែកជ្រីវ", "man_made": null, "tower_type": null, "mobile_phone": null, "operator": null, "waterway": "stream", "natural": null, "lat": 11.9743984, "lon": 106.5040559 }, "geometry": { "type": "Point", "coordinates": [ 106.5040559, 11.9743984 ] } },
{ "type": "Feature", "properties": { "source_type": "water", "osm_type": "way", "osm_id": 1192038142, "name": "Suối Đắk Nhau", "man_made": null, "tower_type": null, "mobile_phone": null, "operator": null, "waterway": "stream", "natural": null, "lat": 11.9301862, "lon": 107.2152616 }, "geometry": { "type": "Point", "coordinates": [ 107.2152616, 11.9301862 ] } },
{ "type": "Feature", "properties": { "source_type": "water", "osm_type": "way", "osm_id": 1192685376, "name": "Suối Dung", "man_made": null, "tower_type": null, "mobile_phone": null, "operator": null, "waterway": "stream", "natural": null, "lat": 11.840662, "lon": 106.9899597 }, "geometry": { "type": "Point", "coordinates": [ 106.9899597, 11.840662 ] } },
{ "type": "Feature", "properties": { "source_type": "water", "osm_type": "way", "osm_id": 1192685377, "name": null, "man_made": null, "tower_type": null, "mobile_phone": null, "operator": null, "waterway": "stream", "natural": null, "lat": 11.846381, "lon": 106.9895097 }, "geometry": { "type": "Point", "coordinates": [ 106.9895097, 11.846381 ] } },
{ "type": "Feature", "properties": { "source_type": "water", "osm_type": "way", "osm_id": 1192771905, "name": "Sông Bé", "man_made": null, "tower_type": null, "mobile_phone": null, "operator": null, "waterway": "river", "natural": null, "lat": 11.8402216, "lon": 107.0050449 }, "geometry": { "type": "Point", "coordinates": [ 107.0050449, 11.8402216 ] } },
{ "type": "Feature", "properties": { "source_type": "water", "osm_type": "way", "osm_id": 1192771907, "name": "Hồ Bù Nâu", "man_made": null, "tower_type": null, "mobile_phone": null, "operator": null, "waterway": null, "natural": "water", "lat": 11.8227479, "lon": 106.65088 }, "geometry": { "type": "Point", "coordinates": [ 106.65088, 11.8227479 ] } },
{ "type": "Feature", "properties": { "source_type": "water", "osm_type": "way", "osm_id": 1192953048, "name": "Sông Đắk Glun", "man_made": null, "tower_type": null, "mobile_phone": null, "operator": null, "waterway": "river", "natural": null, "lat": 12.0250039, "lon": 107.1833712 }, "geometry": { "type": "Point", "coordinates": [ 107.1833712, 12.0250039 ] } },
{ "type": "Feature", "properties": { "source_type": "water", "osm_type": "way", "osm_id": 1192953049, "name": "Sông Đắk Glun", "man_made": null, "tower_type": null, "mobile_phone": null, "operator": null, "waterway": "river", "natural": null, "lat": 12.0320239, "lon": 107.2126392 }, "geometry": { "type": "Point", "coordinates": [ 107.2126392, 12.0320239 ] } },
{ "type": "Feature", "properties": { "source_type": "water", "osm_type": "way", "osm_id": 1192953077, "name": "Sông Đắk Glun", "man_made": null, "tower_type": null, "mobile_phone": null, "operator": null, "waterway": "river", "natural": null, "lat": 12.0228682, "lon": 107.1780497 }, "geometry": { "type": "Point", "coordinates": [ 107.1780497, 12.0228682 ] } },
{ "type": "Feature", "properties": { "source_type": "water", "osm_type": "way", "osm_id": 1192953082, "name": "Hồ Đắk Glun", "man_made": null, "tower_type": null, "mobile_phone": null, "operator": null, "waterway": null, "natural": "water", "lat": 12.0392126, "lon": 107.1956058 }, "geometry": { "type": "Point", "coordinates": [ 107.1956058, 12.0392126 ] } },
{ "type": "Feature", "properties": { "source_type": "water", "osm_type": "way", "osm_id": 1193056188, "name": "Suối Đắk Nhau", "man_made": null, "tower_type": null, "mobile_phone": null, "operator": null, "waterway": "stream", "natural": null, "lat": 11.8693436, "lon": 107.1327655 }, "geometry": { "type": "Point", "coordinates": [ 107.1327655, 11.8693436 ] } },
{ "type": "Feature", "properties": { "source_type": "water", "osm_type": "way", "osm_id": 1193531591, "name": null, "man_made": null, "tower_type": null, "mobile_phone": null, "operator": null, "waterway": null, "natural": "water", "lat": 12.0223051, "lon": 107.1807261 }, "geometry": { "type": "Point", "coordinates": [ 107.1807261, 12.0223051 ] } },
{ "type": "Feature", "properties": { "source_type": "water", "osm_type": "way", "osm_id": 1193531592, "name": null, "man_made": null, "tower_type": null, "mobile_phone": null, "operator": null, "waterway": null, "natural": "water", "lat": 12.0117488, "lon": 107.1739139 }, "geometry": { "type": "Point", "coordinates": [ 107.1739139, 12.0117488 ] } },
{ "type": "Feature", "properties": { "source_type": "water", "osm_type": "way", "osm_id": 1193531594, "name": null, "man_made": null, "tower_type": null, "mobile_phone": null, "operator": null, "waterway": null, "natural": "water", "lat": 11.9891597, "lon": 107.1476465 }, "geometry": { "type": "Point", "coordinates": [ 107.1476465, 11.9891597 ] } },
{ "type": "Feature", "properties": { "source_type": "water", "osm_type": "way", "osm_id": 1193713753, "name": "Hồ Đắk Kar", "man_made": null, "tower_type": null, "mobile_phone": null, "operator": null, "waterway": null, "natural": "water", "lat": 11.8530669, "lon": 107.4258613 }, "geometry": { "type": "Point", "coordinates": [ 107.4258613, 11.8530669 ] } },
{ "type": "Feature", "properties": { "source_type": "water", "osm_type": "way", "osm_id": 1202495692, "name": "Bàu Bà Linh", "man_made": null, "tower_type": null, "mobile_phone": null, "operator": null, "waterway": null, "natural": "water", "lat": 11.9484365, "lon": 106.7491738 }, "geometry": { "type": "Point", "coordinates": [ 106.7491738, 11.9484365 ] } },
{ "type": "Feature", "properties": { "source_type": "water", "osm_type": "way", "osm_id": 1204844451, "name": null, "man_made": null, "tower_type": null, "mobile_phone": null, "operator": null, "waterway": null, "natural": "water", "lat": 11.9467052, "lon": 106.7443134 }, "geometry": { "type": "Point", "coordinates": [ 106.7443134, 11.9467052 ] } },
{ "type": "Feature", "properties": { "source_type": "water", "osm_type": "way", "osm_id": 1205513935, "name": null, "man_made": null, "tower_type": null, "mobile_phone": null, "operator": null, "waterway": null, "natural": "water", "lat": 11.8861331, "lon": 107.4448263 }, "geometry": { "type": "Point", "coordinates": [ 107.4448263, 11.8861331 ] } },
{ "type": "Feature", "properties": { "source_type": "water", "osm_type": "way", "osm_id": 1205513936, "name": null, "man_made": null, "tower_type": null, "mobile_phone": null, "operator": null, "waterway": null, "natural": "water", "lat": 11.8860469, "lon": 107.4456312 }, "geometry": { "type": "Point", "coordinates": [ 107.4456312, 11.8860469 ] } },
{ "type": "Feature", "properties": { "source_type": "water", "osm_type": "way", "osm_id": 1205513937, "name": null, "man_made": null, "tower_type": null, "mobile_phone": null, "operator": null, "waterway": null, "natural": "water", "lat": 11.8853493, "lon": 107.4460222 }, "geometry": { "type": "Point", "coordinates": [ 107.4460222, 11.8853493 ] } },
{ "type": "Feature", "properties": { "source_type": "water", "osm_type": "way", "osm_id": 1205513938, "name": null, "man_made": null, "tower_type": null, "mobile_phone": null, "operator": null, "waterway": null, "natural": "water", "lat": 11.8848917, "lon": 107.4465914 }, "geometry": { "type": "Point", "coordinates": [ 107.4465914, 11.8848917 ] } },
{ "type": "Feature", "properties": { "source_type": "water", "osm_type": "way", "osm_id": 1205513939, "name": null, "man_made": null, "tower_type": null, "mobile_phone": null, "operator": null, "waterway": null, "natural": "water", "lat": 11.8843684, "lon": 107.4472046 }, "geometry": { "type": "Point", "coordinates": [ 107.4472046, 11.8843684 ] } },
{ "type": "Feature", "properties": { "source_type": "water", "osm_type": "way", "osm_id": 1205513940, "name": null, "man_made": null, "tower_type": null, "mobile_phone": null, "operator": null, "waterway": null, "natural": "water", "lat": 11.8840814, "lon": 107.447034 }, "geometry": { "type": "Point", "coordinates": [ 107.447034, 11.8840814 ] } },
{ "type": "Feature", "properties": { "source_type": "water", "osm_type": "way", "osm_id": 1205513941, "name": null, "man_made": null, "tower_type": null, "mobile_phone": null, "operator": null, "waterway": null, "natural": "water", "lat": 11.8827593, "lon": 107.4470398 }, "geometry": { "type": "Point", "coordinates": [ 107.4470398, 11.8827593 ] } },
{ "type": "Feature", "properties": { "source_type": "water", "osm_type": "way", "osm_id": 1205513942, "name": null, "man_made": null, "tower_type": null, "mobile_phone": null, "operator": null, "waterway": null, "natural": "water", "lat": 11.8826056, "lon": 107.4477969 }, "geometry": { "type": "Point", "coordinates": [ 107.4477969, 11.8826056 ] } },
{ "type": "Feature", "properties": { "source_type": "water", "osm_type": "way", "osm_id": 1205513943, "name": null, "man_made": null, "tower_type": null, "mobile_phone": null, "operator": null, "waterway": null, "natural": "water", "lat": 11.8828587, "lon": 107.4480172 }, "geometry": { "type": "Point", "coordinates": [ 107.4480172, 11.8828587 ] } },
{ "type": "Feature", "properties": { "source_type": "water", "osm_type": "way", "osm_id": 1205513948, "name": null, "man_made": null, "tower_type": null, "mobile_phone": null, "operator": null, "waterway": null, "natural": "water", "lat": 11.8765253, "lon": 107.4472859 }, "geometry": { "type": "Point", "coordinates": [ 107.4472859, 11.8765253 ] } },
{ "type": "Feature", "properties": { "source_type": "water", "osm_type": "way", "osm_id": 1205513949, "name": null, "man_made": null, "tower_type": null, "mobile_phone": null, "operator": null, "waterway": null, "natural": "water", "lat": 11.8751552, "lon": 107.4509585 }, "geometry": { "type": "Point", "coordinates": [ 107.4509585, 11.8751552 ] } },
{ "type": "Feature", "properties": { "source_type": "water", "osm_type": "way", "osm_id": 1205513950, "name": null, "man_made": null, "tower_type": null, "mobile_phone": null, "operator": null, "waterway": null, "natural": "water", "lat": 11.8744429, "lon": 107.4520966 }, "geometry": { "type": "Point", "coordinates": [ 107.4520966, 11.8744429 ] } },
{ "type": "Feature", "properties": { "source_type": "water", "osm_type": "way", "osm_id": 1205513951, "name": null, "man_made": null, "tower_type": null, "mobile_phone": null, "operator": null, "waterway": null, "natural": "water", "lat": 11.8740377, "lon": 107.4531603 }, "geometry": { "type": "Point", "coordinates": [ 107.4531603, 11.8740377 ] } },
{ "type": "Feature", "properties": { "source_type": "water", "osm_type": "way", "osm_id": 1205513952, "name": null, "man_made": null, "tower_type": null, "mobile_phone": null, "operator": null, "waterway": null, "natural": "water", "lat": 11.8736176, "lon": 107.4538215 }, "geometry": { "type": "Point", "coordinates": [ 107.4538215, 11.8736176 ] } },
{ "type": "Feature", "properties": { "source_type": "water", "osm_type": "way", "osm_id": 1205513955, "name": null, "man_made": null, "tower_type": null, "mobile_phone": null, "operator": null, "waterway": null, "natural": "water", "lat": 11.8762818, "lon": 107.456179 }, "geometry": { "type": "Point", "coordinates": [ 107.456179, 11.8762818 ] } },
{ "type": "Feature", "properties": { "source_type": "water", "osm_type": "way", "osm_id": 1205513956, "name": null, "man_made": null, "tower_type": null, "mobile_phone": null, "operator": null, "waterway": null, "natural": "water", "lat": 11.8759204, "lon": 107.4561511 }, "geometry": { "type": "Point", "coordinates": [ 107.4561511, 11.8759204 ] } },
{ "type": "Feature", "properties": { "source_type": "water", "osm_type": "way", "osm_id": 1205513957, "name": null, "man_made": null, "tower_type": null, "mobile_phone": null, "operator": null, "waterway": null, "natural": "water", "lat": 11.8763053, "lon": 107.4566089 }, "geometry": { "type": "Point", "coordinates": [ 107.4566089, 11.8763053 ] } },
{ "type": "Feature", "properties": { "source_type": "water", "osm_type": "way", "osm_id": 1205513960, "name": null, "man_made": null, "tower_type": null, "mobile_phone": null, "operator": null, "waterway": null, "natural": "water", "lat": 11.8767322, "lon": 107.4531229 }, "geometry": { "type": "Point", "coordinates": [ 107.4531229, 11.8767322 ] } },
{ "type": "Feature", "properties": { "source_type": "water", "osm_type": "way", "osm_id": 1205513961, "name": null, "man_made": null, "tower_type": null, "mobile_phone": null, "operator": null, "waterway": null, "natural": "water", "lat": 11.8766196, "lon": 107.4558136 }, "geometry": { "type": "Point", "coordinates": [ 107.4558136, 11.8766196 ] } },
{ "type": "Feature", "properties": { "source_type": "water", "osm_type": "way", "osm_id": 1205513968, "name": null, "man_made": null, "tower_type": null, "mobile_phone": null, "operator": null, "waterway": null, "natural": "water", "lat": 11.8834979, "lon": 107.454223 }, "geometry": { "type": "Point", "coordinates": [ 107.454223, 11.8834979 ] } },
{ "type": "Feature", "properties": { "source_type": "water", "osm_type": "way", "osm_id": 1205513969, "name": null, "man_made": null, "tower_type": null, "mobile_phone": null, "operator": null, "waterway": null, "natural": "water", "lat": 11.8840535, "lon": 107.4543911 }, "geometry": { "type": "Point", "coordinates": [ 107.4543911, 11.8840535 ] } },
{ "type": "Feature", "properties": { "source_type": "water", "osm_type": "way", "osm_id": 1205513970, "name": null, "man_made": null, "tower_type": null, "mobile_phone": null, "operator": null, "waterway": null, "natural": "water", "lat": 11.8843677, "lon": 107.4544543 }, "geometry": { "type": "Point", "coordinates": [ 107.4544543, 11.8843677 ] } },
{ "type": "Feature", "properties": { "source_type": "water", "osm_type": "way", "osm_id": 1205513972, "name": null, "man_made": null, "tower_type": null, "mobile_phone": null, "operator": null, "waterway": null, "natural": "water", "lat": 11.8851249, "lon": 107.4560867 }, "geometry": { "type": "Point", "coordinates": [ 107.4560867, 11.8851249 ] } },
{ "type": "Feature", "properties": { "source_type": "water", "osm_type": "way", "osm_id": 1205513973, "name": null, "man_made": null, "tower_type": null, "mobile_phone": null, "operator": null, "waterway": null, "natural": "water", "lat": 11.8853279, "lon": 107.456012 }, "geometry": { "type": "Point", "coordinates": [ 107.456012, 11.8853279 ] } },
{ "type": "Feature", "properties": { "source_type": "water", "osm_type": "way", "osm_id": 1205513977, "name": null, "man_made": null, "tower_type": null, "mobile_phone": null, "operator": null, "waterway": null, "natural": "water", "lat": 11.8865654, "lon": 107.4657378 }, "geometry": { "type": "Point", "coordinates": [ 107.4657378, 11.8865654 ] } },
{ "type": "Feature", "properties": { "source_type": "water", "osm_type": "way", "osm_id": 1205513978, "name": null, "man_made": null, "tower_type": null, "mobile_phone": null, "operator": null, "waterway": null, "natural": "water", "lat": 11.8880143, "lon": 107.4653344 }, "geometry": { "type": "Point", "coordinates": [ 107.4653344, 11.8880143 ] } },
{ "type": "Feature", "properties": { "source_type": "water", "osm_type": "way", "osm_id": 1205513979, "name": null, "man_made": null, "tower_type": null, "mobile_phone": null, "operator": null, "waterway": null, "natural": "water", "lat": 11.8876605, "lon": 107.4655329 }, "geometry": { "type": "Point", "coordinates": [ 107.4655329, 11.8876605 ] } },
{ "type": "Feature", "properties": { "source_type": "water", "osm_type": "way", "osm_id": 1205513980, "name": null, "man_made": null, "tower_type": null, "mobile_phone": null, "operator": null, "waterway": null, "natural": "water", "lat": 11.8858021, "lon": 107.4698255 }, "geometry": { "type": "Point", "coordinates": [ 107.4698255, 11.8858021 ] } },
{ "type": "Feature", "properties": { "source_type": "water", "osm_type": "way", "osm_id": 1205513981, "name": null, "man_made": null, "tower_type": null, "mobile_phone": null, "operator": null, "waterway": null, "natural": "water", "lat": 11.8855014, "lon": 107.4696915 }, "geometry": { "type": "Point", "coordinates": [ 107.4696915, 11.8855014 ] } },
{ "type": "Feature", "properties": { "source_type": "water", "osm_type": "way", "osm_id": 1205513986, "name": null, "man_made": null, "tower_type": null, "mobile_phone": null, "operator": null, "waterway": null, "natural": "water", "lat": 11.8852614, "lon": 107.4700557 }, "geometry": { "type": "Point", "coordinates": [ 107.4700557, 11.8852614 ] } },
{ "type": "Feature", "properties": { "source_type": "water", "osm_type": "way", "osm_id": 1205513987, "name": null, "man_made": null, "tower_type": null, "mobile_phone": null, "operator": null, "waterway": null, "natural": "water", "lat": 11.8841527, "lon": 107.4694361 }, "geometry": { "type": "Point", "coordinates": [ 107.4694361, 11.8841527 ] } },
{ "type": "Feature", "properties": { "source_type": "water", "osm_type": "way", "osm_id": 1205513988, "name": null, "man_made": null, "tower_type": null, "mobile_phone": null, "operator": null, "waterway": null, "natural": "water", "lat": 11.8855942, "lon": 107.4702908 }, "geometry": { "type": "Point", "coordinates": [ 107.4702908, 11.8855942 ] } },
{ "type": "Feature", "properties": { "source_type": "water", "osm_type": "way", "osm_id": 1205513989, "name": null, "man_made": null, "tower_type": null, "mobile_phone": null, "operator": null, "waterway": null, "natural": "water", "lat": 11.8843136, "lon": 107.469737 }, "geometry": { "type": "Point", "coordinates": [ 107.469737, 11.8843136 ] } },
{ "type": "Feature", "properties": { "source_type": "water", "osm_type": "way", "osm_id": 1205513990, "name": null, "man_made": null, "tower_type": null, "mobile_phone": null, "operator": null, "waterway": null, "natural": "water", "lat": 11.8846576, "lon": 107.4691794 }, "geometry": { "type": "Point", "coordinates": [ 107.4691794, 11.8846576 ] } },
{ "type": "Feature", "properties": { "source_type": "water", "osm_type": "way", "osm_id": 1205513991, "name": null, "man_made": null, "tower_type": null, "mobile_phone": null, "operator": null, "waterway": null, "natural": "water", "lat": 11.8841206, "lon": 107.4702391 }, "geometry": { "type": "Point", "coordinates": [ 107.4702391, 11.8841206 ] } },
{ "type": "Feature", "properties": { "source_type": "water", "osm_type": "way", "osm_id": 1205513992, "name": null, "man_made": null, "tower_type": null, "mobile_phone": null, "operator": null, "waterway": null, "natural": "water", "lat": 11.8831876, "lon": 107.4684992 }, "geometry": { "type": "Point", "coordinates": [ 107.4684992, 11.8831876 ] } },
{ "type": "Feature", "properties": { "source_type": "water", "osm_type": "way", "osm_id": 1205513993, "name": null, "man_made": null, "tower_type": null, "mobile_phone": null, "operator": null, "waterway": null, "natural": "water", "lat": 11.8832322, "lon": 107.4688924 }, "geometry": { "type": "Point", "coordinates": [ 107.4688924, 11.8832322 ] } },
{ "type": "Feature", "properties": { "source_type": "water", "osm_type": "way", "osm_id": 1205513994, "name": null, "man_made": null, "tower_type": null, "mobile_phone": null, "operator": null, "waterway": null, "natural": "water", "lat": 11.8830837, "lon": 107.4686434 }, "geometry": { "type": "Point", "coordinates": [ 107.4686434, 11.8830837 ] } },
{ "type": "Feature", "properties": { "source_type": "water", "osm_type": "way", "osm_id": 1205513995, "name": null, "man_made": null, "tower_type": null, "mobile_phone": null, "operator": null, "waterway": null, "natural": "water", "lat": 11.8835502, "lon": 107.4692199 }, "geometry": { "type": "Point", "coordinates": [ 107.4692199, 11.8835502 ] } },
{ "type": "Feature", "properties": { "source_type": "water", "osm_type": "way", "osm_id": 1205513996, "name": null, "man_made": null, "tower_type": null, "mobile_phone": null, "operator": null, "waterway": null, "natural": "water", "lat": 11.8835848, "lon": 107.4683437 }, "geometry": { "type": "Point", "coordinates": [ 107.4683437, 11.8835848 ] } },
{ "type": "Feature", "properties": { "source_type": "water", "osm_type": "way", "osm_id": 1205514003, "name": null, "man_made": null, "tower_type": null, "mobile_phone": null, "operator": null, "waterway": null, "natural": "water", "lat": 11.8856757, "lon": 107.4640194 }, "geometry": { "type": "Point", "coordinates": [ 107.4640194, 11.8856757 ] } },
{ "type": "Feature", "properties": { "source_type": "water", "osm_type": "way", "osm_id": 1205514004, "name": null, "man_made": null, "tower_type": null, "mobile_phone": null, "operator": null, "waterway": null, "natural": "water", "lat": 11.885552, "lon": 107.4643166 }, "geometry": { "type": "Point", "coordinates": [ 107.4643166, 11.885552 ] } },
{ "type": "Feature", "properties": { "source_type": "water", "osm_type": "way", "osm_id": 1205514005, "name": null, "man_made": null, "tower_type": null, "mobile_phone": null, "operator": null, "waterway": null, "natural": "water", "lat": 11.8850137, "lon": 107.4644417 }, "geometry": { "type": "Point", "coordinates": [ 107.4644417, 11.8850137 ] } },
{ "type": "Feature", "properties": { "source_type": "water", "osm_type": "way", "osm_id": 1205514006, "name": null, "man_made": null, "tower_type": null, "mobile_phone": null, "operator": null, "waterway": null, "natural": "water", "lat": 11.8846747, "lon": 107.4645075 }, "geometry": { "type": "Point", "coordinates": [ 107.4645075, 11.8846747 ] } },
{ "type": "Feature", "properties": { "source_type": "water", "osm_type": "way", "osm_id": 1205514007, "name": null, "man_made": null, "tower_type": null, "mobile_phone": null, "operator": null, "waterway": null, "natural": "water", "lat": 11.8841167, "lon": 107.464811 }, "geometry": { "type": "Point", "coordinates": [ 107.464811, 11.8841167 ] } },
{ "type": "Feature", "properties": { "source_type": "water", "osm_type": "way", "osm_id": 1205704627, "name": "Sông Đồng Nai", "man_made": null, "tower_type": null, "mobile_phone": null, "operator": null, "waterway": "river", "natural": null, "lat": 11.7916155, "lon": 107.5518977 }, "geometry": { "type": "Point", "coordinates": [ 107.5518977, 11.7916155 ] } },
{ "type": "Feature", "properties": { "source_type": "water", "osm_type": "way", "osm_id": 1205704628, "name": "Sông Đồng Nai", "man_made": null, "tower_type": null, "mobile_phone": null, "operator": null, "waterway": "river", "natural": null, "lat": 11.7926771, "lon": 107.5532002 }, "geometry": { "type": "Point", "coordinates": [ 107.5532002, 11.7926771 ] } },
{ "type": "Feature", "properties": { "source_type": "water", "osm_type": "way", "osm_id": 1205704629, "name": null, "man_made": null, "tower_type": null, "mobile_phone": null, "operator": null, "waterway": "river", "natural": null, "lat": 11.7915103, "lon": 107.5538054 }, "geometry": { "type": "Point", "coordinates": [ 107.5538054, 11.7915103 ] } },
{ "type": "Feature", "properties": { "source_type": "water", "osm_type": "way", "osm_id": 1205704630, "name": null, "man_made": null, "tower_type": null, "mobile_phone": null, "operator": null, "waterway": "river", "natural": null, "lat": 11.793344, "lon": 107.5547155 }, "geometry": { "type": "Point", "coordinates": [ 107.5547155, 11.793344 ] } },
{ "type": "Feature", "properties": { "source_type": "water", "osm_type": "way", "osm_id": 1205704637, "name": null, "man_made": null, "tower_type": null, "mobile_phone": null, "operator": null, "waterway": "river", "natural": null, "lat": 11.7906126, "lon": 107.5511007 }, "geometry": { "type": "Point", "coordinates": [ 107.5511007, 11.7906126 ] } },
{ "type": "Feature", "properties": { "source_type": "water", "osm_type": "way", "osm_id": 1205704638, "name": "Sông Đồng Nai", "man_made": null, "tower_type": null, "mobile_phone": null, "operator": null, "waterway": "river", "natural": null, "lat": 11.8400439, "lon": 107.6078219 }, "geometry": { "type": "Point", "coordinates": [ 107.6078219, 11.8400439 ] } },
{ "type": "Feature", "properties": { "source_type": "water", "osm_type": "way", "osm_id": 1205704639, "name": "Sông Đồng Nai", "man_made": null, "tower_type": null, "mobile_phone": null, "operator": null, "waterway": "river", "natural": null, "lat": 11.9039553, "lon": 107.697943 }, "geometry": { "type": "Point", "coordinates": [ 107.697943, 11.9039553 ] } },
{ "type": "Feature", "properties": { "source_type": "water", "osm_type": "way", "osm_id": 1207431396, "name": "Sông Đồng Nai", "man_made": null, "tower_type": null, "mobile_phone": null, "operator": null, "waterway": "river", "natural": null, "lat": 11.7152897, "lon": 107.4082706 }, "geometry": { "type": "Point", "coordinates": [ 107.4082706, 11.7152897 ] } },
{ "type": "Feature", "properties": { "source_type": "water", "osm_type": "way", "osm_id": 1208438172, "name": null, "man_made": null, "tower_type": null, "mobile_phone": null, "operator": null, "waterway": null, "natural": "water", "lat": 13.9747557, "lon": 105.9947698 }, "geometry": { "type": "Point", "coordinates": [ 105.9947698, 13.9747557 ] } },
{ "type": "Feature", "properties": { "source_type": "water", "osm_type": "way", "osm_id": 1208438173, "name": null, "man_made": null, "tower_type": null, "mobile_phone": null, "operator": null, "waterway": null, "natural": "water", "lat": 13.9744355, "lon": 105.9934582 }, "geometry": { "type": "Point", "coordinates": [ 105.9934582, 13.9744355 ] } },
{ "type": "Feature", "properties": { "source_type": "water", "osm_type": "way", "osm_id": 1208603059, "name": null, "man_made": null, "tower_type": null, "mobile_phone": null, "operator": null, "waterway": null, "natural": "water", "lat": 13.9829265, "lon": 105.9705278 }, "geometry": { "type": "Point", "coordinates": [ 105.9705278, 13.9829265 ] } },
{ "type": "Feature", "properties": { "source_type": "water", "osm_type": "way", "osm_id": 1208603060, "name": null, "man_made": null, "tower_type": null, "mobile_phone": null, "operator": null, "waterway": null, "natural": "water", "lat": 13.9822368, "lon": 105.9703294 }, "geometry": { "type": "Point", "coordinates": [ 105.9703294, 13.9822368 ] } },
{ "type": "Feature", "properties": { "source_type": "water", "osm_type": "way", "osm_id": 1208603083, "name": null, "man_made": null, "tower_type": null, "mobile_phone": null, "operator": null, "waterway": null, "natural": "water", "lat": 14.0185676, "lon": 105.9452504 }, "geometry": { "type": "Point", "coordinates": [ 105.9452504, 14.0185676 ] } },
{ "type": "Feature", "properties": { "source_type": "water", "osm_type": "way", "osm_id": 1208612258, "name": null, "man_made": null, "tower_type": null, "mobile_phone": null, "operator": null, "waterway": null, "natural": "water", "lat": 14.0258841, "lon": 105.9255352 }, "geometry": { "type": "Point", "coordinates": [ 105.9255352, 14.0258841 ] } },
{ "type": "Feature", "properties": { "source_type": "water", "osm_type": "way", "osm_id": 1208612259, "name": null, "man_made": null, "tower_type": null, "mobile_phone": null, "operator": null, "waterway": null, "natural": "water", "lat": 14.0255029, "lon": 105.9252026 }, "geometry": { "type": "Point", "coordinates": [ 105.9252026, 14.0255029 ] } },
{ "type": "Feature", "properties": { "source_type": "water", "osm_type": "way", "osm_id": 1208612260, "name": null, "man_made": null, "tower_type": null, "mobile_phone": null, "operator": null, "waterway": null, "natural": "water", "lat": 14.0255965, "lon": 105.925432 }, "geometry": { "type": "Point", "coordinates": [ 105.925432, 14.0255965 ] } },
{ "type": "Feature", "properties": { "source_type": "water", "osm_type": "way", "osm_id": 1208612261, "name": null, "man_made": null, "tower_type": null, "mobile_phone": null, "operator": null, "waterway": null, "natural": "water", "lat": 14.0259166, "lon": 105.9258853 }, "geometry": { "type": "Point", "coordinates": [ 105.9258853, 14.0259166 ] } },
{ "type": "Feature", "properties": { "source_type": "water", "osm_type": "way", "osm_id": 1208654918, "name": null, "man_made": null, "tower_type": null, "mobile_phone": null, "operator": null, "waterway": "river", "natural": null, "lat": 14.3438001, "lon": 106.138128 }, "geometry": { "type": "Point", "coordinates": [ 106.138128, 14.3438001 ] } },
{ "type": "Feature", "properties": { "source_type": "water", "osm_type": "way", "osm_id": 1208654919, "name": null, "man_made": null, "tower_type": null, "mobile_phone": null, "operator": null, "waterway": "river", "natural": null, "lat": 14.3066557, "lon": 106.1716666 }, "geometry": { "type": "Point", "coordinates": [ 106.1716666, 14.3066557 ] } },
{ "type": "Feature", "properties": { "source_type": "water", "osm_type": "way", "osm_id": 1220661694, "name": null, "man_made": null, "tower_type": null, "mobile_phone": null, "operator": null, "waterway": "stream", "natural": null, "lat": 12.470186, "lon": 107.2932949 }, "geometry": { "type": "Point", "coordinates": [ 107.2932949, 12.470186 ] } },
{ "type": "Feature", "properties": { "source_type": "water", "osm_type": "way", "osm_id": 1229806944, "name": null, "man_made": null, "tower_type": null, "mobile_phone": null, "operator": null, "waterway": null, "natural": "water", "lat": 11.9405316, "lon": 107.6580589 }, "geometry": { "type": "Point", "coordinates": [ 107.6580589, 11.9405316 ] } },
{ "type": "Feature", "properties": { "source_type": "water", "osm_type": "way", "osm_id": 1233196250, "name": null, "man_made": null, "tower_type": null, "mobile_phone": null, "operator": null, "waterway": "canal", "natural": null, "lat": 11.8160684, "lon": 105.8323181 }, "geometry": { "type": "Point", "coordinates": [ 105.8323181, 11.8160684 ] } },
{ "type": "Feature", "properties": { "source_type": "water", "osm_type": "way", "osm_id": 1233196251, "name": null, "man_made": null, "tower_type": null, "mobile_phone": null, "operator": null, "waterway": "canal", "natural": null, "lat": 11.8055197, "lon": 105.832287 }, "geometry": { "type": "Point", "coordinates": [ 105.832287, 11.8055197 ] } },
{ "type": "Feature", "properties": { "source_type": "water", "osm_type": "way", "osm_id": 1235082263, "name": null, "man_made": null, "tower_type": null, "mobile_phone": null, "operator": null, "waterway": "canal", "natural": null, "lat": 11.8905315, "lon": 105.8786935 }, "geometry": { "type": "Point", "coordinates": [ 105.8786935, 11.8905315 ] } },
{ "type": "Feature", "properties": { "source_type": "water", "osm_type": "way", "osm_id": 1235082264, "name": null, "man_made": null, "tower_type": null, "mobile_phone": null, "operator": null, "waterway": "canal", "natural": null, "lat": 11.9001624, "lon": 105.894159 }, "geometry": { "type": "Point", "coordinates": [ 105.894159, 11.9001624 ] } },
{ "type": "Feature", "properties": { "source_type": "water", "osm_type": "way", "osm_id": 1237129322, "name": null, "man_made": null, "tower_type": null, "mobile_phone": null, "operator": null, "waterway": "stream", "natural": null, "lat": 12.3879699, "lon": 106.3803347 }, "geometry": { "type": "Point", "coordinates": [ 106.3803347, 12.3879699 ] } },
{ "type": "Feature", "properties": { "source_type": "water", "osm_type": "way", "osm_id": 1237129323, "name": null, "man_made": null, "tower_type": null, "mobile_phone": null, "operator": null, "waterway": "stream", "natural": null, "lat": 12.388131, "lon": 106.3808658 }, "geometry": { "type": "Point", "coordinates": [ 106.3808658, 12.388131 ] } },
{ "type": "Feature", "properties": { "source_type": "water", "osm_type": "way", "osm_id": 1242401988, "name": null, "man_made": null, "tower_type": null, "mobile_phone": null, "operator": null, "waterway": null, "natural": "water", "lat": 11.8616601, "lon": 107.552467 }, "geometry": { "type": "Point", "coordinates": [ 107.552467, 11.8616601 ] } },
{ "type": "Feature", "properties": { "source_type": "water", "osm_type": "way", "osm_id": 1251119464, "name": null, "man_made": null, "tower_type": null, "mobile_phone": null, "operator": null, "waterway": "stream", "natural": null, "lat": 11.926038, "lon": 105.8733539 }, "geometry": { "type": "Point", "coordinates": [ 105.8733539, 11.926038 ] } },
{ "type": "Feature", "properties": { "source_type": "water", "osm_type": "way", "osm_id": 1251119465, "name": null, "man_made": null, "tower_type": null, "mobile_phone": null, "operator": null, "waterway": "stream", "natural": null, "lat": 11.9256693, "lon": 105.8720115 }, "geometry": { "type": "Point", "coordinates": [ 105.8720115, 11.9256693 ] } },
{ "type": "Feature", "properties": { "source_type": "water", "osm_type": "way", "osm_id": 1256387769, "name": null, "man_made": null, "tower_type": null, "mobile_phone": null, "operator": null, "waterway": "stream", "natural": null, "lat": 13.9497055, "lon": 105.9189485 }, "geometry": { "type": "Point", "coordinates": [ 105.9189485, 13.9497055 ] } },
{ "type": "Feature", "properties": { "source_type": "water", "osm_type": "way", "osm_id": 1256945150, "name": null, "man_made": null, "tower_type": null, "mobile_phone": null, "operator": null, "waterway": "river", "natural": null, "lat": 13.6886781, "lon": 107.6258761 }, "geometry": { "type": "Point", "coordinates": [ 107.6258761, 13.6886781 ] } },
{ "type": "Feature", "properties": { "source_type": "water", "osm_type": "way", "osm_id": 1256981614, "name": "Sông Đắk Glun", "man_made": null, "tower_type": null, "mobile_phone": null, "operator": null, "waterway": "river", "natural": null, "lat": 11.8988794, "lon": 107.0874608 }, "geometry": { "type": "Point", "coordinates": [ 107.0874608, 11.8988794 ] } },
{ "type": "Feature", "properties": { "source_type": "water", "osm_type": "way", "osm_id": 1262838895, "name": null, "man_made": null, "tower_type": null, "mobile_phone": null, "operator": null, "waterway": "stream", "natural": null, "lat": 13.8041036, "lon": 106.9859377 }, "geometry": { "type": "Point", "coordinates": [ 106.9859377, 13.8041036 ] } },
{ "type": "Feature", "properties": { "source_type": "water", "osm_type": "way", "osm_id": 1262838896, "name": null, "man_made": null, "tower_type": null, "mobile_phone": null, "operator": null, "waterway": "stream", "natural": null, "lat": 13.8065808, "lon": 106.9917158 }, "geometry": { "type": "Point", "coordinates": [ 106.9917158, 13.8065808 ] } },
{ "type": "Feature", "properties": { "source_type": "water", "osm_type": "way", "osm_id": 1262838897, "name": null, "man_made": null, "tower_type": null, "mobile_phone": null, "operator": null, "waterway": "stream", "natural": null, "lat": 13.7988355, "lon": 106.9924191 }, "geometry": { "type": "Point", "coordinates": [ 106.9924191, 13.7988355 ] } },
{ "type": "Feature", "properties": { "source_type": "water", "osm_type": "way", "osm_id": 1262838898, "name": null, "man_made": null, "tower_type": null, "mobile_phone": null, "operator": null, "waterway": "stream", "natural": null, "lat": 13.7988502, "lon": 106.993 }, "geometry": { "type": "Point", "coordinates": [ 106.993, 13.7988502 ] } },
{ "type": "Feature", "properties": { "source_type": "water", "osm_type": "way", "osm_id": 1266366325, "name": "Suối Đắk Ning", "man_made": null, "tower_type": null, "mobile_phone": null, "operator": null, "waterway": "stream", "natural": null, "lat": 11.9971424, "lon": 107.7585302 }, "geometry": { "type": "Point", "coordinates": [ 107.7585302, 11.9971424 ] } },
{ "type": "Feature", "properties": { "source_type": "water", "osm_type": "way", "osm_id": 1267909018, "name": null, "man_made": null, "tower_type": null, "mobile_phone": null, "operator": null, "waterway": null, "natural": "water", "lat": 13.9431409, "lon": 105.9457331 }, "geometry": { "type": "Point", "coordinates": [ 105.9457331, 13.9431409 ] } },
{ "type": "Feature", "properties": { "source_type": "water", "osm_type": "way", "osm_id": 1267909019, "name": null, "man_made": null, "tower_type": null, "mobile_phone": null, "operator": null, "waterway": null, "natural": "water", "lat": 13.9422189, "lon": 105.9375299 }, "geometry": { "type": "Point", "coordinates": [ 105.9375299, 13.9422189 ] } },
{ "type": "Feature", "properties": { "source_type": "water", "osm_type": "way", "osm_id": 1270345535, "name": null, "man_made": null, "tower_type": null, "mobile_phone": null, "operator": null, "waterway": "stream", "natural": null, "lat": 14.4834655, "lon": 105.8206819 }, "geometry": { "type": "Point", "coordinates": [ 105.8206819, 14.4834655 ] } },
{ "type": "Feature", "properties": { "source_type": "water", "osm_type": "way", "osm_id": 1272476254, "name": null, "man_made": null, "tower_type": null, "mobile_phone": null, "operator": null, "waterway": "stream", "natural": null, "lat": 13.934746, "lon": 106.8060484 }, "geometry": { "type": "Point", "coordinates": [ 106.8060484, 13.934746 ] } },
{ "type": "Feature", "properties": { "source_type": "water", "osm_type": "way", "osm_id": 1272476255, "name": null, "man_made": null, "tower_type": null, "mobile_phone": null, "operator": null, "waterway": "stream", "natural": null, "lat": 13.935223, "lon": 106.8075257 }, "geometry": { "type": "Point", "coordinates": [ 106.8075257, 13.935223 ] } },
{ "type": "Feature", "properties": { "source_type": "water", "osm_type": "way", "osm_id": 1272696208, "name": null, "man_made": null, "tower_type": null, "mobile_phone": null, "operator": null, "waterway": null, "natural": "water", "lat": 14.2250953, "lon": 105.9168173 }, "geometry": { "type": "Point", "coordinates": [ 105.9168173, 14.2250953 ] } },
{ "type": "Feature", "properties": { "source_type": "water", "osm_type": "way", "osm_id": 1272696209, "name": null, "man_made": null, "tower_type": null, "mobile_phone": null, "operator": null, "waterway": null, "natural": "water", "lat": 14.2259154, "lon": 105.9156665 }, "geometry": { "type": "Point", "coordinates": [ 105.9156665, 14.2259154 ] } },
{ "type": "Feature", "properties": { "source_type": "water", "osm_type": "way", "osm_id": 1273214671, "name": null, "man_made": null, "tower_type": null, "mobile_phone": null, "operator": null, "waterway": null, "natural": "water", "lat": 11.7893525, "lon": 107.478463 }, "geometry": { "type": "Point", "coordinates": [ 107.478463, 11.7893525 ] } },
{ "type": "Feature", "properties": { "source_type": "water", "osm_type": "way", "osm_id": 1273214674, "name": "Hồ Đắk Sin 1", "man_made": null, "tower_type": null, "mobile_phone": null, "operator": null, "waterway": null, "natural": "water", "lat": 11.8188723, "lon": 107.4721205 }, "geometry": { "type": "Point", "coordinates": [ 107.4721205, 11.8188723 ] } },
{ "type": "Feature", "properties": { "source_type": "water", "osm_type": "way", "osm_id": 1273348921, "name": null, "man_made": null, "tower_type": null, "mobile_phone": null, "operator": null, "waterway": null, "natural": "water", "lat": 14.0911216, "lon": 105.8577212 }, "geometry": { "type": "Point", "coordinates": [ 105.8577212, 14.0911216 ] } },
{ "type": "Feature", "properties": { "source_type": "water", "osm_type": "way", "osm_id": 1273585443, "name": "Hồ Pi Nao", "man_made": null, "tower_type": null, "mobile_phone": null, "operator": null, "waterway": null, "natural": "water", "lat": 11.9511531, "lon": 107.576509 }, "geometry": { "type": "Point", "coordinates": [ 107.576509, 11.9511531 ] } },
{ "type": "Feature", "properties": { "source_type": "water", "osm_type": "way", "osm_id": 1273585444, "name": "Hồ Đắk Nêr", "man_made": null, "tower_type": null, "mobile_phone": null, "operator": null, "waterway": null, "natural": "water", "lat": 11.9420355, "lon": 107.5913979 }, "geometry": { "type": "Point", "coordinates": [ 107.5913979, 11.9420355 ] } },
{ "type": "Feature", "properties": { "source_type": "water", "osm_type": "way", "osm_id": 1273585445, "name": "Hồ Đắk Mur", "man_made": null, "tower_type": null, "mobile_phone": null, "operator": null, "waterway": null, "natural": "water", "lat": 11.9308157, "lon": 107.5797987 }, "geometry": { "type": "Point", "coordinates": [ 107.5797987, 11.9308157 ] } },
{ "type": "Feature", "properties": { "source_type": "water", "osm_type": "way", "osm_id": 1273585448, "name": "Hồ Thôn 4", "man_made": null, "tower_type": null, "mobile_phone": null, "operator": null, "waterway": null, "natural": "water", "lat": 11.8578834, "lon": 107.474514 }, "geometry": { "type": "Point", "coordinates": [ 107.474514, 11.8578834 ] } },
{ "type": "Feature", "properties": { "source_type": "water", "osm_type": "way", "osm_id": 1273585449, "name": "Hồ Thôn 3", "man_made": null, "tower_type": null, "mobile_phone": null, "operator": null, "waterway": null, "natural": "water", "lat": 11.8409407, "lon": 107.4540433 }, "geometry": { "type": "Point", "coordinates": [ 107.4540433, 11.8409407 ] } },
{ "type": "Feature", "properties": { "source_type": "water", "osm_type": "way", "osm_id": 1273585450, "name": "Hồ Nhân Cơ", "man_made": null, "tower_type": null, "mobile_phone": null, "operator": null, "waterway": null, "natural": "water", "lat": 11.9737263, "lon": 107.5739917 }, "geometry": { "type": "Point", "coordinates": [ 107.5739917, 11.9737263 ] } },
{ "type": "Feature", "properties": { "source_type": "water", "osm_type": "way", "osm_id": 1273745196, "name": null, "man_made": null, "tower_type": null, "mobile_phone": null, "operator": null, "waterway": "stream", "natural": null, "lat": 14.2676298, "lon": 105.8752829 }, "geometry": { "type": "Point", "coordinates": [ 105.8752829, 14.2676298 ] } },
{ "type": "Feature", "properties": { "source_type": "water", "osm_type": "way", "osm_id": 1274820714, "name": null, "man_made": null, "tower_type": null, "mobile_phone": null, "operator": null, "waterway": null, "natural": "water", "lat": 14.1692229, "lon": 105.9095851 }, "geometry": { "type": "Point", "coordinates": [ 105.9095851, 14.1692229 ] } },
{ "type": "Feature", "properties": { "source_type": "water", "osm_type": "way", "osm_id": 1275564901, "name": null, "man_made": null, "tower_type": null, "mobile_phone": null, "operator": null, "waterway": null, "natural": "water", "lat": 14.4658225, "lon": 105.8842858 }, "geometry": { "type": "Point", "coordinates": [ 105.8842858, 14.4658225 ] } },
{ "type": "Feature", "properties": { "source_type": "water", "osm_type": "way", "osm_id": 1275564922, "name": null, "man_made": null, "tower_type": null, "mobile_phone": null, "operator": null, "waterway": null, "natural": "water", "lat": 14.4199179, "lon": 105.8870405 }, "geometry": { "type": "Point", "coordinates": [ 105.8870405, 14.4199179 ] } },
{ "type": "Feature", "properties": { "source_type": "water", "osm_type": "way", "osm_id": 1277977198, "name": "Hồ Thuỷ lợi Tổ dân phố 6", "man_made": null, "tower_type": null, "mobile_phone": null, "operator": null, "waterway": null, "natural": "water", "lat": 11.9715474, "lon": 107.6961563 }, "geometry": { "type": "Point", "coordinates": [ 107.6961563, 11.9715474 ] } },
{ "type": "Feature", "properties": { "source_type": "water", "osm_type": "way", "osm_id": 1277977199, "name": "Hồ Thuỷ lợi Tổ dân phố 5", "man_made": null, "tower_type": null, "mobile_phone": null, "operator": null, "waterway": null, "natural": "water", "lat": 11.9812037, "lon": 107.70047 }, "geometry": { "type": "Point", "coordinates": [ 107.70047, 11.9812037 ] } },
{ "type": "Feature", "properties": { "source_type": "water", "osm_type": "way", "osm_id": 1277977200, "name": null, "man_made": null, "tower_type": null, "mobile_phone": null, "operator": null, "waterway": null, "natural": "water", "lat": 11.9925832, "lon": 107.7013528 }, "geometry": { "type": "Point", "coordinates": [ 107.7013528, 11.9925832 ] } },
{ "type": "Feature", "properties": { "source_type": "water", "osm_type": "way", "osm_id": 1277977201, "name": null, "man_made": null, "tower_type": null, "mobile_phone": null, "operator": null, "waterway": null, "natural": "water", "lat": 12.0059858, "lon": 107.6785143 }, "geometry": { "type": "Point", "coordinates": [ 107.6785143, 12.0059858 ] } },
{ "type": "Feature", "properties": { "source_type": "water", "osm_type": "way", "osm_id": 1277977202, "name": "Hồ Thiên Nga", "man_made": null, "tower_type": null, "mobile_phone": null, "operator": null, "waterway": null, "natural": "water", "lat": 12.0026119, "lon": 107.6806294 }, "geometry": { "type": "Point", "coordinates": [ 107.6806294, 12.0026119 ] } },
{ "type": "Feature", "properties": { "source_type": "water", "osm_type": "way", "osm_id": 1277977210, "name": "Hồ Gia Nghĩa", "man_made": null, "tower_type": null, "mobile_phone": null, "operator": null, "waterway": null, "natural": "water", "lat": 12.0185866, "lon": 107.6935208 }, "geometry": { "type": "Point", "coordinates": [ 107.6935208, 12.0185866 ] } },
{ "type": "Feature", "properties": { "source_type": "water", "osm_type": "way", "osm_id": 1277977212, "name": "Hồ Rẫy Mới", "man_made": null, "tower_type": null, "mobile_phone": null, "operator": null, "waterway": null, "natural": "water", "lat": 12.028476, "lon": 107.7117272 }, "geometry": { "type": "Point", "coordinates": [ 107.7117272, 12.028476 ] } },
{ "type": "Feature", "properties": { "source_type": "water", "osm_type": "way", "osm_id": 1277977214, "name": "Hồ Hố Bom", "man_made": null, "tower_type": null, "mobile_phone": null, "operator": null, "waterway": null, "natural": "water", "lat": 12.0175968, "lon": 107.724352 }, "geometry": { "type": "Point", "coordinates": [ 107.724352, 12.0175968 ] } },
{ "type": "Feature", "properties": { "source_type": "water", "osm_type": "way", "osm_id": 1278768282, "name": null, "man_made": null, "tower_type": null, "mobile_phone": null, "operator": null, "waterway": null, "natural": "water", "lat": 13.5011009, "lon": 105.9599611 }, "geometry": { "type": "Point", "coordinates": [ 105.9599611, 13.5011009 ] } },
{ "type": "Feature", "properties": { "source_type": "water", "osm_type": "way", "osm_id": 1278768300, "name": null, "man_made": null, "tower_type": null, "mobile_phone": null, "operator": null, "waterway": null, "natural": "water", "lat": 13.4981256, "lon": 105.94988 }, "geometry": { "type": "Point", "coordinates": [ 105.94988, 13.4981256 ] } },
{ "type": "Feature", "properties": { "source_type": "water", "osm_type": "way", "osm_id": 1278768301, "name": null, "man_made": null, "tower_type": null, "mobile_phone": null, "operator": null, "waterway": null, "natural": "water", "lat": 13.497739, "lon": 105.9491253 }, "geometry": { "type": "Point", "coordinates": [ 105.9491253, 13.497739 ] } },
{ "type": "Feature", "properties": { "source_type": "water", "osm_type": "way", "osm_id": 1286978181, "name": "Suối Đắk Ơ", "man_made": null, "tower_type": null, "mobile_phone": null, "operator": null, "waterway": "stream", "natural": null, "lat": 11.9995797, "lon": 107.1126603 }, "geometry": { "type": "Point", "coordinates": [ 107.1126603, 11.9995797 ] } },
{ "type": "Feature", "properties": { "source_type": "water", "osm_type": "way", "osm_id": 1288743091, "name": null, "man_made": null, "tower_type": null, "mobile_phone": null, "operator": null, "waterway": "stream", "natural": null, "lat": 14.1275177, "lon": 106.270434 }, "geometry": { "type": "Point", "coordinates": [ 106.270434, 14.1275177 ] } },
{ "type": "Feature", "properties": { "source_type": "water", "osm_type": "way", "osm_id": 1288743092, "name": null, "man_made": null, "tower_type": null, "mobile_phone": null, "operator": null, "waterway": "stream", "natural": null, "lat": 14.1275607, "lon": 106.2750966 }, "geometry": { "type": "Point", "coordinates": [ 106.2750966, 14.1275607 ] } },
{ "type": "Feature", "properties": { "source_type": "water", "osm_type": "way", "osm_id": 1288743093, "name": null, "man_made": null, "tower_type": null, "mobile_phone": null, "operator": null, "waterway": "stream", "natural": null, "lat": 14.1275528, "lon": 106.2799534 }, "geometry": { "type": "Point", "coordinates": [ 106.2799534, 14.1275528 ] } },
{ "type": "Feature", "properties": { "source_type": "water", "osm_type": "way", "osm_id": 1288743094, "name": null, "man_made": null, "tower_type": null, "mobile_phone": null, "operator": null, "waterway": "stream", "natural": null, "lat": 14.127571, "lon": 106.2816497 }, "geometry": { "type": "Point", "coordinates": [ 106.2816497, 14.127571 ] } },
{ "type": "Feature", "properties": { "source_type": "water", "osm_type": "way", "osm_id": 1288743095, "name": null, "man_made": null, "tower_type": null, "mobile_phone": null, "operator": null, "waterway": "stream", "natural": null, "lat": 14.126936, "lon": 106.2820425 }, "geometry": { "type": "Point", "coordinates": [ 106.2820425, 14.126936 ] } },
{ "type": "Feature", "properties": { "source_type": "water", "osm_type": "way", "osm_id": 1288743096, "name": null, "man_made": null, "tower_type": null, "mobile_phone": null, "operator": null, "waterway": "stream", "natural": null, "lat": 14.1253891, "lon": 106.2819375 }, "geometry": { "type": "Point", "coordinates": [ 106.2819375, 14.1253891 ] } },
{ "type": "Feature", "properties": { "source_type": "water", "osm_type": "way", "osm_id": 1288743097, "name": null, "man_made": null, "tower_type": null, "mobile_phone": null, "operator": null, "waterway": "stream", "natural": null, "lat": 14.1251338, "lon": 106.2832502 }, "geometry": { "type": "Point", "coordinates": [ 106.2832502, 14.1251338 ] } },
{ "type": "Feature", "properties": { "source_type": "water", "osm_type": "way", "osm_id": 1288743098, "name": null, "man_made": null, "tower_type": null, "mobile_phone": null, "operator": null, "waterway": "stream", "natural": null, "lat": 14.1269881, "lon": 106.2891401 }, "geometry": { "type": "Point", "coordinates": [ 106.2891401, 14.1269881 ] } },
{ "type": "Feature", "properties": { "source_type": "water", "osm_type": "way", "osm_id": 1288743099, "name": null, "man_made": null, "tower_type": null, "mobile_phone": null, "operator": null, "waterway": "stream", "natural": null, "lat": 14.12523, "lon": 106.2988476 }, "geometry": { "type": "Point", "coordinates": [ 106.2988476, 14.12523 ] } },
{ "type": "Feature", "properties": { "source_type": "water", "osm_type": "way", "osm_id": 1288743100, "name": null, "man_made": null, "tower_type": null, "mobile_phone": null, "operator": null, "waterway": "stream", "natural": null, "lat": 14.1228113, "lon": 106.3075276 }, "geometry": { "type": "Point", "coordinates": [ 106.3075276, 14.1228113 ] } },
{ "type": "Feature", "properties": { "source_type": "water", "osm_type": "way", "osm_id": 1288743101, "name": null, "man_made": null, "tower_type": null, "mobile_phone": null, "operator": null, "waterway": "stream", "natural": null, "lat": 14.1119308, "lon": 106.3184631 }, "geometry": { "type": "Point", "coordinates": [ 106.3184631, 14.1119308 ] } },
{ "type": "Feature", "properties": { "source_type": "water", "osm_type": "way", "osm_id": 1288743102, "name": null, "man_made": null, "tower_type": null, "mobile_phone": null, "operator": null, "waterway": "stream", "natural": null, "lat": 14.0982945, "lon": 106.3282348 }, "geometry": { "type": "Point", "coordinates": [ 106.3282348, 14.0982945 ] } },
{ "type": "Feature", "properties": { "source_type": "water", "osm_type": "way", "osm_id": 1288750217, "name": null, "man_made": null, "tower_type": null, "mobile_phone": null, "operator": null, "waterway": "stream", "natural": null, "lat": 12.9603803, "lon": 105.9829957 }, "geometry": { "type": "Point", "coordinates": [ 105.9829957, 12.9603803 ] } },
{ "type": "Feature", "properties": { "source_type": "water", "osm_type": "way", "osm_id": 1289800047, "name": "Hồ Đắk Tiên Tranh", "man_made": null, "tower_type": null, "mobile_phone": null, "operator": null, "waterway": null, "natural": "water", "lat": 12.2510427, "lon": 107.4728686 }, "geometry": { "type": "Point", "coordinates": [ 107.4728686, 12.2510427 ] } },
{ "type": "Feature", "properties": { "source_type": "water", "osm_type": "way", "osm_id": 1289811096, "name": "Hồ Thôn 3", "man_made": null, "tower_type": null, "mobile_phone": null, "operator": null, "waterway": null, "natural": "water", "lat": 12.1034997, "lon": 107.6719015 }, "geometry": { "type": "Point", "coordinates": [ 107.6719015, 12.1034997 ] } },
{ "type": "Feature", "properties": { "source_type": "water", "osm_type": "way", "osm_id": 1289811097, "name": "Hồ Đắk Nhai", "man_made": null, "tower_type": null, "mobile_phone": null, "operator": null, "waterway": null, "natural": "water", "lat": 12.0735754, "lon": 107.64146 }, "geometry": { "type": "Point", "coordinates": [ 107.64146, 12.0735754 ] } },
{ "type": "Feature", "properties": { "source_type": "water", "osm_type": "way", "osm_id": 1289811098, "name": "Hồ Đắk Kai", "man_made": null, "tower_type": null, "mobile_phone": null, "operator": null, "waterway": null, "natural": "water", "lat": 12.0908183, "lon": 107.6541441 }, "geometry": { "type": "Point", "coordinates": [ 107.6541441, 12.0908183 ] } },
{ "type": "Feature", "properties": { "source_type": "water", "osm_type": "way", "osm_id": 1289811099, "name": "Hồ Đắk Môl", "man_made": null, "tower_type": null, "mobile_phone": null, "operator": null, "waterway": null, "natural": "water", "lat": 12.3842289, "lon": 107.6445162 }, "geometry": { "type": "Point", "coordinates": [ 107.6445162, 12.3842289 ] } },
{ "type": "Feature", "properties": { "source_type": "water", "osm_type": "way", "osm_id": 1289811100, "name": "Hồ Đắk R'Lon", "man_made": null, "tower_type": null, "mobile_phone": null, "operator": null, "waterway": null, "natural": "water", "lat": 12.2533364, "lon": 107.6169285 }, "geometry": { "type": "Point", "coordinates": [ 107.6169285, 12.2533364 ] } },
{ "type": "Feature", "properties": { "source_type": "water", "osm_type": "way", "osm_id": 1293004505, "name": "ទន្លេកុង", "man_made": null, "tower_type": null, "mobile_phone": null, "operator": null, "waterway": "river", "natural": null, "lat": 14.0226699, "lon": 106.3490195 }, "geometry": { "type": "Point", "coordinates": [ 106.3490195, 14.0226699 ] } },
{ "type": "Feature", "properties": { "source_type": "water", "osm_type": "way", "osm_id": 1293801778, "name": null, "man_made": null, "tower_type": null, "mobile_phone": null, "operator": null, "waterway": "canal", "natural": null, "lat": 11.8935012, "lon": 105.7662732 }, "geometry": { "type": "Point", "coordinates": [ 105.7662732, 11.8935012 ] } },
{ "type": "Feature", "properties": { "source_type": "water", "osm_type": "way", "osm_id": 1293801779, "name": null, "man_made": null, "tower_type": null, "mobile_phone": null, "operator": null, "waterway": "canal", "natural": null, "lat": 11.8937809, "lon": 105.7665664 }, "geometry": { "type": "Point", "coordinates": [ 105.7665664, 11.8937809 ] } },
{ "type": "Feature", "properties": { "source_type": "water", "osm_type": "way", "osm_id": 1293801780, "name": null, "man_made": null, "tower_type": null, "mobile_phone": null, "operator": null, "waterway": "stream", "natural": null, "lat": 11.9139829, "lon": 105.7770207 }, "geometry": { "type": "Point", "coordinates": [ 105.7770207, 11.9139829 ] } },
{ "type": "Feature", "properties": { "source_type": "water", "osm_type": "way", "osm_id": 1297582143, "name": "Rạch Chàm", "man_made": null, "tower_type": null, "mobile_phone": null, "operator": null, "waterway": "stream", "natural": null, "lat": 11.8707912, "lon": 106.4691186 }, "geometry": { "type": "Point", "coordinates": [ 106.4691186, 11.8707912 ] } },
{ "type": "Feature", "properties": { "source_type": "water", "osm_type": "way", "osm_id": 1297583146, "name": null, "man_made": null, "tower_type": null, "mobile_phone": null, "operator": null, "waterway": null, "natural": "water", "lat": 11.9666287, "lon": 106.5465057 }, "geometry": { "type": "Point", "coordinates": [ 106.5465057, 11.9666287 ] } },
{ "type": "Feature", "properties": { "source_type": "water", "osm_type": "way", "osm_id": 1297585656, "name": null, "man_made": null, "tower_type": null, "mobile_phone": null, "operator": null, "waterway": "stream", "natural": null, "lat": 11.9724911, "lon": 106.4839187 }, "geometry": { "type": "Point", "coordinates": [ 106.4839187, 11.9724911 ] } },
{ "type": "Feature", "properties": { "source_type": "water", "osm_type": "way", "osm_id": 1297585657, "name": null, "man_made": null, "tower_type": null, "mobile_phone": null, "operator": null, "waterway": "stream", "natural": null, "lat": 11.9724163, "lon": 106.4844549 }, "geometry": { "type": "Point", "coordinates": [ 106.4844549, 11.9724163 ] } },
{ "type": "Feature", "properties": { "source_type": "water", "osm_type": "way", "osm_id": 1297585660, "name": "Sông Chiu Riu / ព្រែកជ្រីវ", "man_made": null, "tower_type": null, "mobile_phone": null, "operator": null, "waterway": "stream", "natural": null, "lat": 11.9800965, "lon": 106.4441221 }, "geometry": { "type": "Point", "coordinates": [ 106.4441221, 11.9800965 ] } },
{ "type": "Feature", "properties": { "source_type": "water", "osm_type": "way", "osm_id": 1297585663, "name": null, "man_made": null, "tower_type": null, "mobile_phone": null, "operator": null, "waterway": "stream", "natural": null, "lat": 11.9700933, "lon": 106.4342208 }, "geometry": { "type": "Point", "coordinates": [ 106.4342208, 11.9700933 ] } },
{ "type": "Feature", "properties": { "source_type": "water", "osm_type": "way", "osm_id": 1297585664, "name": null, "man_made": null, "tower_type": null, "mobile_phone": null, "operator": null, "waterway": "stream", "natural": null, "lat": 11.9857416, "lon": 106.4580808 }, "geometry": { "type": "Point", "coordinates": [ 106.4580808, 11.9857416 ] } },
{ "type": "Feature", "properties": { "source_type": "water", "osm_type": "way", "osm_id": 1297585665, "name": null, "man_made": null, "tower_type": null, "mobile_phone": null, "operator": null, "waterway": "stream", "natural": null, "lat": 11.9868561, "lon": 106.4546761 }, "geometry": { "type": "Point", "coordinates": [ 106.4546761, 11.9868561 ] } },
{ "type": "Feature", "properties": { "source_type": "water", "osm_type": "way", "osm_id": 1297585666, "name": null, "man_made": null, "tower_type": null, "mobile_phone": null, "operator": null, "waterway": "stream", "natural": null, "lat": 11.9759908, "lon": 106.4885397 }, "geometry": { "type": "Point", "coordinates": [ 106.4885397, 11.9759908 ] } },
{ "type": "Feature", "properties": { "source_type": "water", "osm_type": "way", "osm_id": 1297585669, "name": null, "man_made": null, "tower_type": null, "mobile_phone": null, "operator": null, "waterway": "stream", "natural": null, "lat": 11.9747964, "lon": 106.5331954 }, "geometry": { "type": "Point", "coordinates": [ 106.5331954, 11.9747964 ] } },
{ "type": "Feature", "properties": { "source_type": "water", "osm_type": "way", "osm_id": 1297585670, "name": null, "man_made": null, "tower_type": null, "mobile_phone": null, "operator": null, "waterway": "stream", "natural": null, "lat": 11.9675258, "lon": 106.4736738 }, "geometry": { "type": "Point", "coordinates": [ 106.4736738, 11.9675258 ] } },
{ "type": "Feature", "properties": { "source_type": "water", "osm_type": "way", "osm_id": 1297585671, "name": null, "man_made": null, "tower_type": null, "mobile_phone": null, "operator": null, "waterway": "stream", "natural": null, "lat": 11.9832669, "lon": 106.476724 }, "geometry": { "type": "Point", "coordinates": [ 106.476724, 11.9832669 ] } },
{ "type": "Feature", "properties": { "source_type": "water", "osm_type": "way", "osm_id": 1297585672, "name": "ព្រែកជ្រីវ", "man_made": null, "tower_type": null, "mobile_phone": null, "operator": null, "waterway": "stream", "natural": null, "lat": 11.9640184, "lon": 106.3781178 }, "geometry": { "type": "Point", "coordinates": [ 106.3781178, 11.9640184 ] } },
{ "type": "Feature", "properties": { "source_type": "water", "osm_type": "way", "osm_id": 1297603395, "name": null, "man_made": null, "tower_type": null, "mobile_phone": null, "operator": null, "waterway": null, "natural": "water", "lat": 14.1833898, "lon": 105.742967 }, "geometry": { "type": "Point", "coordinates": [ 105.742967, 14.1833898 ] } },
{ "type": "Feature", "properties": { "source_type": "water", "osm_type": "way", "osm_id": 1300799448, "name": null, "man_made": null, "tower_type": null, "mobile_phone": null, "operator": null, "waterway": "stream", "natural": null, "lat": 11.9383438, "lon": 106.271017 }, "geometry": { "type": "Point", "coordinates": [ 106.271017, 11.9383438 ] } },
{ "type": "Feature", "properties": { "source_type": "water", "osm_type": "way", "osm_id": 1300799449, "name": null, "man_made": null, "tower_type": null, "mobile_phone": null, "operator": null, "waterway": "stream", "natural": null, "lat": 11.9230207, "lon": 106.2762939 }, "geometry": { "type": "Point", "coordinates": [ 106.2762939, 11.9230207 ] } },
{ "type": "Feature", "properties": { "source_type": "water", "osm_type": "way", "osm_id": 1300799450, "name": null, "man_made": null, "tower_type": null, "mobile_phone": null, "operator": null, "waterway": "stream", "natural": null, "lat": 11.9232952, "lon": 106.2761992 }, "geometry": { "type": "Point", "coordinates": [ 106.2761992, 11.9232952 ] } },
{ "type": "Feature", "properties": { "source_type": "water", "osm_type": "way", "osm_id": 1300799453, "name": null, "man_made": null, "tower_type": null, "mobile_phone": null, "operator": null, "waterway": "stream", "natural": null, "lat": 11.9387087, "lon": 106.2203697 }, "geometry": { "type": "Point", "coordinates": [ 106.2203697, 11.9387087 ] } },
{ "type": "Feature", "properties": { "source_type": "water", "osm_type": "way", "osm_id": 1300799455, "name": null, "man_made": null, "tower_type": null, "mobile_phone": null, "operator": null, "waterway": "stream", "natural": null, "lat": 11.9263613, "lon": 106.2222769 }, "geometry": { "type": "Point", "coordinates": [ 106.2222769, 11.9263613 ] } },
{ "type": "Feature", "properties": { "source_type": "water", "osm_type": "way", "osm_id": 1300799456, "name": null, "man_made": null, "tower_type": null, "mobile_phone": null, "operator": null, "waterway": "stream", "natural": null, "lat": 11.9194627, "lon": 106.2177551 }, "geometry": { "type": "Point", "coordinates": [ 106.2177551, 11.9194627 ] } },
{ "type": "Feature", "properties": { "source_type": "water", "osm_type": "way", "osm_id": 1311542162, "name": null, "man_made": null, "tower_type": null, "mobile_phone": null, "operator": null, "waterway": null, "natural": "water", "lat": 13.0839765, "lon": 107.0364227 }, "geometry": { "type": "Point", "coordinates": [ 107.0364227, 13.0839765 ] } },
{ "type": "Feature", "properties": { "source_type": "water", "osm_type": "way", "osm_id": 1311542163, "name": null, "man_made": null, "tower_type": null, "mobile_phone": null, "operator": null, "waterway": null, "natural": "water", "lat": 13.0875582, "lon": 107.0378807 }, "geometry": { "type": "Point", "coordinates": [ 107.0378807, 13.0875582 ] } },
{ "type": "Feature", "properties": { "source_type": "water", "osm_type": "way", "osm_id": 1311542188, "name": null, "man_made": null, "tower_type": null, "mobile_phone": null, "operator": null, "waterway": null, "natural": "water", "lat": 13.0880457, "lon": 107.0271896 }, "geometry": { "type": "Point", "coordinates": [ 107.0271896, 13.0880457 ] } },
{ "type": "Feature", "properties": { "source_type": "water", "osm_type": "way", "osm_id": 1311542189, "name": null, "man_made": null, "tower_type": null, "mobile_phone": null, "operator": null, "waterway": null, "natural": "water", "lat": 13.0878059, "lon": 107.0270853 }, "geometry": { "type": "Point", "coordinates": [ 107.0270853, 13.0878059 ] } },
{ "type": "Feature", "properties": { "source_type": "water", "osm_type": "way", "osm_id": 1311542190, "name": null, "man_made": null, "tower_type": null, "mobile_phone": null, "operator": null, "waterway": null, "natural": "water", "lat": 13.0852857, "lon": 107.0281189 }, "geometry": { "type": "Point", "coordinates": [ 107.0281189, 13.0852857 ] } },
{ "type": "Feature", "properties": { "source_type": "water", "osm_type": "way", "osm_id": 1311542191, "name": null, "man_made": null, "tower_type": null, "mobile_phone": null, "operator": null, "waterway": null, "natural": "water", "lat": 13.0844725, "lon": 107.0272209 }, "geometry": { "type": "Point", "coordinates": [ 107.0272209, 13.0844725 ] } },
{ "type": "Feature", "properties": { "source_type": "water", "osm_type": "way", "osm_id": 1311542206, "name": null, "man_made": null, "tower_type": null, "mobile_phone": null, "operator": null, "waterway": null, "natural": "water", "lat": 13.0837132, "lon": 107.0266329 }, "geometry": { "type": "Point", "coordinates": [ 107.0266329, 13.0837132 ] } },
{ "type": "Feature", "properties": { "source_type": "water", "osm_type": "way", "osm_id": 1311542219, "name": null, "man_made": null, "tower_type": null, "mobile_phone": null, "operator": null, "waterway": null, "natural": "water", "lat": 13.0899811, "lon": 107.0281408 }, "geometry": { "type": "Point", "coordinates": [ 107.0281408, 13.0899811 ] } },
{ "type": "Feature", "properties": { "source_type": "water", "osm_type": "way", "osm_id": 1311542253, "name": null, "man_made": null, "tower_type": null, "mobile_phone": null, "operator": null, "waterway": null, "natural": "water", "lat": 13.0862338, "lon": 107.0167125 }, "geometry": { "type": "Point", "coordinates": [ 107.0167125, 13.0862338 ] } },
{ "type": "Feature", "properties": { "source_type": "water", "osm_type": "way", "osm_id": 1311542262, "name": null, "man_made": null, "tower_type": null, "mobile_phone": null, "operator": null, "waterway": null, "natural": "water", "lat": 13.0817284, "lon": 107.0227629 }, "geometry": { "type": "Point", "coordinates": [ 107.0227629, 13.0817284 ] } },
{ "type": "Feature", "properties": { "source_type": "water", "osm_type": "way", "osm_id": 1311542267, "name": null, "man_made": null, "tower_type": null, "mobile_phone": null, "operator": null, "waterway": null, "natural": "water", "lat": 13.0834537, "lon": 107.023872 }, "geometry": { "type": "Point", "coordinates": [ 107.023872, 13.0834537 ] } },
{ "type": "Feature", "properties": { "source_type": "water", "osm_type": "way", "osm_id": 1311542336, "name": null, "man_made": null, "tower_type": null, "mobile_phone": null, "operator": null, "waterway": null, "natural": "water", "lat": 13.0720084, "lon": 107.0281341 }, "geometry": { "type": "Point", "coordinates": [ 107.0281341, 13.0720084 ] } },
{ "type": "Feature", "properties": { "source_type": "water", "osm_type": "way", "osm_id": 1311542338, "name": null, "man_made": null, "tower_type": null, "mobile_phone": null, "operator": null, "waterway": null, "natural": "water", "lat": 13.0729623, "lon": 107.0303348 }, "geometry": { "type": "Point", "coordinates": [ 107.0303348, 13.0729623 ] } },
{ "type": "Feature", "properties": { "source_type": "water", "osm_type": "way", "osm_id": 1311542339, "name": null, "man_made": null, "tower_type": null, "mobile_phone": null, "operator": null, "waterway": null, "natural": "water", "lat": 13.0725979, "lon": 107.0301645 }, "geometry": { "type": "Point", "coordinates": [ 107.0301645, 13.0725979 ] } },
{ "type": "Feature", "properties": { "source_type": "water", "osm_type": "way", "osm_id": 1311542340, "name": null, "man_made": null, "tower_type": null, "mobile_phone": null, "operator": null, "waterway": null, "natural": "water", "lat": 13.0727951, "lon": 107.0324678 }, "geometry": { "type": "Point", "coordinates": [ 107.0324678, 13.0727951 ] } },
{ "type": "Feature", "properties": { "source_type": "water", "osm_type": "way", "osm_id": 1311542341, "name": null, "man_made": null, "tower_type": null, "mobile_phone": null, "operator": null, "waterway": null, "natural": "water", "lat": 13.0747266, "lon": 107.0330886 }, "geometry": { "type": "Point", "coordinates": [ 107.0330886, 13.0747266 ] } },
{ "type": "Feature", "properties": { "source_type": "water", "osm_type": "way", "osm_id": 1311542342, "name": null, "man_made": null, "tower_type": null, "mobile_phone": null, "operator": null, "waterway": null, "natural": "water", "lat": 13.0750157, "lon": 107.0339392 }, "geometry": { "type": "Point", "coordinates": [ 107.0339392, 13.0750157 ] } },
{ "type": "Feature", "properties": { "source_type": "water", "osm_type": "way", "osm_id": 1311542343, "name": null, "man_made": null, "tower_type": null, "mobile_phone": null, "operator": null, "waterway": null, "natural": "water", "lat": 13.0751754, "lon": 107.0334138 }, "geometry": { "type": "Point", "coordinates": [ 107.0334138, 13.0751754 ] } },
{ "type": "Feature", "properties": { "source_type": "water", "osm_type": "way", "osm_id": 1311542344, "name": null, "man_made": null, "tower_type": null, "mobile_phone": null, "operator": null, "waterway": null, "natural": "water", "lat": 13.075652, "lon": 107.0328514 }, "geometry": { "type": "Point", "coordinates": [ 107.0328514, 13.075652 ] } },
{ "type": "Feature", "properties": { "source_type": "water", "osm_type": "way", "osm_id": 1311542372, "name": null, "man_made": null, "tower_type": null, "mobile_phone": null, "operator": null, "waterway": null, "natural": "water", "lat": 13.0765534, "lon": 107.0282004 }, "geometry": { "type": "Point", "coordinates": [ 107.0282004, 13.0765534 ] } },
{ "type": "Feature", "properties": { "source_type": "water", "osm_type": "way", "osm_id": 1311542373, "name": null, "man_made": null, "tower_type": null, "mobile_phone": null, "operator": null, "waterway": null, "natural": "water", "lat": 13.0762811, "lon": 107.0281829 }, "geometry": { "type": "Point", "coordinates": [ 107.0281829, 13.0762811 ] } },
{ "type": "Feature", "properties": { "source_type": "water", "osm_type": "way", "osm_id": 1311542405, "name": null, "man_made": null, "tower_type": null, "mobile_phone": null, "operator": null, "waterway": null, "natural": "water", "lat": 13.0826258, "lon": 107.033309 }, "geometry": { "type": "Point", "coordinates": [ 107.033309, 13.0826258 ] } },
{ "type": "Feature", "properties": { "source_type": "water", "osm_type": "way", "osm_id": 1311542406, "name": null, "man_made": null, "tower_type": null, "mobile_phone": null, "operator": null, "waterway": null, "natural": "water", "lat": 13.0823045, "lon": 107.0332614 }, "geometry": { "type": "Point", "coordinates": [ 107.0332614, 13.0823045 ] } },
{ "type": "Feature", "properties": { "source_type": "water", "osm_type": "way", "osm_id": 1311542441, "name": null, "man_made": null, "tower_type": null, "mobile_phone": null, "operator": null, "waterway": null, "natural": "water", "lat": 13.0797339, "lon": 107.0380813 }, "geometry": { "type": "Point", "coordinates": [ 107.0380813, 13.0797339 ] } },
{ "type": "Feature", "properties": { "source_type": "water", "osm_type": "way", "osm_id": 1311542442, "name": null, "man_made": null, "tower_type": null, "mobile_phone": null, "operator": null, "waterway": null, "natural": "water", "lat": 13.0799187, "lon": 107.0374659 }, "geometry": { "type": "Point", "coordinates": [ 107.0374659, 13.0799187 ] } },
{ "type": "Feature", "properties": { "source_type": "water", "osm_type": "way", "osm_id": 1335179881, "name": null, "man_made": null, "tower_type": null, "mobile_phone": null, "operator": null, "waterway": "river", "natural": null, "lat": 13.3291112, "lon": 106.7322367 }, "geometry": { "type": "Point", "coordinates": [ 106.7322367, 13.3291112 ] } },
{ "type": "Feature", "properties": { "source_type": "water", "osm_type": "way", "osm_id": 1340610451, "name": null, "man_made": null, "tower_type": null, "mobile_phone": null, "operator": null, "waterway": "river", "natural": null, "lat": 13.6491683, "lon": 106.0454357 }, "geometry": { "type": "Point", "coordinates": [ 106.0454357, 13.6491683 ] } },
{ "type": "Feature", "properties": { "source_type": "water", "osm_type": "way", "osm_id": 1340610452, "name": null, "man_made": null, "tower_type": null, "mobile_phone": null, "operator": null, "waterway": "river", "natural": null, "lat": 13.6258638, "lon": 106.0349643 }, "geometry": { "type": "Point", "coordinates": [ 106.0349643, 13.6258638 ] } },
{ "type": "Feature", "properties": { "source_type": "water", "osm_type": "way", "osm_id": 1340610454, "name": null, "man_made": null, "tower_type": null, "mobile_phone": null, "operator": null, "waterway": "river", "natural": null, "lat": 13.7856476, "lon": 105.9388704 }, "geometry": { "type": "Point", "coordinates": [ 105.9388704, 13.7856476 ] } },
{ "type": "Feature", "properties": { "source_type": "water", "osm_type": "way", "osm_id": 1340610456, "name": "ទន្លេកុង", "man_made": null, "tower_type": null, "mobile_phone": null, "operator": null, "waterway": "river", "natural": null, "lat": 13.7745715, "lon": 106.2203371 }, "geometry": { "type": "Point", "coordinates": [ 106.2203371, 13.7745715 ] } },
{ "type": "Feature", "properties": { "source_type": "water", "osm_type": "way", "osm_id": 1340610457, "name": "ទន្លេកុង", "man_made": null, "tower_type": null, "mobile_phone": null, "operator": null, "waterway": "river", "natural": null, "lat": 13.8268732, "lon": 106.2565869 }, "geometry": { "type": "Point", "coordinates": [ 106.2565869, 13.8268732 ] } },
{ "type": "Feature", "properties": { "source_type": "water", "osm_type": "way", "osm_id": 1340610458, "name": null, "man_made": null, "tower_type": null, "mobile_phone": null, "operator": null, "waterway": "river", "natural": null, "lat": 14.0452511, "lon": 106.1758574 }, "geometry": { "type": "Point", "coordinates": [ 106.1758574, 14.0452511 ] } },
{ "type": "Feature", "properties": { "source_type": "water", "osm_type": "way", "osm_id": 1340611959, "name": "ទន្លេកុង", "man_made": null, "tower_type": null, "mobile_phone": null, "operator": null, "waterway": "river", "natural": null, "lat": 13.8491949, "lon": 106.2693786 }, "geometry": { "type": "Point", "coordinates": [ 106.2693786, 13.8491949 ] } },
{ "type": "Feature", "properties": { "source_type": "water", "osm_type": "way", "osm_id": 1340612998, "name": null, "man_made": null, "tower_type": null, "mobile_phone": null, "operator": null, "waterway": "river", "natural": null, "lat": 13.7682736, "lon": 106.1732573 }, "geometry": { "type": "Point", "coordinates": [ 106.1732573, 13.7682736 ] } },
{ "type": "Feature", "properties": { "source_type": "water", "osm_type": "way", "osm_id": 1342507945, "name": null, "man_made": null, "tower_type": null, "mobile_phone": null, "operator": null, "waterway": null, "natural": "water", "lat": 13.7680291, "lon": 107.5147343 }, "geometry": { "type": "Point", "coordinates": [ 107.5147343, 13.7680291 ] } },
{ "type": "Feature", "properties": { "source_type": "water", "osm_type": "way", "osm_id": 1347244041, "name": null, "man_made": null, "tower_type": null, "mobile_phone": null, "operator": null, "waterway": "river", "natural": null, "lat": 11.85917, "lon": 107.013742 }, "geometry": { "type": "Point", "coordinates": [ 107.013742, 11.85917 ] } },
{ "type": "Feature", "properties": { "source_type": "water", "osm_type": "way", "osm_id": 1347244042, "name": null, "man_made": null, "tower_type": null, "mobile_phone": null, "operator": null, "waterway": "river", "natural": null, "lat": 11.8590734, "lon": 107.0137227 }, "geometry": { "type": "Point", "coordinates": [ 107.0137227, 11.8590734 ] } },
{ "type": "Feature", "properties": { "source_type": "water", "osm_type": "way", "osm_id": 1356732220, "name": null, "man_made": null, "tower_type": null, "mobile_phone": null, "operator": null, "waterway": "stream", "natural": null, "lat": 12.564154, "lon": 106.3683188 }, "geometry": { "type": "Point", "coordinates": [ 106.3683188, 12.564154 ] } },
{ "type": "Feature", "properties": { "source_type": "water", "osm_type": "way", "osm_id": 1356732221, "name": null, "man_made": null, "tower_type": null, "mobile_phone": null, "operator": null, "waterway": "stream", "natural": null, "lat": 12.5647194, "lon": 106.3679164 }, "geometry": { "type": "Point", "coordinates": [ 106.3679164, 12.5647194 ] } },
{ "type": "Feature", "properties": { "source_type": "water", "osm_type": "way", "osm_id": 1373258041, "name": null, "man_made": null, "tower_type": null, "mobile_phone": null, "operator": null, "waterway": "river", "natural": null, "lat": 13.5999617, "lon": 106.0879969 }, "geometry": { "type": "Point", "coordinates": [ 106.0879969, 13.5999617 ] } },
{ "type": "Feature", "properties": { "source_type": "water", "osm_type": "way", "osm_id": 1390685256, "name": null, "man_made": null, "tower_type": null, "mobile_phone": null, "operator": null, "waterway": null, "natural": "water", "lat": 14.2263939, "lon": 105.8389961 }, "geometry": { "type": "Point", "coordinates": [ 105.8389961, 14.2263939 ] } },
{ "type": "Feature", "properties": { "source_type": "water", "osm_type": "way", "osm_id": 1394486001, "name": null, "man_made": null, "tower_type": null, "mobile_phone": null, "operator": null, "waterway": "stream", "natural": null, "lat": 12.5757704, "lon": 106.1535609 }, "geometry": { "type": "Point", "coordinates": [ 106.1535609, 12.5757704 ] } },
{ "type": "Feature", "properties": { "source_type": "water", "osm_type": "way", "osm_id": 1394486002, "name": null, "man_made": null, "tower_type": null, "mobile_phone": null, "operator": null, "waterway": "stream", "natural": null, "lat": 12.5753724, "lon": 106.1597447 }, "geometry": { "type": "Point", "coordinates": [ 106.1597447, 12.5753724 ] } },
{ "type": "Feature", "properties": { "source_type": "water", "osm_type": "way", "osm_id": 1394808079, "name": null, "man_made": null, "tower_type": null, "mobile_phone": null, "operator": null, "waterway": null, "natural": "water", "lat": 11.9581609, "lon": 105.7442018 }, "geometry": { "type": "Point", "coordinates": [ 105.7442018, 11.9581609 ] } },
{ "type": "Feature", "properties": { "source_type": "water", "osm_type": "way", "osm_id": 1414451836, "name": "ព្រែកឆ្លូង", "man_made": null, "tower_type": null, "mobile_phone": null, "operator": null, "waterway": "river", "natural": null, "lat": 12.1940111, "lon": 106.2817112 }, "geometry": { "type": "Point", "coordinates": [ 106.2817112, 12.1940111 ] } },
{ "type": "Feature", "properties": { "source_type": "water", "osm_type": "way", "osm_id": 1414451839, "name": "ព្រែកឆ្លូង", "man_made": null, "tower_type": null, "mobile_phone": null, "operator": null, "waterway": "river", "natural": null, "lat": 11.9651959, "lon": 106.2193332 }, "geometry": { "type": "Point", "coordinates": [ 106.2193332, 11.9651959 ] } },
{ "type": "Feature", "properties": { "source_type": "water", "osm_type": "way", "osm_id": 1456152421, "name": null, "man_made": null, "tower_type": null, "mobile_phone": null, "operator": null, "waterway": "canal", "natural": null, "lat": 11.8774783, "lon": 105.855531 }, "geometry": { "type": "Point", "coordinates": [ 105.855531, 11.8774783 ] } },
{ "type": "Feature", "properties": { "source_type": "water", "osm_type": "way", "osm_id": 1456152422, "name": null, "man_made": null, "tower_type": null, "mobile_phone": null, "operator": null, "waterway": "canal", "natural": null, "lat": 11.8642222, "lon": 105.8325374 }, "geometry": { "type": "Point", "coordinates": [ 105.8325374, 11.8642222 ] } },
{ "type": "Feature", "properties": { "source_type": "water", "osm_type": "way", "osm_id": 1472766924, "name": null, "man_made": null, "tower_type": null, "mobile_phone": null, "operator": null, "waterway": "stream", "natural": null, "lat": 11.8123905, "lon": 106.6109971 }, "geometry": { "type": "Point", "coordinates": [ 106.6109971, 11.8123905 ] } },
{ "type": "Feature", "properties": { "source_type": "water", "osm_type": "way", "osm_id": 1472766926, "name": null, "man_made": null, "tower_type": null, "mobile_phone": null, "operator": null, "waterway": "stream", "natural": null, "lat": 11.8013509, "lon": 106.6247546 }, "geometry": { "type": "Point", "coordinates": [ 106.6247546, 11.8013509 ] } },
{ "type": "Feature", "properties": { "source_type": "water", "osm_type": "way", "osm_id": 1472766933, "name": null, "man_made": null, "tower_type": null, "mobile_phone": null, "operator": null, "waterway": "stream", "natural": null, "lat": 11.786264, "lon": 106.6274624 }, "geometry": { "type": "Point", "coordinates": [ 106.6274624, 11.786264 ] } },
{ "type": "Feature", "properties": { "source_type": "water", "osm_type": "way", "osm_id": 1474341433, "name": null, "man_made": null, "tower_type": null, "mobile_phone": null, "operator": null, "waterway": "stream", "natural": null, "lat": 12.8376346, "lon": 106.1782305 }, "geometry": { "type": "Point", "coordinates": [ 106.1782305, 12.8376346 ] } },
{ "type": "Feature", "properties": { "source_type": "water", "osm_type": "way", "osm_id": 1479661199, "name": null, "man_made": null, "tower_type": null, "mobile_phone": null, "operator": null, "waterway": null, "natural": "water", "lat": 12.4700094, "lon": 105.8322114 }, "geometry": { "type": "Point", "coordinates": [ 105.8322114, 12.4700094 ] } },
{ "type": "Feature", "properties": { "source_type": "water", "osm_type": "way", "osm_id": 1524310676, "name": null, "man_made": null, "tower_type": null, "mobile_phone": null, "operator": null, "waterway": "canal", "natural": null, "lat": 11.9097918, "lon": 105.9095573 }, "geometry": { "type": "Point", "coordinates": [ 105.9095573, 11.9097918 ] } },
{ "type": "Feature", "properties": { "source_type": "water", "osm_type": "way", "osm_id": 1524310677, "name": null, "man_made": null, "tower_type": null, "mobile_phone": null, "operator": null, "waterway": "canal", "natural": null, "lat": 11.9101171, "lon": 105.9274502 }, "geometry": { "type": "Point", "coordinates": [ 105.9274502, 11.9101171 ] } },
{ "type": "Feature", "properties": { "source_type": "water", "osm_type": "relation", "osm_id": 215354, "name": "Mekong", "man_made": null, "tower_type": null, "mobile_phone": null, "operator": null, "waterway": "river", "natural": null, "lat": 20.7033082, "lon": 101.657376 }, "geometry": { "type": "Point", "coordinates": [ 101.657376, 20.7033082 ] } },
{ "type": "Feature", "properties": { "source_type": "water", "osm_type": "relation", "osm_id": 240154, "name": "Kong River", "man_made": null, "tower_type": null, "mobile_phone": null, "operator": null, "waterway": "river", "natural": null, "lat": 14.7996794, "lon": 106.5281681 }, "geometry": { "type": "Point", "coordinates": [ 106.5281681, 14.7996794 ] } },
{ "type": "Feature", "properties": { "source_type": "water", "osm_type": "relation", "osm_id": 455059, "name": "Srepok River", "man_made": null, "tower_type": null, "mobile_phone": null, "operator": null, "waterway": "river", "natural": null, "lat": 13.0274077, "lon": 107.1277568 }, "geometry": { "type": "Point", "coordinates": [ 107.1277568, 13.0274077 ] } },
{ "type": "Feature", "properties": { "source_type": "water", "osm_type": "relation", "osm_id": 455067, "name": "Tonle San", "man_made": null, "tower_type": null, "mobile_phone": null, "operator": null, "waterway": "river", "natural": null, "lat": 13.9498345, "lon": 106.9143607 }, "geometry": { "type": "Point", "coordinates": [ 106.9143607, 13.9498345 ] } },
{ "type": "Feature", "properties": { "source_type": "water", "osm_type": "relation", "osm_id": 1162492, "name": null, "man_made": null, "tower_type": null, "mobile_phone": null, "operator": null, "waterway": null, "natural": "water", "lat": 14.1078489, "lon": 105.8610955 }, "geometry": { "type": "Point", "coordinates": [ 105.8610955, 14.1078489 ] } },
{ "type": "Feature", "properties": { "source_type": "water", "osm_type": "relation", "osm_id": 2085658, "name": null, "man_made": null, "tower_type": null, "mobile_phone": null, "operator": null, "waterway": null, "natural": "water", "lat": 14.5446792, "lon": 105.8829113 }, "geometry": { "type": "Point", "coordinates": [ 105.8829113, 14.5446792 ] } },
{ "type": "Feature", "properties": { "source_type": "water", "osm_type": "relation", "osm_id": 2085659, "name": "ទន្លេ​មេគង្គ", "man_made": null, "tower_type": null, "mobile_phone": null, "operator": null, "waterway": null, "natural": "water", "lat": 13.6285401, "lon": 105.998833 }, "geometry": { "type": "Point", "coordinates": [ 105.998833, 13.6285401 ] } },
{ "type": "Feature", "properties": { "source_type": "water", "osm_type": "relation", "osm_id": 2085660, "name": "ទន្លេ​មេគង្គ", "man_made": null, "tower_type": null, "mobile_phone": null, "operator": null, "waterway": null, "natural": "water", "lat": 13.1220324, "lon": 105.9699046 }, "geometry": { "type": "Point", "coordinates": [ 105.9699046, 13.1220324 ] } },
{ "type": "Feature", "properties": { "source_type": "water", "osm_type": "relation", "osm_id": 2085661, "name": "ទន្លេកុង", "man_made": null, "tower_type": null, "mobile_phone": null, "operator": null, "waterway": null, "natural": "water", "lat": 13.6462662, "lon": 106.1190623 }, "geometry": { "type": "Point", "coordinates": [ 106.1190623, 13.6462662 ] } },
{ "type": "Feature", "properties": { "source_type": "water", "osm_type": "relation", "osm_id": 2085662, "name": "ទន្លេសាន", "man_made": null, "tower_type": null, "mobile_phone": null, "operator": null, "waterway": null, "natural": "water", "lat": 13.5675516, "lon": 106.1817186 }, "geometry": { "type": "Point", "coordinates": [ 106.1817186, 13.5675516 ] } },
{ "type": "Feature", "properties": { "source_type": "water", "osm_type": "relation", "osm_id": 2085663, "name": "ទន្លេ​មេគង្គ", "man_made": null, "tower_type": null, "mobile_phone": null, "operator": null, "waterway": null, "natural": "water", "lat": 12.3598592, "lon": 105.8464506 }, "geometry": { "type": "Point", "coordinates": [ 105.8464506, 12.3598592 ] } },
{ "type": "Feature", "properties": { "source_type": "water", "osm_type": "relation", "osm_id": 2436144, "name": "Sông Srêpốk", "man_made": null, "tower_type": null, "mobile_phone": null, "operator": null, "waterway": null, "natural": "water", "lat": 12.7540045, "lon": 107.7409619 }, "geometry": { "type": "Point", "coordinates": [ 107.7409619, 12.7540045 ] } },
{ "type": "Feature", "properties": { "source_type": "water", "osm_type": "relation", "osm_id": 3302076, "name": null, "man_made": null, "tower_type": null, "mobile_phone": null, "operator": null, "waterway": null, "natural": "water", "lat": 12.0361826, "lon": 106.4759477 }, "geometry": { "type": "Point", "coordinates": [ 106.4759477, 12.0361826 ] } },
{ "type": "Feature", "properties": { "source_type": "water", "osm_type": "relation", "osm_id": 3366413, "name": null, "man_made": null, "tower_type": null, "mobile_phone": null, "operator": null, "waterway": null, "natural": "water", "lat": 11.796406, "lon": 105.7431775 }, "geometry": { "type": "Point", "coordinates": [ 105.7431775, 11.796406 ] } },
{ "type": "Feature", "properties": { "source_type": "water", "osm_type": "relation", "osm_id": 4116371, "name": "Hồ Đắk R'Tih", "man_made": null, "tower_type": null, "mobile_phone": null, "operator": null, "waterway": null, "natural": "water", "lat": 11.9959652, "lon": 107.6350794 }, "geometry": { "type": "Point", "coordinates": [ 107.6350794, 11.9959652 ] } },
{ "type": "Feature", "properties": { "source_type": "water", "osm_type": "relation", "osm_id": 4117087, "name": "Hồ Đăk Nia", "man_made": null, "tower_type": null, "mobile_phone": null, "operator": null, "waterway": null, "natural": "water", "lat": 11.9781895, "lon": 107.7047968 }, "geometry": { "type": "Point", "coordinates": [ 107.7047968, 11.9781895 ] } },
{ "type": "Feature", "properties": { "source_type": "water", "osm_type": "relation", "osm_id": 5445380, "name": null, "man_made": null, "tower_type": null, "mobile_phone": null, "operator": null, "waterway": null, "natural": "water", "lat": 13.5291935, "lon": 105.9967506 }, "geometry": { "type": "Point", "coordinates": [ 105.9967506, 13.5291935 ] } },
{ "type": "Feature", "properties": { "source_type": "water", "osm_type": "relation", "osm_id": 5830691, "name": null, "man_made": null, "tower_type": null, "mobile_phone": null, "operator": null, "waterway": null, "natural": "water", "lat": 13.5474811, "lon": 106.0272047 }, "geometry": { "type": "Point", "coordinates": [ 106.0272047, 13.5474811 ] } },
{ "type": "Feature", "properties": { "source_type": "water", "osm_type": "relation", "osm_id": 6594516, "name": "ទន្លេ​មេគង្គ", "man_made": null, "tower_type": null, "mobile_phone": null, "operator": null, "waterway": null, "natural": "water", "lat": 13.8583186, "lon": 105.9709453 }, "geometry": { "type": "Point", "coordinates": [ 105.9709453, 13.8583186 ] } },
{ "type": "Feature", "properties": { "source_type": "water", "osm_type": "relation", "osm_id": 6608045, "name": "Hồ Tây", "man_made": null, "tower_type": null, "mobile_phone": null, "operator": null, "waterway": null, "natural": "water", "lat": 12.440905, "lon": 107.6080352 }, "geometry": { "type": "Point", "coordinates": [ 107.6080352, 12.440905 ] } },
{ "type": "Feature", "properties": { "source_type": "water", "osm_type": "relation", "osm_id": 6608101, "name": "Hồ Cầu Tư", "man_made": null, "tower_type": null, "mobile_phone": null, "operator": null, "waterway": null, "natural": "water", "lat": 11.9449167, "lon": 107.5240156 }, "geometry": { "type": "Point", "coordinates": [ 107.5240156, 11.9449167 ] } },
{ "type": "Feature", "properties": { "source_type": "water", "osm_type": "relation", "osm_id": 6612468, "name": "Sa Thay River", "man_made": null, "tower_type": null, "mobile_phone": null, "operator": null, "waterway": "river", "natural": null, "lat": 14.2664548, "lon": 107.559239 }, "geometry": { "type": "Point", "coordinates": [ 107.559239, 14.2664548 ] } },
{ "type": "Feature", "properties": { "source_type": "water", "osm_type": "relation", "osm_id": 6643488, "name": "Hồ Sê San 3A", "man_made": null, "tower_type": null, "mobile_phone": null, "operator": null, "waterway": null, "natural": "water", "lat": 14.164273, "lon": 107.6829841 }, "geometry": { "type": "Point", "coordinates": [ 107.6829841, 14.164273 ] } },
{ "type": "Feature", "properties": { "source_type": "water", "osm_type": "relation", "osm_id": 7070397, "name": "Hồ Sê San 3", "man_made": null, "tower_type": null, "mobile_phone": null, "operator": null, "waterway": null, "natural": "water", "lat": 14.2127578, "lon": 107.7596 }, "geometry": { "type": "Point", "coordinates": [ 107.7596, 14.2127578 ] } },
{ "type": "Feature", "properties": { "source_type": "water", "osm_type": "relation", "osm_id": 7075938, "name": "Sông Ea H'leo", "man_made": null, "tower_type": null, "mobile_phone": null, "operator": null, "waterway": null, "natural": "water", "lat": 13.255448, "lon": 107.7423252 }, "geometry": { "type": "Point", "coordinates": [ 107.7423252, 13.255448 ] } },
{ "type": "Feature", "properties": { "source_type": "water", "osm_type": "relation", "osm_id": 7087029, "name": "Hồ Srok Phu Miêng", "man_made": null, "tower_type": null, "mobile_phone": null, "operator": null, "waterway": null, "natural": "water", "lat": 11.8374934, "lon": 106.7644802 }, "geometry": { "type": "Point", "coordinates": [ 106.7644802, 11.8374934 ] } },
{ "type": "Feature", "properties": { "source_type": "water", "osm_type": "relation", "osm_id": 7088414, "name": "Hồ Cần Đơn", "man_made": null, "tower_type": null, "mobile_phone": null, "operator": null, "waterway": null, "natural": "water", "lat": 11.9650117, "lon": 106.9039753 }, "geometry": { "type": "Point", "coordinates": [ 106.9039753, 11.9650117 ] } },
{ "type": "Feature", "properties": { "source_type": "water", "osm_type": "relation", "osm_id": 8051693, "name": "អាងស្តុកទឹកសេសានក្រោម២", "man_made": null, "tower_type": null, "mobile_phone": null, "operator": null, "waterway": null, "natural": "water", "lat": 13.5270158, "lon": 106.3763262 }, "geometry": { "type": "Point", "coordinates": [ 106.3763262, 13.5270158 ] } },
{ "type": "Feature", "properties": { "source_type": "water", "osm_type": "relation", "osm_id": 8752089, "name": null, "man_made": null, "tower_type": null, "mobile_phone": null, "operator": null, "waterway": null, "natural": "water", "lat": 12.2943698, "lon": 105.9402363 }, "geometry": { "type": "Point", "coordinates": [ 105.9402363, 12.2943698 ] } },
{ "type": "Feature", "properties": { "source_type": "water", "osm_type": "relation", "osm_id": 8896675, "name": null, "man_made": null, "tower_type": null, "mobile_phone": null, "operator": null, "waterway": null, "natural": "water", "lat": 14.5035093, "lon": 106.8514609 }, "geometry": { "type": "Point", "coordinates": [ 106.8514609, 14.5035093 ] } },
{ "type": "Feature", "properties": { "source_type": "water", "osm_type": "relation", "osm_id": 9101263, "name": "Hồ Thác Mơ", "man_made": null, "tower_type": null, "mobile_phone": null, "operator": null, "waterway": null, "natural": "water", "lat": 11.8477137, "lon": 107.1098524 }, "geometry": { "type": "Point", "coordinates": [ 107.1098524, 11.8477137 ] } },
{ "type": "Feature", "properties": { "source_type": "water", "osm_type": "relation", "osm_id": 9593989, "name": null, "man_made": null, "tower_type": null, "mobile_phone": null, "operator": null, "waterway": null, "natural": "water", "lat": 11.8556897, "lon": 107.0114493 }, "geometry": { "type": "Point", "coordinates": [ 107.0114493, 11.8556897 ] } },
{ "type": "Feature", "properties": { "source_type": "water", "osm_type": "relation", "osm_id": 9593990, "name": "Sông Bé", "man_made": null, "tower_type": null, "mobile_phone": null, "operator": null, "waterway": null, "natural": "water", "lat": 11.9100105, "lon": 106.907516 }, "geometry": { "type": "Point", "coordinates": [ 106.907516, 11.9100105 ] } },
{ "type": "Feature", "properties": { "source_type": "water", "osm_type": "relation", "osm_id": 9604590, "name": "Hồ Ia Mơr", "man_made": null, "tower_type": null, "mobile_phone": null, "operator": null, "waterway": null, "natural": "water", "lat": 13.5239025, "lon": 107.7367133 }, "geometry": { "type": "Point", "coordinates": [ 107.7367133, 13.5239025 ] } },
{ "type": "Feature", "properties": { "source_type": "water", "osm_type": "relation", "osm_id": 11322123, "name": "Sông Đồng Nai", "man_made": null, "tower_type": null, "mobile_phone": null, "operator": null, "waterway": "river", "natural": null, "lat": 11.3688816, "lon": 107.574065 }, "geometry": { "type": "Point", "coordinates": [ 107.574065, 11.3688816 ] } },
{ "type": "Feature", "properties": { "source_type": "water", "osm_type": "relation", "osm_id": 11665145, "name": "ទន្លេកុង", "man_made": null, "tower_type": null, "mobile_phone": null, "operator": null, "waterway": null, "natural": "water", "lat": 14.1781379, "lon": 106.3583743 }, "geometry": { "type": "Point", "coordinates": [ 106.3583743, 14.1781379 ] } },
{ "type": "Feature", "properties": { "source_type": "water", "osm_type": "relation", "osm_id": 11665198, "name": "ទន្លេកុង", "man_made": null, "tower_type": null, "mobile_phone": null, "operator": null, "waterway": null, "natural": "water", "lat": 13.826939, "lon": 106.2374483 }, "geometry": { "type": "Point", "coordinates": [ 106.2374483, 13.826939 ] } },
{ "type": "Feature", "properties": { "source_type": "water", "osm_type": "relation", "osm_id": 11937961, "name": "Ea H'leo River", "man_made": null, "tower_type": null, "mobile_phone": null, "operator": null, "waterway": "river", "natural": null, "lat": 13.3055228, "lon": 107.8029927 }, "geometry": { "type": "Point", "coordinates": [ 107.8029927, 13.3055228 ] } },
{ "type": "Feature", "properties": { "source_type": "water", "osm_type": "relation", "osm_id": 11937963, "name": "Sông Ia Lốp", "man_made": null, "tower_type": null, "mobile_phone": null, "operator": null, "waterway": "river", "natural": null, "lat": 13.5188491, "lon": 107.8606041 }, "geometry": { "type": "Point", "coordinates": [ 107.8606041, 13.5188491 ] } },
{ "type": "Feature", "properties": { "source_type": "water", "osm_type": "relation", "osm_id": 12337299, "name": null, "man_made": null, "tower_type": null, "mobile_phone": null, "operator": null, "waterway": null, "natural": "water", "lat": 14.0931521, "lon": 107.1813189 }, "geometry": { "type": "Point", "coordinates": [ 107.1813189, 14.0931521 ] } },
{ "type": "Feature", "properties": { "source_type": "water", "osm_type": "relation", "osm_id": 12337468, "name": null, "man_made": null, "tower_type": null, "mobile_phone": null, "operator": null, "waterway": null, "natural": "water", "lat": 14.1204149, "lon": 107.2162655 }, "geometry": { "type": "Point", "coordinates": [ 107.2162655, 14.1204149 ] } },
{ "type": "Feature", "properties": { "source_type": "water", "osm_type": "relation", "osm_id": 12337810, "name": null, "man_made": null, "tower_type": null, "mobile_phone": null, "operator": null, "waterway": null, "natural": "water", "lat": 14.1788307, "lon": 107.243103 }, "geometry": { "type": "Point", "coordinates": [ 107.243103, 14.1788307 ] } },
{ "type": "Feature", "properties": { "source_type": "water", "osm_type": "relation", "osm_id": 12337973, "name": null, "man_made": null, "tower_type": null, "mobile_phone": null, "operator": null, "waterway": null, "natural": "water", "lat": 14.2130016, "lon": 107.2445212 }, "geometry": { "type": "Point", "coordinates": [ 107.2445212, 14.2130016 ] } },
{ "type": "Feature", "properties": { "source_type": "water", "osm_type": "relation", "osm_id": 12347248, "name": null, "man_made": null, "tower_type": null, "mobile_phone": null, "operator": null, "waterway": null, "natural": "water", "lat": 14.3327689, "lon": 107.2561845 }, "geometry": { "type": "Point", "coordinates": [ 107.2561845, 14.3327689 ] } },
{ "type": "Feature", "properties": { "source_type": "water", "osm_type": "relation", "osm_id": 12489095, "name": "ទន្លេ​មេគង្គ", "man_made": null, "tower_type": null, "mobile_phone": null, "operator": null, "waterway": null, "natural": "water", "lat": 12.6874093, "lon": 105.9975234 }, "geometry": { "type": "Point", "coordinates": [ 105.9975234, 12.6874093 ] } },
{ "type": "Feature", "properties": { "source_type": "water", "osm_type": "relation", "osm_id": 12489335, "name": "ទន្លេ​មេគង្គ", "man_made": null, "tower_type": null, "mobile_phone": null, "operator": null, "waterway": null, "natural": "water", "lat": 12.5975494, "lon": 106.0046889 }, "geometry": { "type": "Point", "coordinates": [ 106.0046889, 12.5975494 ] } },
{ "type": "Feature", "properties": { "source_type": "water", "osm_type": "relation", "osm_id": 12490321, "name": "ទន្លេ​មេគង្គ", "man_made": null, "tower_type": null, "mobile_phone": null, "operator": null, "waterway": null, "natural": "water", "lat": 12.5084713, "lon": 106.0012436 }, "geometry": { "type": "Point", "coordinates": [ 106.0012436, 12.5084713 ] } },
{ "type": "Feature", "properties": { "source_type": "water", "osm_type": "relation", "osm_id": 12513835, "name": "ទន្លេ​មេគង្គ", "man_made": null, "tower_type": null, "mobile_phone": null, "operator": null, "waterway": null, "natural": "water", "lat": 13.7612782, "lon": 105.9826425 }, "geometry": { "type": "Point", "coordinates": [ 105.9826425, 13.7612782 ] } },
{ "type": "Feature", "properties": { "source_type": "water", "osm_type": "relation", "osm_id": 12550594, "name": "Sông Bé", "man_made": null, "tower_type": null, "mobile_phone": null, "operator": null, "waterway": "river", "natural": null, "lat": 11.5473804, "lon": 106.8729536 }, "geometry": { "type": "Point", "coordinates": [ 106.8729536, 11.5473804 ] } },
{ "type": "Feature", "properties": { "source_type": "water", "osm_type": "relation", "osm_id": 12721243, "name": "PREK LIANG", "man_made": null, "tower_type": null, "mobile_phone": null, "operator": null, "waterway": "river", "natural": null, "lat": 14.2342844, "lon": 107.2440661 }, "geometry": { "type": "Point", "coordinates": [ 107.2440661, 14.2342844 ] } },
{ "type": "Feature", "properties": { "source_type": "water", "osm_type": "relation", "osm_id": 13114587, "name": "Ia Drang River", "man_made": null, "tower_type": null, "mobile_phone": null, "operator": null, "waterway": "river", "natural": null, "lat": 13.5681741, "lon": 107.6455481 }, "geometry": { "type": "Point", "coordinates": [ 107.6455481, 13.5681741 ] } },
{ "type": "Feature", "properties": { "source_type": "water", "osm_type": "relation", "osm_id": 13114588, "name": "ទន្លេសាន", "man_made": null, "tower_type": null, "mobile_phone": null, "operator": null, "waterway": null, "natural": "water", "lat": 13.8333192, "lon": 107.3669273 }, "geometry": { "type": "Point", "coordinates": [ 107.3669273, 13.8333192 ] } },
{ "type": "Feature", "properties": { "source_type": "water", "osm_type": "relation", "osm_id": 13114589, "name": null, "man_made": null, "tower_type": null, "mobile_phone": null, "operator": null, "waterway": null, "natural": "water", "lat": 13.8542674, "lon": 107.4531173 }, "geometry": { "type": "Point", "coordinates": [ 107.4531173, 13.8542674 ] } },
{ "type": "Feature", "properties": { "source_type": "water", "osm_type": "relation", "osm_id": 13489085, "name": "Sông Đồng Nai", "man_made": null, "tower_type": null, "mobile_phone": null, "operator": null, "waterway": null, "natural": "water", "lat": 11.6147859, "lon": 107.4095401 }, "geometry": { "type": "Point", "coordinates": [ 107.4095401, 11.6147859 ] } },
{ "type": "Feature", "properties": { "source_type": "water", "osm_type": "relation", "osm_id": 13494368, "name": "Sông Bé", "man_made": null, "tower_type": null, "mobile_phone": null, "operator": null, "waterway": null, "natural": "water", "lat": 11.654623, "lon": 106.761954 }, "geometry": { "type": "Point", "coordinates": [ 106.761954, 11.654623 ] } },
{ "type": "Feature", "properties": { "source_type": "water", "osm_type": "relation", "osm_id": 13850906, "name": "ទន្លេស្រែពក", "man_made": null, "tower_type": null, "mobile_phone": null, "operator": null, "waterway": null, "natural": "water", "lat": 13.4880741, "lon": 106.9408173 }, "geometry": { "type": "Point", "coordinates": [ 106.9408173, 13.4880741 ] } },
{ "type": "Feature", "properties": { "source_type": "water", "osm_type": "relation", "osm_id": 13850971, "name": "ទន្លេស្រែពក", "man_made": null, "tower_type": null, "mobile_phone": null, "operator": null, "waterway": null, "natural": "water", "lat": 13.4869119, "lon": 106.581426 }, "geometry": { "type": "Point", "coordinates": [ 106.581426, 13.4869119 ] } },
{ "type": "Feature", "properties": { "source_type": "water", "osm_type": "relation", "osm_id": 13851120, "name": "ទន្លេស្រែពក", "man_made": null, "tower_type": null, "mobile_phone": null, "operator": null, "waterway": null, "natural": "water", "lat": 13.346798, "lon": 107.2594835 }, "geometry": { "type": "Point", "coordinates": [ 107.2594835, 13.346798 ] } },
{ "type": "Feature", "properties": { "source_type": "water", "osm_type": "relation", "osm_id": 13872338, "name": "ទន្លេស្រែពក", "man_made": null, "tower_type": null, "mobile_phone": null, "operator": null, "waterway": null, "natural": "water", "lat": 13.4681627, "lon": 106.8887788 }, "geometry": { "type": "Point", "coordinates": [ 106.8887788, 13.4681627 ] } },
{ "type": "Feature", "properties": { "source_type": "water", "osm_type": "relation", "osm_id": 13872339, "name": "ទន្លេស្រែពក", "man_made": null, "tower_type": null, "mobile_phone": null, "operator": null, "waterway": null, "natural": "water", "lat": 13.4451168, "lon": 106.9968099 }, "geometry": { "type": "Point", "coordinates": [ 106.9968099, 13.4451168 ] } },
{ "type": "Feature", "properties": { "source_type": "water", "osm_type": "relation", "osm_id": 13872361, "name": "ទន្លេស្រែពក", "man_made": null, "tower_type": null, "mobile_phone": null, "operator": null, "waterway": null, "natural": "water", "lat": 13.3168298, "lon": 107.2893825 }, "geometry": { "type": "Point", "coordinates": [ 107.2893825, 13.3168298 ] } },
{ "type": "Feature", "properties": { "source_type": "water", "osm_type": "relation", "osm_id": 13872391, "name": "ទន្លេស្រែពក", "man_made": null, "tower_type": null, "mobile_phone": null, "operator": null, "waterway": null, "natural": "water", "lat": 13.3722504, "lon": 107.0464012 }, "geometry": { "type": "Point", "coordinates": [ 107.0464012, 13.3722504 ] } },
{ "type": "Feature", "properties": { "source_type": "water", "osm_type": "relation", "osm_id": 13872412, "name": "ទន្លេស្រែពក", "man_made": null, "tower_type": null, "mobile_phone": null, "operator": null, "waterway": null, "natural": "water", "lat": 13.466474, "lon": 106.7434892 }, "geometry": { "type": "Point", "coordinates": [ 106.7434892, 13.466474 ] } },
{ "type": "Feature", "properties": { "source_type": "water", "osm_type": "relation", "osm_id": 13872426, "name": "ទន្លេស្រែពក", "man_made": null, "tower_type": null, "mobile_phone": null, "operator": null, "waterway": null, "natural": "water", "lat": 13.3202585, "lon": 107.0990784 }, "geometry": { "type": "Point", "coordinates": [ 107.0990784, 13.3202585 ] } },
{ "type": "Feature", "properties": { "source_type": "water", "osm_type": "relation", "osm_id": 13872513, "name": "ទន្លេស្រែពក", "man_made": null, "tower_type": null, "mobile_phone": null, "operator": null, "waterway": null, "natural": "water", "lat": 13.322868, "lon": 107.1421383 }, "geometry": { "type": "Point", "coordinates": [ 107.1421383, 13.322868 ] } },
{ "type": "Feature", "properties": { "source_type": "water", "osm_type": "relation", "osm_id": 13872520, "name": null, "man_made": null, "tower_type": null, "mobile_phone": null, "operator": null, "waterway": null, "natural": "water", "lat": 14.5173929, "lon": 106.4427299 }, "geometry": { "type": "Point", "coordinates": [ 106.4427299, 14.5173929 ] } },
{ "type": "Feature", "properties": { "source_type": "water", "osm_type": "relation", "osm_id": 13872566, "name": "ទន្លេស្រែពក", "man_made": null, "tower_type": null, "mobile_phone": null, "operator": null, "waterway": null, "natural": "water", "lat": 13.2790271, "lon": 107.3563667 }, "geometry": { "type": "Point", "coordinates": [ 107.3563667, 13.2790271 ] } },
{ "type": "Feature", "properties": { "source_type": "water", "osm_type": "relation", "osm_id": 13872590, "name": "ទន្លេស្រែពក", "man_made": null, "tower_type": null, "mobile_phone": null, "operator": null, "waterway": null, "natural": "water", "lat": 13.4523547, "lon": 106.6401099 }, "geometry": { "type": "Point", "coordinates": [ 106.6401099, 13.4523547 ] } },
{ "type": "Feature", "properties": { "source_type": "water", "osm_type": "relation", "osm_id": 13872947, "name": "ទន្លេស្រែពក", "man_made": null, "tower_type": null, "mobile_phone": null, "operator": null, "waterway": null, "natural": "water", "lat": 13.3117661, "lon": 107.3157969 }, "geometry": { "type": "Point", "coordinates": [ 107.3157969, 13.3117661 ] } },
{ "type": "Feature", "properties": { "source_type": "water", "osm_type": "relation", "osm_id": 13873137, "name": "ទន្លេស្រែពក", "man_made": null, "tower_type": null, "mobile_phone": null, "operator": null, "waterway": null, "natural": "water", "lat": 13.1955476, "lon": 107.3760519 }, "geometry": { "type": "Point", "coordinates": [ 107.3760519, 13.1955476 ] } },
{ "type": "Feature", "properties": { "source_type": "water", "osm_type": "relation", "osm_id": 13873404, "name": null, "man_made": null, "tower_type": null, "mobile_phone": null, "operator": null, "waterway": null, "natural": "water", "lat": 13.2256495, "lon": 107.372308 }, "geometry": { "type": "Point", "coordinates": [ 107.372308, 13.2256495 ] } },
{ "type": "Feature", "properties": { "source_type": "water", "osm_type": "relation", "osm_id": 13880298, "name": "ទន្លេស្រែពក", "man_made": null, "tower_type": null, "mobile_phone": null, "operator": null, "waterway": null, "natural": "water", "lat": 13.0467392, "lon": 107.4520731 }, "geometry": { "type": "Point", "coordinates": [ 107.4520731, 13.0467392 ] } },
{ "type": "Feature", "properties": { "source_type": "water", "osm_type": "relation", "osm_id": 13880299, "name": null, "man_made": null, "tower_type": null, "mobile_phone": null, "operator": null, "waterway": null, "natural": "water", "lat": 13.0664433, "lon": 107.4125672 }, "geometry": { "type": "Point", "coordinates": [ 107.4125672, 13.0664433 ] } },
{ "type": "Feature", "properties": { "source_type": "water", "osm_type": "relation", "osm_id": 13880314, "name": "ទន្លេស្រែពក", "man_made": null, "tower_type": null, "mobile_phone": null, "operator": null, "waterway": null, "natural": "water", "lat": 13.1153228, "lon": 107.4032804 }, "geometry": { "type": "Point", "coordinates": [ 107.4032804, 13.1153228 ] } },
{ "type": "Feature", "properties": { "source_type": "water", "osm_type": "relation", "osm_id": 13880315, "name": null, "man_made": null, "tower_type": null, "mobile_phone": null, "operator": null, "waterway": null, "natural": "water", "lat": 13.1356037, "lon": 107.3978121 }, "geometry": { "type": "Point", "coordinates": [ 107.3978121, 13.1356037 ] } },
{ "type": "Feature", "properties": { "source_type": "water", "osm_type": "relation", "osm_id": 13880342, "name": "ទន្លេស្រែពក", "man_made": null, "tower_type": null, "mobile_phone": null, "operator": null, "waterway": null, "natural": "water", "lat": 13.5215072, "lon": 106.4786517 }, "geometry": { "type": "Point", "coordinates": [ 106.4786517, 13.5215072 ] } },
{ "type": "Feature", "properties": { "source_type": "water", "osm_type": "relation", "osm_id": 14660341, "name": "Hồ Đồng Nai 4", "man_made": null, "tower_type": null, "mobile_phone": null, "operator": null, "waterway": null, "natural": "water", "lat": 11.8653278, "lon": 107.7966167 }, "geometry": { "type": "Point", "coordinates": [ 107.7966167, 11.8653278 ] } },
{ "type": "Feature", "properties": { "source_type": "water", "osm_type": "relation", "osm_id": 16291353, "name": null, "man_made": null, "tower_type": null, "mobile_phone": null, "operator": null, "waterway": null, "natural": "water", "lat": 11.8765516, "lon": 107.4529067 }, "geometry": { "type": "Point", "coordinates": [ 107.4529067, 11.8765516 ] } },
{ "type": "Feature", "properties": { "source_type": "water", "osm_type": "relation", "osm_id": 16296367, "name": "Hồ Đồng Nai 5", "man_made": null, "tower_type": null, "mobile_phone": null, "operator": null, "waterway": null, "natural": "water", "lat": 11.8392428, "lon": 107.6074761 }, "geometry": { "type": "Point", "coordinates": [ 107.6074761, 11.8392428 ] } },
{ "type": "Feature", "properties": { "source_type": "water", "osm_type": "relation", "osm_id": 17286814, "name": "Sông Đồng Nai", "man_made": null, "tower_type": null, "mobile_phone": null, "operator": null, "waterway": null, "natural": "water", "lat": 11.8974528, "lon": 107.7748642 }, "geometry": { "type": "Point", "coordinates": [ 107.7748642, 11.8974528 ] } },
{ "type": "Feature", "properties": { "source_type": "water", "osm_type": "relation", "osm_id": 17335135, "name": "Hồ Sê San 4", "man_made": null, "tower_type": null, "mobile_phone": null, "operator": null, "waterway": null, "natural": "water", "lat": 14.0162001, "lon": 107.5660158 }, "geometry": { "type": "Point", "coordinates": [ 107.5660158, 14.0162001 ] } },
{ "type": "Feature", "properties": { "source_type": "water", "osm_type": "relation", "osm_id": 17475433, "name": null, "man_made": null, "tower_type": null, "mobile_phone": null, "operator": null, "waterway": null, "natural": "water", "lat": 13.9811619, "lon": 105.9734501 }, "geometry": { "type": "Point", "coordinates": [ 105.9734501, 13.9811619 ] } },
{ "type": "Feature", "properties": { "source_type": "water", "osm_type": "relation", "osm_id": 17784307, "name": null, "man_made": null, "tower_type": null, "mobile_phone": null, "operator": null, "waterway": null, "natural": "water", "lat": 14.1235358, "lon": 105.6469651 }, "geometry": { "type": "Point", "coordinates": [ 105.6469651, 14.1235358 ] } },
{ "type": "Feature", "properties": { "source_type": "water", "osm_type": "relation", "osm_id": 17835127, "name": "Sông Ia Grai", "man_made": null, "tower_type": null, "mobile_phone": null, "operator": null, "waterway": "river", "natural": null, "lat": 14.0500917, "lon": 107.7032239 }, "geometry": { "type": "Point", "coordinates": [ 107.7032239, 14.0500917 ] } }
]
}
